Crash Id,Calendar Year,FDOT Crash Number,Reporting Agency Case Number,Reporting Agency Type,FDOT Managing District,County Name,Crash Date,Crash Time,Day,DHSMV City,Crash Report City Code,In Town,On Roadway Name,Int Roadway Name,Reference Distance (Miles),Reference Direction,Officer Latitude,Officer Longitude,FDOT Latitude,FDOT Longitude,FDOT Roadway,Nearest Inventory MP,Nearest Node From Crash,State Road #,US Highway,Crash Side of Road,Accident Lane Number,Travel Direction Vehicle 1,FDOT Road Category,DHSMV Road System Id,Relation to Junction,Crash Harmful Event Location,Intersection Type,Shoulder Type,FDOT Roadway SKID Test Result,FDOT Roadway SKID Test Date,Functional Class,RCI Surface Width,RCI Shoulder Type First,RCI Shoulder Width First,RCI Shoulder Type Second,RCI Shoulder Width Second,RCI Shoulder Type Third,RCI Shoulder Width Third,RCI Median Width,Avg Daily Traffic,AADT Source,RCI Avg Per Truck Traffic,RCI Horiz Curve Condition,Posted Speed Limit,Highest Injury in Crash,CAR Status Code,Alcohols/Drug Involved,Site Location,Lighting,Weather,Road Surface,Roadway Grade,Roadway Alignment,Traffic Way Vehicle 1,Traffic Way Vehicle 2,Traffic Control Vehicle 1,Traffic Control Vehicle 2,Count of Lanes,Road Condition 1,Road Condition 2,Road Condition 3,Environment Condition 1,Environment Condition 2,Environment Condition 3,Crash Harmful Event,Manner of Collision,Vehicle Movement,Driver Action Vehicle 1,Driver Action Vehicle 2,Location Within Workzone,Type of Workzone,Workers Present in Workzone,Law Enforcement Present in Workzone,School Bus Related,Count of Nonfatal Injuries,Count of Traffic Fatalities,Count of Serious Injuries,Count of Pedestrians,Count of Drivers,Count of Bicyclists,Count of Vehicles,Count of Persons,Wrong Way,Workzone Inv,Commercial Vehicle Inv,Intersection Inv,Lane Departure,Speeding,Agressive Driving,Impaired Driver,Impaired Pedestrian,Impaired Bicyclist,Distracted Driver,Speeding or Aggressive Driving,Pedestrian Related,Bicyclist Related,Pedestrian or Bicyclist Related,Motorcycle Inv,No Belt,No Belt - Ages 1-4,No Belt - Ages 5-12,No Belt - Ages 13-17,Driver - Ages Teen,Driver - Ages 65 plus,Driver - Ages 65-69,Driver - Ages 70-74,Driver - Ages 75-79,Driver - Ages 80 plus,ARBM Latitude,ARBM Longitude,UTM Zone 17N X,UTM Zone 17N Y,ARBM Side of Road,Urban Rural Indicator,GIS Street Source,Extract Date,OBJECTID,x,y
2.01283E+12,2012,828865740,FHPL12OFF022577,FLORIDA HIGHWAY PATROL,04 FOURTH,BROWARD,13-Apr-12,342,SATURDAY,8638 FT. LAUDERDALE,1038,Y,I 95,SR 838,0.5,S,26.1294469,-80.1693111,26.1289546,-80.1691589,86070000,10.782,5182,SR 9,I 95,M MEDIAN,M MIDDLE,N NORTH,01 INTERSTATE URBAN,01 INTERSTATE,01 NON-JUNCTION,04 MEDIAN,01 NOT AT INTERSECTION,01 PAVED,41,2-Dec-08,11 URBAN PRIN ART INT.,64,PAVED WARN,8,VALLEY GUTR,3,,0,44,294000,RCI,5.3,,65,1 NO INJURY,31 Q/C COMPLETED - LOC VERIFIED,0 NO,06 BRIDGE,04 DARK-LIGHTED,02 CLOUDY,02 WET,01 LEVEL,1 STRAIGHT,"TWO-WAY, DIVIDED, POSITIVE MED","TWO-WAY, DIVIDED, POSITIVE MED",NO CONTROLS,NO CONTROLS,10,NONE,NOT CODED,NOT CODED,NONE,NOT CODED,NOT CODED,30 CONCRETE TRAFFIC BARRIER,03 ANGLE,06 CHANGING LANES,OPERATED MV IN CARLESS OR NEGL,NOT CODED,00 NOT CODED,00 NOT CODED,00 NOT CODED,00 NOT CODED,01 NO,0,0,0,0,1,0,2,1,N,N,N,N,Y,N,N,N,N,N,N,N,N,N,N,N,N,N,N,N,N,N,N,N,N,N,26.12891906,-80.16918805,583056.5539,2890226.143,R,,ARBM15Q1R2,26-Feb-22,15381,-8924393.49,3015057.494
2.01284E+12,2012,836397440,12143285,CITY POLICE DEPARTMENT,04 FOURTH,BROWARD,19-Dec-12,958,THURSDAY,8638 FT. LAUDERDALE,1038,Y,DAVIE BLVD,15TH AVE SW,0.019,E,0,0,26.1071665,-80.1609727,86210000,2.526,372,SR 736,,L LEFT,2 THRU LANE 2,W WEST,21 URBAN 4-5LN 2WY DIVD PAVD,03 STATE,01 NON-JUNCTION,01 ON ROADWAY,01 NOT AT INTERSECTION,03 CURB,36,11-Jan-12,16 URBAN MINOR ART,24,CURB&GUTTER,2,,0,,0,13,37000,RCI,3.1,,40,2 POSSIBLE INJURY,31 Q/C COMPLETED - LOC VERIFIED,0 NO,03 INFLUENCED BY INTERSECTION,01 DAYLIGHT,01 CLEAR,01 DRY,01 LEVEL,1 STRAIGHT,"TWO-WAY, DIVIDED, UNPROTECTED","TWO-WAY, DIVIDED, UNPROTECTED",NO CONTROLS,NO CONTROLS,4,NONE,NOT CODED,NOT CODED,NONE,NOT CODED,NOT CODED,14 MOTOR VEHICLE IN TRANSPORT,01 FRONT TO REAR,01 STRAIGHT AHEAD,OPERATED MV IN CARLESS OR NEGL,NO CONTRIBUTING ACTION,00 NOT CODED,00 NOT CODED,00 NOT CODED,00 NOT CODED,01 NO,1,0,0,0,2,0,2,2,N,N,N,Y,N,N,N,N,N,N,N,N,N,N,N,N,N,N,N,N,N,N,N,N,N,N,26.10718621,-80.16096985,583893.6845,2887824.442,C,,ARBM15Q1R2,26-Feb-22,15388,-8923478.643,3012363.074
2.01283E+12,2012,831521600,FHPL12OFF032661,FLORIDA HIGHWAY PATROL,04 FOURTH,BROWARD,29-May-12,1015,WEDNESDAY,8638 FT. LAUDERDALE,1038,N,SR 9,OAKLAND PARK BLVD,0.095,S,26.16611,-80.15724,26.1641058,-80.1610271,86070000,13.315,1534,SR 9,I 95,L LEFT,5 THRU LANE 5,S SOUTH,01 INTERSTATE URBAN,01 INTERSTATE,01 NON-JUNCTION,01 ON ROADWAY,01 NOT AT INTERSECTION,01 PAVED,36,2-Dec-08,11 URBAN PRIN ART INT.,64,PAVED WARN,8,VALLEY GUTR,3,,0,27,262000,RCI,6.8,,65,1 NO INJURY,31 Q/C COMPLETED - LOC VERIFIED,0 NO,01 NOT AT INTERSECTION/RRX/BRIDGE,01 DAYLIGHT,01 CLEAR,01 DRY,04 DOWNHILL,1 STRAIGHT,"TWO-WAY, DIVIDED, POSITIVE MED","TWO-WAY, DIVIDED, POSITIVE MED",OTHER (SEE NARRATIVE),OTHER (SEE NARRATIVE),10,NONE,NOT CODED,NOT CODED,NONE,NOT CODED,NOT CODED,14 MOTOR VEHICLE IN TRANSPORT,"04 SIDESWIPE, SAME DIRECTION",01 STRAIGHT AHEAD,OTHER CONTRIBUTING ACTION,OTHER CONTRIBUTING ACTION,00 NOT CODED,00 NOT CODED,00 NOT CODED,00 NOT CODED,01 NO,0,0,0,0,2,0,2,3,N,N,Y,N,Y,N,N,N,N,N,N,N,N,N,N,N,N,N,N,N,N,N,N,N,N,N,26.16405715,-80.16135629,583814.4287,2894122.824,L,,ARBM15Q1R2,26-Feb-22,15397,-8923521.662,3019414.947
2.01283E+12,2012,828656610,FHPL12OFF007507,FLORIDA HIGHWAY PATROL,04 FOURTH,BROWARD,6-Feb-12,953,TUESDAY,8638 FT. LAUDERDALE,1038,N,SR 9,SR 736,0.25,N,26.112095,-80.16834,26.1104342,-80.1685146,86070000,9.505,5460,SR 9,I 95,R RIGHT,5 THRU LANE 5,N NORTH,01 INTERSTATE URBAN,01 INTERSTATE,01 NON-JUNCTION,01 ON ROADWAY,01 NOT AT INTERSECTION,01 PAVED,41,2-Dec-08,11 URBAN PRIN ART INT.,52,PAVED WARN,10,LAWN,12,,0,18,287000,RCI,6.8,,65,3 NO-INCAPACITATING INJURY,31 Q/C COMPLETED - LOC VERIFIED,0 NO,01 NOT AT INTERSECTION/RRX/BRIDGE,01 DAYLIGHT,02 CLOUDY,01 DRY,01 LEVEL,1 STRAIGHT,"TWO-WAY, DIVIDED, POSITIVE MED","TWO-WAY, DIVIDED, POSITIVE MED",NO CONTROLS,NO CONTROLS,8,NONE,NOT CODED,NOT CODED,NONE,NOT CODED,NOT CODED,14 MOTOR VEHICLE IN TRANSPORT,01 FRONT TO REAR,01 STRAIGHT AHEAD,FOLLOWED TOO CLOSELY,FOLLOWED TOO CLOSELY,00 NOT CODED,00 NOT CODED,00 NOT CODED,00 NOT CODED,01 NO,1,0,0,0,3,0,3,5,N,N,N,N,N,N,N,N,N,N,N,N,N,N,N,N,N,N,N,N,Y,N,N,N,N,N,26.1103968,-80.16850853,583137.5962,2888175.187,R,,ARBM15Q1R2,26-Feb-22,15400,-8924317.846,3012761.089
2.01283E+12,2012,828683260,FHPL12OFF007339,FLORIDA HIGHWAY PATROL,04 FOURTH,BROWARD,5-Feb-12,1415,MONDAY,8638 FT. LAUDERDALE,1038,Y,SR 9,SUNRISE BLVD,0.25,N,26.1470483,-80.169685,26.1402375,-80.1693279,86070000,11.559,1890,SR 9,I 95,L LEFT,2 THRU LANE 2,S SOUTH,01 INTERSTATE URBAN,01 INTERSTATE,18 THROUGH ROADWAY,01 ON ROADWAY,01 NOT AT INTERSECTION,01 PAVED,36,2-Dec-08,11 URBAN PRIN ART INT.,64,PAVED WARN,10,LAWN,12,,0,27,262000,RCI,6.8,,65,2 POSSIBLE INJURY,31 Q/C COMPLETED - LOC VERIFIED,0 NO,01 NOT AT INTERSECTION/RRX/BRIDGE,01 DAYLIGHT,01 CLEAR,01 DRY,01 LEVEL,1 STRAIGHT,"TWO-WAY, DIVIDED, POSITIVE MED","TWO-WAY, DIVIDED, POSITIVE MED",NO CONTROLS,NO CONTROLS,10,NONE,NOT CODED,NOT CODED,NONE,NOT CODED,NOT CODED,14 MOTOR VEHICLE IN TRANSPORT,"04 SIDESWIPE, SAME DIRECTION",01 STRAIGHT AHEAD,NO CONTRIBUTING ACTION,NO CONTRIBUTING ACTION,00 NOT CODED,00 NOT CODED,00 NOT CODED,00 NOT CODED,01 NO,1,0,0,0,2,0,2,3,N,N,N,N,Y,N,N,N,N,N,N,N,N,N,N,N,N,N,N,N,N,N,N,N,N,N,26.14017326,-80.16957044,583010.3663,2891472.334,L,,ARBM15Q1R2,26-Feb-22,15403,-8924436.058,3016452.978
2.01283E+12,2012,828739060,FHPL12OFF046031,FLORIDA HIGHWAY PATROL,04 FOURTH,BROWARD,27-Jul-12,1723,SATURDAY,8638 FT. LAUDERDALE,1038,Y,SR 9,CYPRESS CREEK RD,0.25,S,26.1984166,-80.1495683,26.2003523,-80.1472041,86070000,15.997,2030,SR 9,I 95,L LEFT,3 THRU LANE 3,S SOUTH,01 INTERSTATE URBAN,01 INTERSTATE,18 THROUGH ROADWAY,01 ON ROADWAY,01 NOT AT INTERSECTION,01 PAVED,31,2-Dec-08,11 URBAN PRIN ART INT.,52,PAVED WARN,15,LAWN,12,,0,27,239000,RCI,6.4,,65,1 NO INJURY,31 Q/C COMPLETED - LOC VERIFIED,0 NO,01 NOT AT INTERSECTION/RRX/BRIDGE,01 DAYLIGHT,01 CLEAR,01 DRY,01 LEVEL,1 STRAIGHT,ONE-WAY TRAFFICWAY,ONE-WAY TRAFFICWAY,NO CONTROLS,NO CONTROLS,8,NONE,NOT CODED,NOT CODED,NONE,NOT CODED,NOT CODED,14 MOTOR VEHICLE IN TRANSPORT,"04 SIDESWIPE, SAME DIRECTION",06 CHANGING LANES,NO CONTRIBUTING ACTION,NO CONTRIBUTING ACTION,00 NOT CODED,00 NOT CODED,00 NOT CODED,00 NOT CODED,01 NO,0,0,0,0,2,0,2,6,N,N,N,N,Y,N,N,N,N,N,N,N,N,N,N,N,N,N,N,N,N,N,N,N,N,N,26.20033939,-80.14754399,585168.5172,2898150.212,L,,ARBM15Q1R2,26-Feb-22,15405,-8921984.083,3023915.663
2.01283E+12,2012,829124180,FHPL12OFF037610,FLORIDA HIGHWAY PATROL,04 FOURTH,BROWARD,20-Jun-12,1700,THURSDAY,8638 FT. LAUDERDALE,1038,Y,I 95,SR 862,0.028,N,26.0821866,-80.1688999,26.0826466,-80.1685286,86070000,7.59,6128,SR 9,I 95,L LEFT,3 THRU LANE 3,S SOUTH,01 INTERSTATE URBAN,01 INTERSTATE,01 NON-JUNCTION,01 ON ROADWAY,01 NOT AT INTERSECTION,01 PAVED,36,2-Dec-08,11 URBAN PRIN ART INT.,52,PAVED WARN,10,LAWN,12,,0,35,299000,RCI,6.8,0D12,65,3 NO-INCAPACITATING INJURY,31 Q/C COMPLETED - LOC VERIFIED,0 NO,01 NOT AT INTERSECTION/RRX/BRIDGE,01 DAYLIGHT,02 CLOUDY,02 WET,01 LEVEL,1 STRAIGHT,"TWO-WAY, DIVIDED, POSITIVE MED","TWO-WAY, DIVIDED, POSITIVE MED",NO CONTROLS,NO CONTROLS,8,"RD SURFC (WET, ICY, SNOW, ETC)",NOT CODED,NOT CODED,NONE,NOT CODED,NOT CODED,14 MOTOR VEHICLE IN TRANSPORT,01 FRONT TO REAR,01 STRAIGHT AHEAD,OPERATED MV IN CARLESS OR NEGL,NO CONTRIBUTING ACTION,00 NOT CODED,00 NOT CODED,00 NOT CODED,00 NOT CODED,01 NO,1,0,0,0,2,0,2,2,N,N,Y,N,N,N,N,N,N,N,N,N,N,N,N,N,N,N,N,N,N,N,N,N,N,N,26.08258523,-80.16880732,583127.3775,2885094.8,L,,ARBM15Q1R2,26-Feb-22,15412,-8924351.107,3009313.67
2.01283E+12,2012,828731960,FHPL12OFF016236,FLORIDA HIGHWAY PATROL,04 FOURTH,BROWARD,16-Mar-12,327,SATURDAY,8638 FT. LAUDERDALE,1038,Y,SR 9,SR 842,1,S,26.0818599,-80.16852,26.1069502,-80.168537,86070000,9.265,1882,SR 9,I 95,M MEDIAN,M MIDDLE,N NORTH,01 INTERSTATE URBAN,01 INTERSTATE,18 THROUGH ROADWAY,01 ON ROADWAY,01 NOT AT INTERSECTION,01 PAVED,41,2-Dec-08,11 URBAN PRIN ART INT.,52,PAVED WARN,19,LAWN,12,,0,35,287000,RCI,6.8,0D4500,65,1 NO INJURY,31 Q/C COMPLETED - LOC VERIFIED,0 NO,01 NOT AT INTERSECTION/RRX/BRIDGE,04 DARK-LIGHTED,02 CLOUDY,01 DRY,01 LEVEL,1 STRAIGHT,"TWO-WAY, DIVIDED, POSITIVE MED",,NO CONTROLS,NOT CODED,8,NONE,NOT CODED,NOT CODED,NONE,NOT CODED,NOT CODED,09 OTHER NON-COLLISION,77 OTHER (SEE NARRATIVE),01 STRAIGHT AHEAD,NO CONTRIBUTING ACTION,NOT CODED,00 NOT CODED,00 NOT CODED,00 NOT CODED,00 NOT CODED,01 NO,0,0,0,0,1,0,1,1,N,N,N,N,Y,N,N,N,N,N,N,N,N,N,N,N,N,N,N,N,Y,N,N,N,N,N,26.10691274,-80.16852312,583138.6015,2887789.309,R,,ARBM15Q1R2,26-Feb-22,15435,-8924319.47,3012329.173
2.01283E+12,2012,828722990,FHPL12OFF018916,FLORIDA HIGHWAY PATROL,04 FOURTH,BROWARD,28-Mar-12,211,THURSDAY,8638 FT. LAUDERDALE,1038,N,SR 9,SR 870,0,,26.1909766,-80.1519533,26.1912083,-80.1516216,86070000,15.292,5201,SR 9,I 95,L LEFT,4 THRU LANE 4,N NORTH,01 INTERSTATE URBAN,01 INTERSTATE,01 NON-JUNCTION,01 ON ROADWAY,01 NOT AT INTERSECTION,01 PAVED,31,2-Dec-08,11 URBAN PRIN ART INT.,52,PAVED WARN,12,LAWN,12,,0,27,239000,RCI,6.4,0D4500,65,1 NO INJURY,31 Q/C COMPLETED - LOC VERIFIED,0 NO,02 AT INTERSECTION,04 DARK-LIGHTED,01 CLEAR,01 DRY,01 LEVEL,1 STRAIGHT,"TWO-WAY, DIVIDED, POSITIVE MED","TWO-WAY, DIVIDED, POSITIVE MED",NO CONTROLS,NO CONTROLS,8,NONE,NOT CODED,NOT CODED,NONE,NOT CODED,NOT CODED,14 MOTOR VEHICLE IN TRANSPORT,"04 SIDESWIPE, SAME DIRECTION",06 CHANGING LANES,OTHER CONTRIBUTING ACTION,NO CONTRIBUTING ACTION,00 NOT CODED,00 NOT CODED,00 NOT CODED,00 NOT CODED,01 NO,0,0,0,0,2,0,2,3,N,N,N,Y,N,N,N,N,N,N,N,N,N,N,N,N,N,N,N,N,N,N,N,N,N,N,26.19114337,-80.1518445,584745.4913,2897128.898,L,,ARBM15Q1R2,26-Feb-22,15449,-8922462.814,3022774.787
2.01283E+12,2012,828675250,FHPL12OFF001918,FLORIDA HIGHWAY PATROL,04 FOURTH,BROWARD,10-Jan-12,808,WEDNESDAY,8638 FT. LAUDERDALE,1038,Y,SR 9,SUNRISE BLVD,0.25,N,26.1439333,-80.1696616,26.1402375,-80.1693279,86070000,11.559,1890,SR 9,I 95,R RIGHT,2 THRU LANE 2,N NORTH,01 INTERSTATE URBAN,01 INTERSTATE,01 NON-JUNCTION,01 ON ROADWAY,01 NOT AT INTERSECTION,01 PAVED,36,2-Dec-08,11 URBAN PRIN ART INT.,64,PAVED WARN,10,LAWN,12,,0,27,262000,RCI,6.8,,65,1 NO INJURY,31 Q/C COMPLETED - LOC VERIFIED,0 NO,01 NOT AT INTERSECTION/RRX/BRIDGE,01 DAYLIGHT,02 CLOUDY,01 DRY,01 LEVEL,2 CURVE RIGHT,"TWO-WAY, DIVIDED, POSITIVE MED","TWO-WAY, DIVIDED, POSITIVE MED",NO CONTROLS,NO CONTROLS,10,NONE,NOT CODED,NOT CODED,NONE,NOT CODED,NOT CODED,14 MOTOR VEHICLE IN TRANSPORT,01 FRONT TO REAR,01 STRAIGHT AHEAD,OTHER CONTRIBUTING ACTION,NO CONTRIBUTING ACTION,00 NOT CODED,00 NOT CODED,00 NOT CODED,00 NOT CODED,01 NO,0,0,0,0,2,0,2,2,N,N,N,N,N,N,N,N,N,N,N,N,N,N,N,N,N,N,N,N,N,N,N,N,N,N,26.14020217,-80.16929682,583037.6987,2891475.711,R,,ARBM15Q1R2,26-Feb-22,15450,-8924405.598,3016456.563
2.01283E+12,2012,828801290,FHPL12OFF018644,FLORIDA HIGHWAY PATROL,04 FOURTH,BROWARD,26-Mar-12,1724,TUESDAY,8638 FT. LAUDERDALE,1038,Y,I 95,CYPRESS CREEK RD,0.095,N,26.2049803,-80.1421611,26.204888,-80.1423286,86070000,16.432,2570,SR 9,I 95,R RIGHT,2 THRU LANE 2,N NORTH,01 INTERSTATE URBAN,01 INTERSTATE,18 THROUGH ROADWAY,01 ON ROADWAY,01 NOT AT INTERSECTION,01 PAVED,31,2-Dec-08,11 URBAN PRIN ART INT.,52,PAVED WARN,10,LAWN,3,,0,27,231000,RCI,4.3,,65,3 NO-INCAPACITATING INJURY,31 Q/C COMPLETED - LOC VERIFIED,0 NO,01 NOT AT INTERSECTION/RRX/BRIDGE,01 DAYLIGHT,01 CLEAR,01 DRY,01 LEVEL,1 STRAIGHT,"TWO-WAY, DIVIDED, POSITIVE MED","TWO-WAY, DIVIDED, POSITIVE MED",NO CONTROLS,NO CONTROLS,8,NONE,NOT CODED,NOT CODED,NONE,NOT CODED,NOT CODED,14 MOTOR VEHICLE IN TRANSPORT,01 FRONT TO REAR,01 STRAIGHT AHEAD,OPERATED MV IN CARLESS OR NEGL,NO CONTRIBUTING ACTION,00 NOT CODED,00 NOT CODED,00 NOT CODED,00 NOT CODED,01 NO,1,0,0,0,4,0,4,4,N,N,N,N,N,N,N,N,N,N,N,N,N,N,N,N,N,N,N,N,N,N,N,N,N,N,26.20489774,-80.14237002,585682.1332,2898658.476,R,,ARBM15Q1R2,26-Feb-22,15466,-8921408.119,3024481.213
2.01283E+12,2012,832563160,FHPL12OFF071704,FLORIDA HIGHWAY PATROL,04 FOURTH,BROWARD,20-Nov-12,1924,WEDNESDAY,8638 FT. LAUDERDALE,1038,Y,I 95,SR 824,0.25,N,25.9959899,-80.1658999,26.0000629,-80.1664125,86070000,1.811,1521,SR 9,I 95,L LEFT,2 THRU LANE 2,S SOUTH,01 INTERSTATE URBAN,01 INTERSTATE,01 NON-JUNCTION,01 ON ROADWAY,01 NOT AT INTERSECTION,01 PAVED,30,27-Nov-06,11 URBAN PRIN ART INT.,64,PAVED WARN,11,LAWN,12,,0,26,265000,RCI,6.8,5D1500,65,2 POSSIBLE INJURY,31 Q/C COMPLETED - LOC VERIFIED,0 NO,01 NOT AT INTERSECTION/RRX/BRIDGE,04 DARK-LIGHTED,01 CLEAR,01 DRY,01 LEVEL,1 STRAIGHT,"TWO-WAY, DIVIDED, POSITIVE MED","TWO-WAY, DIVIDED, POSITIVE MED",NO CONTROLS,NO CONTROLS,10,WORK ZONE (CONST/MNT/UTLTY)NTE,NOT CODED,NOT CODED,NONE,NOT CODED,NOT CODED,14 MOTOR VEHICLE IN TRANSPORT,01 FRONT TO REAR,14 SLOWING,OPERATED MV IN CARLESS OR NEGL,NO CONTRIBUTING ACTION,04 ACTIVITY AREA,03 WORK ON SHOULDER OR MEDIAN,01 NO,01 NO,01 NO,1,0,0,0,2,0,2,2,N,Y,N,N,N,N,N,N,N,N,N,N,N,N,N,N,N,N,N,N,N,N,N,N,N,N,25.99998954,-80.16666655,583399.8989,2875948.565,L,,ARBM15Q1R2,26-Feb-22,15481,-8924112.797,2999080.236
2.01283E+12,2012,832321390,FHPL12OFF075387,FLORIDA HIGHWAY PATROL,04 FOURTH,BROWARD,7-Dec-12,700,SATURDAY,8638 FT. LAUDERDALE,1038,Y,I 95,BROWARD BLVD,0.3,S,26.1124347,-80.1685052,26.1171149,-80.1685811,86070000,9.965,5898,SR 9,I 95,R RIGHT,5 THRU LANE 5,N NORTH,01 INTERSTATE URBAN,01 INTERSTATE,01 NON-JUNCTION,01 ON ROADWAY,01 NOT AT INTERSECTION,01 PAVED,41,2-Dec-08,11 URBAN PRIN ART INT.,64,PAVED WARN,10,LAWN,3,,0,75,287000,RCI,6.8,,65,1 NO INJURY,31 Q/C COMPLETED - LOC VERIFIED,0 NO,01 NOT AT INTERSECTION/RRX/BRIDGE,01 DAYLIGHT,01 CLEAR,01 DRY,01 LEVEL,1 STRAIGHT,"TWO-WAY, DIVIDED, POSITIVE MED","TWO-WAY, DIVIDED, POSITIVE MED",NO CONTROLS,NO CONTROLS,10,NONE,NOT CODED,NOT CODED,NONE,NOT CODED,NOT CODED,14 MOTOR VEHICLE IN TRANSPORT,"04 SIDESWIPE, SAME DIRECTION",06 CHANGING LANES,OPERATED MV IN CARLESS OR NEGL,NO CONTRIBUTING ACTION,00 NOT CODED,00 NOT CODED,00 NOT CODED,00 NOT CODED,01 NO,0,0,0,0,2,0,3,2,N,N,Y,N,Y,N,N,N,N,N,N,N,N,N,N,N,N,N,N,N,N,N,N,N,N,N,26.11707726,-80.16857325,583126.3987,2888915.024,R,,ARBM15Q1R2,26-Feb-22,15483,-8924325.05,3013589.296
2.01283E+12,2012,832453910,FHPL12OFF075572,FLORIDA HIGHWAY PATROL,04 FOURTH,BROWARD,8-Dec-12,550,SUNDAY,8638 FT. LAUDERDALE,1038,Y,I 95,SR 838,0.25,N,26.1384516,-80.169335,26.1402375,-80.1693279,86070000,11.559,1890,SR 9,I 95,R RIGHT,3 THRU LANE 3,0,01 INTERSTATE URBAN,01 INTERSTATE,01 NON-JUNCTION,01 ON ROADWAY,01 NOT AT INTERSECTION,01 PAVED,36,2-Dec-08,11 URBAN PRIN ART INT.,64,PAVED WARN,10,LAWN,12,,0,27,262000,RCI,6.8,,65,1 NO INJURY,31 Q/C COMPLETED - LOC VERIFIED,0 NO,01 NOT AT INTERSECTION/RRX/BRIDGE,04 DARK-LIGHTED,01 CLEAR,01 DRY,00 NOT CODED,0 NOT CODED,"TWO-WAY, DIVIDED, POSITIVE MED","TWO-WAY, DIVIDED, POSITIVE MED",NO CONTROLS,NO CONTROLS,10,NONE,NOT CODED,NOT CODED,NONE,NOT CODED,NOT CODED,14 MOTOR VEHICLE IN TRANSPORT,"04 SIDESWIPE, SAME DIRECTION",00 NOT CODED,NOT CODED,NO CONTRIBUTING ACTION,00 NOT CODED,00 NOT CODED,00 NOT CODED,00 NOT CODED,01 NO,0,0,0,0,1,0,2,1,N,N,N,N,Y,N,N,N,N,N,N,N,N,N,N,N,N,N,N,N,N,N,N,N,N,N,26.14020217,-80.16929682,583037.6987,2891475.711,R,,ARBM15Q1R2,26-Feb-22,15484,-8924405.598,3016456.563
2.01283E+12,2012,832679790,FHPL12OFF080330,FLORIDA HIGHWAY PATROL,04 FOURTH,BROWARD,30-Dec-12,1900,MONDAY,8638 FT. LAUDERDALE,1038,Y,I 95,BROWARD BLVD,0.25,N,26.01095,-80.18043,26.1253909,-80.1689225,86070000,10.536,1886,SR 9,I 95,R RIGHT,2 THRU LANE 2,N NORTH,01 INTERSTATE URBAN,01 INTERSTATE,18 THROUGH ROADWAY,01 ON ROADWAY,01 NOT AT INTERSECTION,01 PAVED,41,2-Dec-08,11 URBAN PRIN ART INT.,64,PAVED WARN,10,VALLEY GUTR,0,,0,90,294000,RCI,5.3,0D45,65,2 POSSIBLE INJURY,31 Q/C COMPLETED - LOC VERIFIED,0 NO,01 NOT AT INTERSECTION/RRX/BRIDGE,04 DARK-LIGHTED,01 CLEAR,01 DRY,01 LEVEL,1 STRAIGHT,"TWO-WAY, DIVIDED, POSITIVE MED","TWO-WAY, DIVIDED, POSITIVE MED",NO CONTROLS,NO CONTROLS,10,NONE,NOT CODED,NOT CODED,NONE,NOT CODED,NOT CODED,14 MOTOR VEHICLE IN TRANSPORT,01 FRONT TO REAR,01 STRAIGHT AHEAD,OPERATED MV IN CARLESS OR NEGL,NO CONTRIBUTING ACTION,00 NOT CODED,00 NOT CODED,00 NOT CODED,00 NOT CODED,01 NO,1,0,0,0,2,0,2,2,N,N,N,N,N,N,N,N,N,N,Y,N,N,N,N,N,N,N,N,N,Y,N,N,N,N,N,26.12535571,-80.16890252,583087.621,2889831.674,R,,ARBM15Q1R2,26-Feb-22,15486,-8924361.704,3014615.679
2.01283E+12,2012,828723050,FHPL12OFF021856,FLORIDA HIGHWAY PATROL,04 FOURTH,BROWARD,10-Apr-12,155,WEDNESDAY,8638 FT. LAUDERDALE,1038,Y,SR 9,SR 838,0.5,S,26.1326025,-80.1692428,26.1289546,-80.1691589,86070000,10.782,5182,SR 9,I 95,R RIGHT,2 THRU LANE 2,N NORTH,01 INTERSTATE URBAN,01 INTERSTATE,01 NON-JUNCTION,01 ON ROADWAY,01 NOT AT INTERSECTION,01 PAVED,41,2-Dec-08,11 URBAN PRIN ART INT.,64,PAVED WARN,8,VALLEY GUTR,3,,0,44,294000,RCI,5.3,,65,1 NO INJURY,31 Q/C COMPLETED - LOC VERIFIED,0 NO,06 BRIDGE,04 DARK-LIGHTED,01 CLEAR,01 DRY,01 LEVEL,1 STRAIGHT,"TWO-WAY, DIVIDED, POSITIVE MED","TWO-WAY, DIVIDED, POSITIVE MED",NO CONTROLS,NO CONTROLS,10,NONE,NOT CODED,NOT CODED,NONE,NOT CODED,NOT CODED,14 MOTOR VEHICLE IN TRANSPORT,"04 SIDESWIPE, SAME DIRECTION",06 CHANGING LANES,NOT CODED,NO CONTRIBUTING ACTION,00 NOT CODED,00 NOT CODED,00 NOT CODED,00 NOT CODED,01 NO,0,0,0,0,1,0,2,1,N,N,Y,N,Y,N,N,N,N,N,N,N,N,N,N,N,N,N,N,N,N,N,N,N,N,N,26.12891906,-80.16918805,583056.5539,2890226.143,R,,ARBM15Q1R2,26-Feb-22,15496,-8924393.49,3015057.494