Crash Id,Calendar Year,FDOT Crash Number,Reporting Agency Case Number,Reporting Agency Type,FDOT Managing District,County Name,Crash Date,Crash Time,Day,DHSMV City,Crash Report City Code,In Town,On Roadway Name,Int Roadway Name,Reference Distance (Miles),Reference Direction,Officer Latitude,Officer Longitude,FDOT Latitude,FDOT Longitude,FDOT Roadway,Nearest Inventory MP,Nearest Node From Crash,State Road #,US Highway,Crash Side of Road,Accident Lane Number,Travel Direction Vehicle 1,FDOT Road Category,DHSMV Road System Id,Relation to Junction,Crash Harmful Event Location,Intersection Type,Shoulder Type,FDOT Roadway SKID Test Result,FDOT Roadway SKID Test Date,Functional Class,RCI Surface Width,RCI Shoulder Type First,RCI Shoulder Width First,RCI Shoulder Type Second,RCI Shoulder Width Second,RCI Shoulder Type Third,RCI Shoulder Width Third,RCI Median Width,Avg Daily Traffic,AADT Source,RCI Avg Per Truck Traffic,RCI Horiz Curve Condition,Posted Speed Limit,Highest Injury in Crash,CAR Status Code,Alcohols/Drug Involved,Site Location,Lighting,Weather,Road Surface,Roadway Grade,Roadway Alignment,Traffic Way Vehicle 1,Traffic Way Vehicle 2,Traffic Control Vehicle 1,Traffic Control Vehicle 2,Count of Lanes,Road Condition 1,Road Condition 2,Road Condition 3,Environment Condition 1,Environment Condition 2,Environment Condition 3,Crash Harmful Event,Manner of Collision,Vehicle Movement,Driver Action Vehicle 1,Driver Action Vehicle 2,Location Within Workzone,Type of Workzone,Workers Present in Workzone,Law Enforcement Present in Workzone,School Bus Related,Count of Nonfatal Injuries,Count of Traffic Fatalities,Count of Serious Injuries,Count of Pedestrians,Count of Drivers,Count of Bicyclists,Count of Vehicles,Count of Persons,Wrong Way,Workzone Inv,Commercial Vehicle Inv,Intersection Inv,Lane Departure,Speeding,Agressive Driving,Impaired Driver,Impaired Pedestrian,Impaired Bicyclist,Distracted Driver,Speeding or Aggressive Driving,Pedestrian Related,Bicyclist Related,Pedestrian or Bicyclist Related,Motorcycle Inv,No Belt,No Belt - Ages 1-4,No Belt - Ages 5-12,No Belt - Ages 13-17,Driver - Ages Teen,Driver - Ages 65 plus,Driver - Ages 65-69,Driver - Ages 70-74,Driver - Ages 75-79,Driver - Ages 80 plus,ARBM Latitude,ARBM Longitude,UTM Zone 17N X,UTM Zone 17N Y,ARBM Side of Road,Urban Rural Indicator,GIS Street Source,Extract Date,OBJECTID,x,y
2.01291E+12,2012,914172840,12085764,CITY POLICE DEPARTMENT,04 FOURTH,BROWARD,27-Jul-12,1356,SATURDAY,8638 FT. LAUDERDALE,1038,Y,SR 736,I 95,0,,0,0,26.1065827,-80.1689537,86210000,2.027,365,SR 736,,R RIGHT,L LEFT TURN,W WEST,23 SUBURBAN 4-5LN 2WY DIVD RASD,03 STATE,02 INTERSECTION,01 ON ROADWAY,03 T-INTERSECTION,02 UNPAVED,37,11-Jan-12,16 URBAN MINOR ART,24,PAVED,16,,0,,0,52,35000,RCI,3.2,,40,1 NO INJURY,31 Q/C COMPLETED - LOC VERIFIED,0 NO,02 AT INTERSECTION,01 DAYLIGHT,01 CLEAR,01 DRY,01 LEVEL,1 STRAIGHT,"TWO-WAY, DIVIDED, POSITIVE MED","TWO-WAY, DIVIDED, POSITIVE MED",TRAFFIC CONTROL SIGNAL,TRAFFIC CONTROL SIGNAL,4,NONE,NOT CODED,NOT CODED,NONE,NOT CODED,NOT CODED,14 MOTOR VEHICLE IN TRANSPORT,03 ANGLE,01 STRAIGHT AHEAD,RAN RED LIGHT,NO CONTRIBUTING ACTION,00 NOT CODED,00 NOT CODED,00 NOT CODED,00 NOT CODED,01 NO,0,0,0,0,2,0,2,3,N,N,N,Y,N,N,N,N,N,N,N,N,N,N,N,N,Y,N,N,N,N,N,N,N,N,N,26.10658786,-80.16895951,583095.1955,2887753.049,R,,ARBM15Q1R2,26-Feb-22,16078,-8924368.048,3012288.898
2.01284E+12,2012,836394750,12138398,CITY POLICE DEPARTMENT,04 FOURTH,BROWARD,7-Dec-12,900,SATURDAY,8638 FT. LAUDERDALE,1038,Y,DAVIE BLVD,28TH AVE SW R,0.002,W,0,0,26.1061719,-80.1797322,86210000,1.356,4424,SR 736,,R RIGHT,L LEFT TURN,E EAST,20 URBAN 4-5LN 2WY DIVD RASD,03 STATE,01 NON-JUNCTION,01 ON ROADWAY,01 NOT AT INTERSECTION,03 CURB,32,11-Jan-12,16 URBAN MINOR ART,24,PAVED,4,CURB&GUTTER,2,,0,15,29000,RCI,14.3,,40,1 NO INJURY,31 Q/C COMPLETED - LOC VERIFIED,0 NO,02 AT INTERSECTION,01 DAYLIGHT,01 CLEAR,01 DRY,01 LEVEL,1 STRAIGHT,UNKNOWN,UNKNOWN,UNKNOWN,UNKNOWN,4,NONE,NOT CODED,NOT CODED,NONE,NOT CODED,NOT CODED,14 MOTOR VEHICLE IN TRANSPORT,01 FRONT TO REAR,88 UNKNOWN,OTHER CONTRIBUTING ACTION,OTHER CONTRIBUTING ACTION,00 NOT CODED,00 NOT CODED,00 NOT CODED,00 NOT CODED,01 NO,0,0,0,0,2,0,2,2,N,N,N,Y,N,N,N,N,N,N,N,N,N,N,N,N,N,N,N,N,Y,N,N,N,N,N,26.10624211,-80.17973704,582017.7526,2887707.922,C,,ARBM15Q1R2,26-Feb-22,16079,-8925567.798,3012246.036
2.01284E+12,2012,836398650,12143876,CITY POLICE DEPARTMENT,04 FOURTH,BROWARD,20-Dec-12,1714,FRIDAY,8638 FT. LAUDERDALE,1038,Y,DAVIE BLVD,27TH AVE SW,0,,0,0,26.1063608,-80.1776495,86210000,1.486,348,SR 736,,R RIGHT,L LEFT TURN,N NORTH,21 URBAN 4-5LN 2WY DIVD PAVD,03 STATE,01 NON-JUNCTION,01 ON ROADWAY,02 FOUR-WAY INTERSECTION,01 PAVED,32,11-Jan-12,16 URBAN MINOR ART,24,PAVED,4,CURB&GUTTER,2,,0,13,35000,RCI,3.2,,40,1 NO INJURY,31 Q/C COMPLETED - LOC VERIFIED,1 ALC,02 AT INTERSECTION,01 DAYLIGHT,01 CLEAR,01 DRY,01 LEVEL,1 STRAIGHT,"TWO-WAY, DIVIDED, UNPROTECTED","TWO-WAY, DIVIDED, UNPROTECTED",TRAFFIC CONTROL SIGNAL,TRAFFIC CONTROL SIGNAL,4,NONE,NOT CODED,NOT CODED,NONE,NOT CODED,NOT CODED,18 OTHER NON-FIXED OBJECT,"04 SIDESWIPE, SAME DIRECTION",03 TURNING LEFT,OTHER CONTRIBUTING ACTION,OTHER CONTRIBUTING ACTION,00 NOT CODED,00 NOT CODED,00 NOT CODED,00 NOT CODED,01 NO,0,0,0,0,2,0,2,3,N,N,N,Y,N,N,N,Y,N,N,N,N,N,N,N,N,N,N,N,N,N,N,N,N,N,N,26.10643091,-80.17765372,582225.9401,2887730.146,C,,ARBM15Q1R2,26-Feb-22,16080,-8925335.883,3012269.441
2.01284E+12,2012,836022740,12116545,CITY POLICE DEPARTMENT,04 FOURTH,BROWARD,12-Oct-12,1140,SATURDAY,8638 FT. LAUDERDALE,1038,Y,SR 736,I 95,0,,0,0,26.1066055,-80.1676788,86210000,2.106,364,SR 736,,I INTERSECTION,M MIDDLE,W WEST,23 SUBURBAN 4-5LN 2WY DIVD RASD,03 STATE,02 INTERSECTION,01 ON ROADWAY,02 FOUR-WAY INTERSECTION,01 PAVED,37,11-Jan-12,16 URBAN MINOR ART,24,PAVED,16,,0,,0,52,37000,RCI,3.1,,40,2 POSSIBLE INJURY,31 Q/C COMPLETED - LOC VERIFIED,0 NO,06 BRIDGE,01 DAYLIGHT,03 RAIN,02 WET,01 LEVEL,1 STRAIGHT,"TWO-WAY, DIVIDED, POSITIVE MED","TWO-WAY, DIVIDED, POSITIVE MED",TRAFFIC CONTROL SIGNAL,TRAFFIC CONTROL SIGNAL,4,NONE,NOT CODED,NOT CODED,NONE,NOT CODED,NOT CODED,14 MOTOR VEHICLE IN TRANSPORT,03 ANGLE,01 STRAIGHT AHEAD,RAN RED LIGHT,NO CONTRIBUTING ACTION,00 NOT CODED,00 NOT CODED,00 NOT CODED,00 NOT CODED,01 NO,2,0,0,0,2,0,2,2,N,N,N,N,N,N,N,N,N,N,N,N,N,N,N,N,N,N,N,N,N,N,N,N,N,N,26.10660523,-80.16768312,583222.8134,2887755.788,R,,ARBM15Q1R2,26-Feb-22,16081,-8924225.962,3012291.051
2.01291E+12,2012,913842790,123624,CITY POLICE DEPARTMENT,04 FOURTH,BROWARD,9-Jan-12,1214,TUESDAY,8638 FT. LAUDERDALE,1038,Y,SR 736,27TH AVE SW,0,,0,0,26.1063608,-80.1776495,86210000,1.486,348,SR 736,,L LEFT,S SIDE OF ROAD,E EAST,21 URBAN 4-5LN 2WY DIVD PAVD,03 STATE,01 NON-JUNCTION,01 ON ROADWAY,02 FOUR-WAY INTERSECTION,03 CURB,32,11-Jan-12,16 URBAN MINOR ART,24,PAVED,4,CURB&GUTTER,2,,0,13,35000,RCI,3.2,,40,2 POSSIBLE INJURY,31 Q/C COMPLETED - LOC VERIFIED,0 NO,02 AT INTERSECTION,01 DAYLIGHT,02 CLOUDY,02 WET,01 LEVEL,1 STRAIGHT,"TWO-WAY, DIVIDED, UNPROTECTED","TWO-WAY, DIVIDED, UNPROTECTED",TRAFFIC CONTROL SIGNAL,TRAFFIC CONTROL SIGNAL,4,NONE,NOT CODED,NOT CODED,NONE,NOT CODED,NOT CODED,14 MOTOR VEHICLE IN TRANSPORT,77 OTHER (SEE NARRATIVE),03 TURNING LEFT,FAILED TO YIELD RIGHT-OF-WAY,NO CONTRIBUTING ACTION,00 NOT CODED,00 NOT CODED,00 NOT CODED,00 NOT CODED,01 NO,1,0,0,0,2,0,2,2,N,N,N,Y,N,N,N,N,N,N,N,N,N,N,N,N,N,N,N,N,N,N,N,N,N,N,26.10643091,-80.17765372,582225.9401,2887730.146,C,,ARBM15Q1R2,26-Feb-22,16082,-8925335.883,3012269.441
2.01291E+12,2012,914189250,1290179,CITY POLICE DEPARTMENT,04 FOURTH,BROWARD,7-Aug-12,1708,WEDNESDAY,8638 FT. LAUDERDALE,1038,Y,SR 736,36TH AVE SW,0.005,W,0,0,26.1045799,-80.195374,86210000,0.377,333,SR 736,,M MEDIAN,T CONTIN. TURN,S SOUTH,21 URBAN 4-5LN 2WY DIVD PAVD,03 STATE,03 INTERSECTION-RELATED,01 ON ROADWAY,02 FOUR-WAY INTERSECTION,03 CURB,32,11-Jan-12,16 URBAN MINOR ART,24,PAVED,4,CURB&GUTTER,2,,0,13,30000,RCI,2.3,,40,3 NO-INCAPACITATING INJURY,31 Q/C COMPLETED - LOC VERIFIED,0 NO,02 AT INTERSECTION,01 DAYLIGHT,01 CLEAR,01 DRY,01 LEVEL,1 STRAIGHT,"TWO-WAY, NOT DIVIDED","TWO-WAY, NOT DIV, W/CONT LTURN",STOP SIGN,NO CONTROLS,4,NONE,NOT CODED,NOT CODED,UNKNOWN,NOT CODED,NOT CODED,14 MOTOR VEHICLE IN TRANSPORT,03 ANGLE,05 TURNING RIGHT,FAILED TO YIELD RIGHT-OF-WAY,NO CONTRIBUTING ACTION,00 NOT CODED,00 NOT CODED,00 NOT CODED,00 NOT CODED,01 NO,2,0,0,0,2,0,2,4,N,N,N,Y,N,N,N,N,N,N,N,N,N,N,N,Y,N,N,N,N,N,N,N,N,N,N,26.10464495,-80.19536535,580456.1137,2887521.282,C,,ARBM15Q1R2,26-Feb-22,16083,-8927307.534,3012048.043
2.01284E+12,2012,835823100,1298034,CITY POLICE DEPARTMENT,04 FOURTH,BROWARD,27-Aug-12,1249,TUESDAY,8638 FT. LAUDERDALE,1038,Y,SR 736,31ST AVE SW,0,,0,0,26.1055584,-80.1857324,86210000,0.981,340,SR 736,,L LEFT,1 THRU LANE 1,W WEST,21 URBAN 4-5LN 2WY DIVD PAVD,03 STATE,02 INTERSECTION,01 ON ROADWAY,02 FOUR-WAY INTERSECTION,03 CURB,32,11-Jan-12,16 URBAN MINOR ART,24,PAVED,4,CURB&GUTTER,2,,0,13,29000,RCI,14.3,,40,2 POSSIBLE INJURY,31 Q/C COMPLETED - LOC VERIFIED,0 NO,02 AT INTERSECTION,01 DAYLIGHT,01 CLEAR,01 DRY,01 LEVEL,1 STRAIGHT,"TWO-WAY, NOT DIV, W/CONT LTURN","TWO-WAY, NOT DIVIDED",NO CONTROLS,NO CONTROLS,4,NONE,NOT CODED,NOT CODED,NONE,NOT CODED,NOT CODED,14 MOTOR VEHICLE IN TRANSPORT,03 ANGLE,01 STRAIGHT AHEAD,NO CONTRIBUTING ACTION,NO CONTRIBUTING ACTION,00 NOT CODED,00 NOT CODED,00 NOT CODED,00 NOT CODED,01 NO,3,0,0,0,2,0,2,4,N,N,N,Y,N,N,N,N,N,N,N,N,N,N,N,N,N,N,N,N,N,N,N,N,N,N,26.10563391,-80.18573458,581418.457,2887636.798,C,,ARBM15Q1R2,26-Feb-22,16139,-8926235.442,3012170.64
2.01284E+12,2012,838720250,12146421,CITY POLICE DEPARTMENT,04 FOURTH,BROWARD,27-Dec-12,1830,FRIDAY,8638 FT. LAUDERDALE,1038,Y,SR A1A,EISENHOWER BLVD,0.047,E,0,0,26.1004557,-80.1236977,86180000,0.812,4178,SR A1A,,L LEFT,1 THRU LANE 1,E EAST,30 URBAN 6+LN 2WY DIVD RASD,03 STATE,01 NON-JUNCTION,01 ON ROADWAY,01 NOT AT INTERSECTION,03 CURB,38,24-Jul-12,16 URBAN MINOR ART,35,CURB&GUTTER,2,,0,,0,18,31500,RCI,3.5,,35,1 NO INJURY,31 Q/C COMPLETED - LOC VERIFIED,0 NO,01 NOT AT INTERSECTION/RRX/BRIDGE,04 DARK-LIGHTED,01 CLEAR,01 DRY,04 DOWNHILL,1 STRAIGHT,"TWO-WAY, NOT DIVIDED","TWO-WAY, NOT DIVIDED",NO CONTROLS,NO CONTROLS,6,NONE,NOT CODED,NOT CODED,NONE,NOT CODED,NOT CODED,14 MOTOR VEHICLE IN TRANSPORT,01 FRONT TO REAR,04 BACKING,IMPROPER BACKING,NO CONTRIBUTING ACTION,00 NOT CODED,00 NOT CODED,00 NOT CODED,00 NOT CODED,01 NO,0,0,0,0,2,0,2,2,N,N,N,N,N,N,N,N,N,N,N,N,N,N,N,N,N,N,N,N,N,N,N,N,N,N,26.10059811,-80.12376973,587618.3679,2887119.292,L,,ARBM15Q1R2,26-Feb-22,16173,-8919337.544,3011546.385
2.01291E+12,2012,914192890,12055037,CITY POLICE DEPARTMENT,04 FOURTH,BROWARD,12-May-12,1125,SUNDAY,8638 FT. LAUDERDALE,1038,Y,CORDOBA RD,17TH ST SE,0.002,S,0,0,26.1003019,-80.1307373,86180000,0.375,693,SR A1A,,S SIDE RD RIGHT,L LEFT TURN,N NORTH,30 URBAN 6+LN 2WY DIVD RASD,05 LOCAL,01 NON-JUNCTION,01 ON ROADWAY,01 NOT AT INTERSECTION,03 CURB,39,24-Jul-12,16 URBAN MINOR ART,36,CURB&GUTTER,2,,0,,0,17,41000,RCI,4.3,,35,3 NO-INCAPACITATING INJURY,31 Q/C COMPLETED - LOC VERIFIED,0 NO,02 AT INTERSECTION,01 DAYLIGHT,01 CLEAR,01 DRY,01 LEVEL,1 STRAIGHT,"TWO-WAY, NOT DIVIDED","TWO-WAY, NOT DIVIDED",TRAFFIC CONTROL SIGNAL,TRAFFIC CONTROL SIGNAL,6,NONE,NOT CODED,NOT CODED,NONE,NOT CODED,NOT CODED,14 MOTOR VEHICLE IN TRANSPORT,01 FRONT TO REAR,03 TURNING LEFT,OTHER CONTRIBUTING ACTION,NO CONTRIBUTING ACTION,00 NOT CODED,00 NOT CODED,00 NOT CODED,00 NOT CODED,01 NO,1,0,0,0,2,0,2,3,N,N,N,Y,N,N,N,N,N,N,N,N,N,N,N,N,Y,N,N,N,N,Y,N,N,N,Y,26.10029305,-80.13081149,586914.4215,2887080.787,R,,ARBM15Q1R2,26-Feb-22,16174,-8920121.429,3011508.571
2.01291E+12,2012,914182540,1245951,CITY POLICE DEPARTMENT,04 FOURTH,BROWARD,20-Apr-12,1112,SATURDAY,8638 FT. LAUDERDALE,1038,Y,SR A1A,23RD AVE SE,0.095,W,0,0,26.1006361,-80.1160617,86180000,1.286,698,SR A1A,,R RIGHT,2 THRU LANE 2,E EAST,20 URBAN 4-5LN 2WY DIVD RASD,05 LOCAL,01 NON-JUNCTION,01 ON ROADWAY,01 NOT AT INTERSECTION,03 CURB,38,24-Jul-12,16 URBAN MINOR ART,24,PAVED,10,RAISED CURB,0,,0,30,31500,RCI,3.5,,35,1 NO INJURY,31 Q/C COMPLETED - LOC VERIFIED,0 NO,06 BRIDGE,01 DAYLIGHT,03 RAIN,02 WET,03 UPHILL,1 STRAIGHT,"TWO-WAY, DIVIDED, POSITIVE MED","TWO-WAY, DIVIDED, POSITIVE MED",NO CONTROLS,NO CONTROLS,4,NONE,NOT CODED,NOT CODED,NONE,NOT CODED,NOT CODED,14 MOTOR VEHICLE IN TRANSPORT,01 FRONT TO REAR,01 STRAIGHT AHEAD,OPERATED MV IN CARLESS OR NEGL,NO CONTRIBUTING ACTION,00 NOT CODED,00 NOT CODED,00 NOT CODED,00 NOT CODED,01 NO,0,0,0,0,2,0,2,2,N,N,N,N,Y,N,N,N,N,N,N,N,N,N,N,N,N,N,N,N,N,Y,N,N,N,Y,26.1006299,-80.11612445,588382.8685,2887127.98,R,,ARBM15Q1R2,26-Feb-22,16175,-8918486.475,3011550.327
2.01284E+12,2012,836023850,12119228,CITY POLICE DEPARTMENT,04 FOURTH,BROWARD,19-Oct-12,104,SATURDAY,8638 FT. LAUDERDALE,1038,Y,17TH ST SE,SR 5,0,,0,0,26.1002081,-80.1367787,86180000,0,690,SR A1A,,R RIGHT,1 THRU LANE 1,N NORTH,30 URBAN 6+LN 2WY DIVD RASD,03 STATE,02 INTERSECTION,01 ON ROADWAY,02 FOUR-WAY INTERSECTION,03 CURB,39,24-Jul-12,16 URBAN MINOR ART,34,CURB&GUTTER,2,,0,,0,28,56500,RCI,5.1,,35,1 NO INJURY,31 Q/C COMPLETED - LOC VERIFIED,0 NO,02 AT INTERSECTION,04 DARK-LIGHTED,01 CLEAR,01 DRY,01 LEVEL,1 STRAIGHT,"TWO-WAY, NOT DIV, W/CONT LTURN","TWO-WAY, NOT DIV, W/CONT LTURN",TRAFFIC CONTROL SIGNAL,TRAFFIC CONTROL SIGNAL,5,NONE,NOT CODED,NOT CODED,NONE,NOT CODED,NOT CODED,14 MOTOR VEHICLE IN TRANSPORT,"05 SIDESWIPE, OPPOSITE DIRECTION",01 STRAIGHT AHEAD,RAN RED LIGHT,NO CONTRIBUTING ACTION,00 NOT CODED,00 NOT CODED,00 NOT CODED,00 NOT CODED,01 NO,0,0,0,0,2,0,2,4,N,N,N,Y,N,N,N,N,N,N,N,N,N,N,N,N,N,N,N,N,Y,N,N,N,N,N,26.10020523,-80.13685733,586309.9044,2887067.039,R,,ARBM15Q1R2,26-Feb-22,16176,-8920794.449,3011497.684
2.01284E+12,2012,836023900,12119128,CITY POLICE DEPARTMENT,04 FOURTH,BROWARD,17-Oct-12,1913,THURSDAY,8638 FT. LAUDERDALE,1038,Y,17TH ST SE,23RD AVE SE,0,,0,0,26.1006788,-80.1145322,86180000,1.381,699,SR A1A,,L LEFT,2 THRU LANE 2,W WEST,20 URBAN 4-5LN 2WY DIVD RASD,05 LOCAL,01 NON-JUNCTION,01 ON ROADWAY,02 FOUR-WAY INTERSECTION,03 CURB,38,24-Jul-12,16 URBAN MINOR ART,24,PAVED,10,RAISED CURB,0,,0,30,31500,RCI,3.5,,35,1 NO INJURY,31 Q/C COMPLETED - LOC VERIFIED,0 NO,02 AT INTERSECTION,04 DARK-LIGHTED,01 CLEAR,01 DRY,03 UPHILL,1 STRAIGHT,"TWO-WAY, NOT DIVIDED","TWO-WAY, NOT DIVIDED",TRAFFIC CONTROL SIGNAL,TRAFFIC CONTROL SIGNAL,4,NONE,NOT CODED,NOT CODED,NONE,NOT CODED,NOT CODED,14 MOTOR VEHICLE IN TRANSPORT,01 FRONT TO REAR,01 STRAIGHT AHEAD,FOLLOWED TOO CLOSELY,NO CONTRIBUTING ACTION,00 NOT CODED,00 NOT CODED,00 NOT CODED,00 NOT CODED,01 NO,0,0,0,0,2,0,2,5,N,N,N,Y,N,N,N,N,N,N,N,N,N,N,N,N,N,N,N,N,N,N,N,N,N,N,26.10082437,-80.11459926,588535.2406,2887150.554,L,,ARBM15Q1R2,26-Feb-22,16177,-8918316.691,3011574.433
2.01291E+12,2012,914163140,1271859,CITY POLICE DEPARTMENT,04 FOURTH,BROWARD,22-Jun-12,2030,SATURDAY,8638 FT. LAUDERDALE,1038,Y,SR A1A,FEDERAL HWY,0.003,E,0,0,26.100209,-80.1367294,86180000,0.003,690,SR A1A,,R RIGHT,R RIGHT TURN,W WEST,30 URBAN 6+LN 2WY DIVD RASD,03 STATE,01 NON-JUNCTION,01 ON ROADWAY,01 NOT AT INTERSECTION,03 CURB,39,24-Jul-12,16 URBAN MINOR ART,34,CURB&GUTTER,2,,0,,0,28,56500,RCI,5.1,,35,1 NO INJURY,31 Q/C COMPLETED - LOC VERIFIED,0 NO,02 AT INTERSECTION,04 DARK-LIGHTED,03 RAIN,02 WET,01 LEVEL,1 STRAIGHT,"TWO-WAY, DIVIDED, POSITIVE MED","TWO-WAY, DIVIDED, POSITIVE MED",TRAFFIC CONTROL SIGNAL,TRAFFIC CONTROL SIGNAL,5,NONE,NOT CODED,NOT CODED,NONE,NOT CODED,NOT CODED,14 MOTOR VEHICLE IN TRANSPORT,01 FRONT TO REAR,01 STRAIGHT AHEAD,FOLLOWED TOO CLOSELY,NO CONTRIBUTING ACTION,00 NOT CODED,00 NOT CODED,00 NOT CODED,00 NOT CODED,01 NO,0,0,0,0,2,0,2,4,N,N,N,Y,N,N,N,N,N,N,N,N,N,N,N,N,N,N,N,N,N,N,N,N,N,N,26.10020523,-80.13680894,586314.7431,2887067.071,R,,ARBM15Q1R2,26-Feb-22,16178,-8920789.063,3011497.684
2.01291E+12,2012,914170150,1280262,CITY POLICE DEPARTMENT,04 FOURTH,BROWARD,13-Jul-12,1505,SATURDAY,8638 FT. LAUDERDALE,1038,Y,SR A1A,EAST LAS OLAS BLVD,0.028,W,0,0,26.1188751,-80.1045993,86180000,2.936,712,SR A1A,,R RIGHT,2 THRU LANE 2,N NORTH,40 URBAN ONE WAY,03 STATE,01 NON-JUNCTION,01 ON ROADWAY,01 NOT AT INTERSECTION,03 CURB,35,24-May-10,16 URBAN MINOR ART,22,PAVED,2,CURB&GUTTER,2,,0,,14000,RCI,7.5,,30,1 NO INJURY,31 Q/C COMPLETED - LOC VERIFIED,0 NO,01 NOT AT INTERSECTION/RRX/BRIDGE,01 DAYLIGHT,01 CLEAR,01 DRY,01 LEVEL,1 STRAIGHT,ONE-WAY TRAFFICWAY,ONE-WAY TRAFFICWAY,NO CONTROLS,NO CONTROLS,2,NONE,NOT CODED,NOT CODED,NONE,NOT CODED,NOT CODED,14 MOTOR VEHICLE IN TRANSPORT,01 FRONT TO REAR,01 STRAIGHT AHEAD,FOLLOWED TOO CLOSELY,NO CONTRIBUTING ACTION,00 NOT CODED,00 NOT CODED,00 NOT CODED,00 NOT CODED,01 NO,0,0,0,0,2,0,2,3,N,N,N,N,N,N,N,N,N,N,N,N,N,N,N,N,N,N,N,N,N,Y,N,N,Y,N,26.1188781,-80.10457395,589524.013,2889156.927,O,,ARBM15Q1R2,26-Feb-22,16179,-8917200.679,3013812.563
2.01284E+12,2012,836391330,12130225,CITY POLICE DEPARTMENT,04 FOURTH,BROWARD,15-Nov-12,1456,FRIDAY,8638 FT. LAUDERDALE,1038,Y,17TH ST SE,EISENHOWER BLVD,0.009,E,0,0,26.1004473,-80.12431,86180000,0.774,695,SR A1A,,R RIGHT,2 THRU LANE 2,W WEST,30 URBAN 6+LN 2WY DIVD RASD,05 LOCAL,01 NON-JUNCTION,01 ON ROADWAY,01 NOT AT INTERSECTION,03 CURB,38,24-Jul-12,16 URBAN MINOR ART,35,CURB&GUTTER,2,,0,,0,18,31500,RCI,3.5,,35,1 NO INJURY,31 Q/C COMPLETED - LOC VERIFIED,0 NO,02 AT INTERSECTION,01 DAYLIGHT,01 CLEAR,01 DRY,01 LEVEL,1 STRAIGHT,"TWO-WAY, NOT DIVIDED","TWO-WAY, NOT DIVIDED",NO CONTROLS,NO CONTROLS,6,NONE,NOT CODED,NOT CODED,NONE,NOT CODED,NOT CODED,14 MOTOR VEHICLE IN TRANSPORT,"04 SIDESWIPE, SAME DIRECTION",01 STRAIGHT AHEAD,FAILED TO YIELD RIGHT-OF-WAY,NO CONTRIBUTING ACTION,00 NOT CODED,00 NOT CODED,00 NOT CODED,00 NOT CODED,01 NO,0,0,0,0,2,0,2,2,N,N,N,Y,N,N,N,N,N,N,N,N,N,N,N,N,N,N,N,N,N,N,N,N,N,N,26.10043523,-80.12437883,587557.5798,2887100.843,R,,ARBM15Q1R2,26-Feb-22,16205,-8919405.348,3011526.195
2.01291E+12,2012,914174540,1223373,CITY POLICE DEPARTMENT,04 FOURTH,BROWARD,27-Feb-12,1633,TUESDAY,8638 FT. LAUDERDALE,1038,Y,SR A1A,15TH AVE SE L,0.002,E,0,0,26.1003769,-80.1274669,86180000,0.578,694,SR A1A,,R RIGHT,2 THRU LANE 2,W WEST,30 URBAN 6+LN 2WY DIVD RASD,03 STATE,01 NON-JUNCTION,01 ON ROADWAY,03 T-INTERSECTION,03 CURB,39,24-Jul-12,16 URBAN MINOR ART,35,CURB&GUTTER,2,,0,,0,18,41000,RCI,4.3,,35,2 POSSIBLE INJURY,31 Q/C COMPLETED - LOC VERIFIED,1 ALC,02 AT INTERSECTION,01 DAYLIGHT,01 CLEAR,01 DRY,01 LEVEL,1 STRAIGHT,"TWO-WAY, DIVIDED, POSITIVE MED","TWO-WAY, DIVIDED, POSITIVE MED",NO CONTROLS,NO CONTROLS,6,NONE,NOT CODED,NOT CODED,NONE,NOT CODED,NOT CODED,14 MOTOR VEHICLE IN TRANSPORT,01 FRONT TO REAR,01 STRAIGHT AHEAD,OPERATED MV IN CARLESS OR NEGL,NO CONTRIBUTING ACTION,00 NOT CODED,00 NOT CODED,00 NOT CODED,00 NOT CODED,01 NO,1,0,0,0,2,0,2,3,N,N,N,Y,N,N,N,Y,N,N,Y,N,N,N,N,N,N,N,N,N,N,N,N,N,N,N,26.10037466,-80.12753828,587241.6806,2887092.014,R,,ARBM15Q1R2,26-Feb-22,16206,-8919757.057,3011518.687
2.01291E+12,2012,914180900,1230041,CITY POLICE DEPARTMENT,04 FOURTH,BROWARD,13-Mar-12,1739,WEDNESDAY,8638 FT. LAUDERDALE,1038,Y,SR A1A,23RD AVE SE,0.019,E,0,0,26.1006914,-80.1142264,86180000,1.4,699,SR A1A,,L LEFT,1 THRU LANE 1,W WEST,20 URBAN 4-5LN 2WY DIVD RASD,03 STATE,01 NON-JUNCTION,01 ON ROADWAY,01 NOT AT INTERSECTION,03 CURB,38,24-Jul-12,16 URBAN MINOR ART,20,PAVED,4,CURB&GUTTER,2,,0,28,31500,RCI,3.5,,35,1 NO INJURY,31 Q/C COMPLETED - LOC VERIFIED,0 NO,01 NOT AT INTERSECTION/RRX/BRIDGE,01 DAYLIGHT,01 CLEAR,01 DRY,01 LEVEL,1 STRAIGHT,"TWO-WAY, DIVIDED, POSITIVE MED","TWO-WAY, DIVIDED, POSITIVE MED",TRAFFIC CONTROL SIGNAL,TRAFFIC CONTROL SIGNAL,4,NONE,NOT CODED,NOT CODED,NONE,NOT CODED,NOT CODED,14 MOTOR VEHICLE IN TRANSPORT,01 FRONT TO REAR,13 STOPPED IN TRAFFIC,NO CONTRIBUTING ACTION,NO CONTRIBUTING ACTION,00 NOT CODED,00 NOT CODED,00 NOT CODED,00 NOT CODED,01 NO,0,0,0,0,2,0,2,4,N,N,N,N,N,N,N,N,N,N,N,N,N,N,N,N,N,N,N,N,Y,N,N,N,N,N,26.10082578,-80.11429409,588565.7562,2887150.918,L,,ARBM15Q1R2,26-Feb-22,16207,-8918282.72,3011574.608