Crash Id,Calendar Year,FDOT Crash Number,Reporting Agency Case Number,Reporting Agency Type,FDOT Managing District,County Name,Crash Date,Crash Time,Day,DHSMV City,Crash Report City Code,In Town,On Roadway Name,Int Roadway Name,Reference Distance (Miles),Reference Direction,Officer Latitude,Officer Longitude,FDOT Latitude,FDOT Longitude,FDOT Roadway,Nearest Inventory MP,Nearest Node From Crash,State Road #,US Highway,Crash Side of Road,Accident Lane Number,Travel Direction Vehicle 1,FDOT Road Category,DHSMV Road System Id,Relation to Junction,Crash Harmful Event Location,Intersection Type,Shoulder Type,FDOT Roadway SKID Test Result,FDOT Roadway SKID Test Date,Functional Class,RCI Surface Width,RCI Shoulder Type First,RCI Shoulder Width First,RCI Shoulder Type Second,RCI Shoulder Width Second,RCI Shoulder Type Third,RCI Shoulder Width Third,RCI Median Width,Avg Daily Traffic,AADT Source,RCI Avg Per Truck Traffic,RCI Horiz Curve Condition,Posted Speed Limit,Highest Injury in Crash,CAR Status Code,Alcohols/Drug Involved,Site Location,Lighting,Weather,Road Surface,Roadway Grade,Roadway Alignment,Traffic Way Vehicle 1,Traffic Way Vehicle 2,Traffic Control Vehicle 1,Traffic Control Vehicle 2,Count of Lanes,Road Condition 1,Road Condition 2,Road Condition 3,Environment Condition 1,Environment Condition 2,Environment Condition 3,Crash Harmful Event,Manner of Collision,Vehicle Movement,Driver Action Vehicle 1,Driver Action Vehicle 2,Location Within Workzone,Type of Workzone,Workers Present in Workzone,Law Enforcement Present in Workzone,School Bus Related,Count of Nonfatal Injuries,Count of Traffic Fatalities,Count of Serious Injuries,Count of Pedestrians,Count of Drivers,Count of Bicyclists,Count of Vehicles,Count of Persons,Wrong Way,Workzone Inv,Commercial Vehicle Inv,Intersection Inv,Lane Departure,Speeding,Agressive Driving,Impaired Driver,Impaired Pedestrian,Impaired Bicyclist,Distracted Driver,Speeding or Aggressive Driving,Pedestrian Related,Bicyclist Related,Pedestrian or Bicyclist Related,Motorcycle Inv,No Belt,No Belt - Ages 1-4,No Belt - Ages 5-12,No Belt - Ages 13-17,Driver - Ages Teen,Driver - Ages 65 plus,Driver - Ages 65-69,Driver - Ages 70-74,Driver - Ages 75-79,Driver - Ages 80 plus,ARBM Latitude,ARBM Longitude,UTM Zone 17N X,UTM Zone 17N Y,ARBM Side of Road,Urban Rural Indicator,GIS Street Source,Extract Date,OBJECTID,x,y
2.01284E+12,2012,836399200,12146886,CITY POLICE DEPARTMENT,04 FOURTH,BROWARD,29-Dec-12,157,SUNDAY,8638 FT. LAUDERDALE,1038,Y,4TH AVE NE,SUNRISE BLVD,0.011,N,0,0,26.13709,-80.1404215,86170000,0.011,418,SR 811,,L LEFT,2 THRU LANE 2,S SOUTH,20 URBAN 4-5LN 2WY DIVD RASD,04 COUNTY,88 UNKNOWN,01 ON ROADWAY,02 FOUR-WAY INTERSECTION,01 PAVED,36,9-Mar-12,16 URBAN MINOR ART,22,CURB&GUTTER,2,CURB&GUTTER,2,,0,15,17600,RCI,2.5,,35,1 NO INJURY,31 Q/C COMPLETED - LOC VERIFIED,1 ALC,03 INFLUENCED BY INTERSECTION,04 DARK-LIGHTED,01 CLEAR,01 DRY,01 LEVEL,1 STRAIGHT,"TWO-WAY, NOT DIVIDED","TWO-WAY, NOT DIVIDED",TRAFFIC CONTROL SIGNAL,TRAFFIC CONTROL SIGNAL,4,UNKNOWN,NOT CODED,NOT CODED,NONE,NOT CODED,NOT CODED,14 MOTOR VEHICLE IN TRANSPORT,01 FRONT TO REAR,01 STRAIGHT AHEAD,FOLLOWED TOO CLOSELY,NO CONTRIBUTING ACTION,00 NOT CODED,00 NOT CODED,00 NOT CODED,00 NOT CODED,01 NO,0,0,0,0,2,0,2,2,N,N,N,Y,N,N,N,Y,N,N,N,N,N,N,N,N,N,N,N,N,N,N,N,N,N,N,26.13701548,-80.14039825,585928.8855,2891141.55,C,,ARBM15Q1R2,26-Feb-22,16408,-8921188.622,3016061.411
2.01284E+12,2012,838722120,12146838,CITY POLICE DEPARTMENT,04 FOURTH,BROWARD,28-Dec-12,2324,SATURDAY,8638 FT. LAUDERDALE,1038,Y,4TH AVE NE,13TH ST NE,0,,0,0,26.1422436,-80.1405957,86170000,0.366,2855,SR 811,,R RIGHT,1 THRU LANE 1,S SOUTH,21 URBAN 4-5LN 2WY DIVD PAVD,04 COUNTY,02 INTERSECTION,01 ON ROADWAY,02 FOUR-WAY INTERSECTION,01 PAVED,36,9-Mar-12,16 URBAN MINOR ART,22,CURB&GUTTER,2,,0,,0,13,17600,RCI,2.5,,35,1 NO INJURY,31 Q/C COMPLETED - LOC VERIFIED,0 NO,02 AT INTERSECTION,04 DARK-LIGHTED,01 CLEAR,01 DRY,01 LEVEL,1 STRAIGHT,"TWO-WAY, NOT DIVIDED","TWO-WAY, NOT DIVIDED",TRAFFIC CONTROL SIGNAL,TRAFFIC CONTROL SIGNAL,4,NONE,NOT CODED,NOT CODED,NONE,NOT CODED,NOT CODED,14 MOTOR VEHICLE IN TRANSPORT,02 FRONT TO FRONT,03 TURNING LEFT,FAILED TO YIELD RIGHT-OF-WAY,NO CONTRIBUTING ACTION,00 NOT CODED,00 NOT CODED,00 NOT CODED,00 NOT CODED,01 NO,0,0,0,0,2,0,2,2,N,N,N,Y,N,N,N,N,N,N,N,N,N,N,N,N,N,N,N,N,N,N,N,N,N,N,26.14216795,-80.14059369,585905.5762,2891712.074,C,,ARBM15Q1R2,26-Feb-22,16409,-8921210.379,3016700.327
2.01284E+12,2012,836392580,12133846,CITY POLICE DEPARTMENT,04 FOURTH,BROWARD,25-Nov-12,1841,MONDAY,8638 FT. LAUDERDALE,1038,Y,16TH ST NE,4TH AVE NE,0.002,W,0,0,26.1475386,-80.1407746,86170000,0.731,2858,SR 811,,T SIDE RD LEFT,1 THRU LANE 1,E EAST,21 URBAN 4-5LN 2WY DIVD PAVD,05 LOCAL,01 NON-JUNCTION,01 ON ROADWAY,01 NOT AT INTERSECTION,03 CURB,36,9-Mar-12,16 URBAN MINOR ART,22,CURB&GUTTER,2,,0,,0,13,17600,RCI,2.5,,35,1 NO INJURY,31 Q/C COMPLETED - LOC VERIFIED,0 NO,02 AT INTERSECTION,04 DARK-LIGHTED,01 CLEAR,01 DRY,01 LEVEL,1 STRAIGHT,"TWO-WAY, NOT DIVIDED","TWO-WAY, NOT DIVIDED",NO CONTROLS,NO CONTROLS,4,NONE,NOT CODED,NOT CODED,NONE,NOT CODED,NOT CODED,14 MOTOR VEHICLE IN TRANSPORT,01 FRONT TO REAR,01 STRAIGHT AHEAD,OTHER CONTRIBUTING ACTION,NO CONTRIBUTING ACTION,00 NOT CODED,00 NOT CODED,00 NOT CODED,00 NOT CODED,01 NO,0,0,0,0,2,0,2,2,N,N,N,Y,N,N,N,N,N,N,N,N,N,N,N,N,N,N,N,N,N,N,N,N,N,N,26.14746561,-80.14078421,585882.6537,2892298.683,C,,ARBM15Q1R2,26-Feb-22,16435,-8921231.588,3017357.277
2.01284E+12,2012,835821920,1295636,CITY POLICE DEPARTMENT,04 FOURTH,BROWARD,21-Aug-12,816,WEDNESDAY,8638 FT. LAUDERDALE,1038,Y,17TH ST SE,23RD AVE SE,0.019,W,0,0,26.1006698,-80.1148382,86180000,1.362,699,SR A1A,,L LEFT,2 THRU LANE 2,W WEST,20 URBAN 4-5LN 2WY DIVD RASD,05 LOCAL,01 NON-JUNCTION,01 ON ROADWAY,01 NOT AT INTERSECTION,03 CURB,38,24-Jul-12,16 URBAN MINOR ART,24,PAVED,10,RAISED CURB,0,,0,30,31500,RCI,3.5,,35,1 NO INJURY,31 Q/C COMPLETED - LOC VERIFIED,0 NO,01 NOT AT INTERSECTION/RRX/BRIDGE,01 DAYLIGHT,01 CLEAR,01 DRY,03 UPHILL,1 STRAIGHT,"TWO-WAY, NOT DIVIDED","TWO-WAY, NOT DIVIDED",NO CONTROLS,NO CONTROLS,4,NONE,NOT CODED,NOT CODED,NONE,NOT CODED,NOT CODED,19 IMPACT ATTENUATOR/CRASH CUSION,01 FRONT TO REAR,01 STRAIGHT AHEAD,NO CONTRIBUTING ACTION,NO CONTRIBUTING ACTION,00 NOT CODED,00 NOT CODED,00 NOT CODED,00 NOT CODED,01 NO,0,0,0,0,2,0,2,2,N,N,Y,N,Y,N,N,N,N,N,N,N,N,N,N,N,N,N,N,N,N,N,N,N,N,N,26.10081806,-80.11490563,588504.6085,2887149.647,L,,ARBM15Q1R2,26-Feb-22,16437,-8918350.796,3011573.652
2.01291E+12,2012,914190110,12016186,CITY POLICE DEPARTMENT,04 FOURTH,BROWARD,9-Feb-12,2343,FRIDAY,8638 FT. LAUDERDALE,1038,Y,DIXIE HWY,62ND CT NE,0,,0,0,26.2044659,-80.132659,86170000,5.017,1109,SR 811,,L LEFT,S SIDE OF ROAD,S SOUTH,21 URBAN 4-5LN 2WY DIVD PAVD,05 LOCAL,01 NON-JUNCTION,08 IN PARKING LANE OR ZONE,03 T-INTERSECTION,01 PAVED,41,9-Mar-12,16 URBAN MINOR ART,26,CURB&GUTTER,2,,0,,0,13,19900,RCI,4.9,0D2000,40,1 NO INJURY,31 Q/C COMPLETED - LOC VERIFIED,0 NO,02 AT INTERSECTION,04 DARK-LIGHTED,01 CLEAR,01 DRY,01 LEVEL,1 STRAIGHT,"TWO-WAY, DIVIDED, UNPROTECTED",UNKNOWN,NO CONTROLS,UNKNOWN,4,NONE,NOT CODED,NOT CODED,NONE,NOT CODED,NOT CODED,24 CURB,77 OTHER (SEE NARRATIVE),77 OTHER (SEE NARRATIVE),OPERATED MV IN CARLESS OR NEGL,NOT CODED,00 NOT CODED,00 NOT CODED,00 NOT CODED,00 NOT CODED,01 NO,0,0,0,0,1,0,2,1,N,N,N,Y,N,N,N,N,N,N,N,N,N,N,N,N,N,N,N,N,N,N,N,N,N,N,26.2044016,-80.1326621,586652.422,2898609.973,C,,ARBM15Q1R2,26-Feb-22,16462,-8920327.439,3024419.656
2.01284E+12,2012,836024570,12119624,CITY POLICE DEPARTMENT,04 FOURTH,BROWARD,20-Oct-12,100,SUNDAY,8638 FT. LAUDERDALE,1038,Y,SR 811,18TH ST NE,0,,0,0,26.2533885,-80.1199224,86170000,8.493,1155,SR 811,,L LEFT,2 THRU LANE 2,S SOUTH,21 URBAN 4-5LN 2WY DIVD PAVD,03 STATE,02 INTERSECTION,01 ON ROADWAY,03 T-INTERSECTION,01 PAVED,37,9-Mar-12,16 URBAN MINOR ART,24,PAVED,4,CURB&GUTTER,2,,0,12,23000,RCI,6.8,,40,3 NO-INCAPACITATING INJURY,31 Q/C COMPLETED - LOC VERIFIED,1 ALC,02 AT INTERSECTION,03 DAWN,01 CLEAR,01 DRY,01 LEVEL,1 STRAIGHT,"TWO-WAY, DIVIDED, UNPROTECTED","TWO-WAY, NOT DIV, W/CONT LTURN",NO CONTROLS,NO CONTROLS,4,NONE,NOT CODED,NOT CODED,NONE,NOT CODED,NOT CODED,14 MOTOR VEHICLE IN TRANSPORT,02 FRONT TO FRONT,01 STRAIGHT AHEAD,OTHER CONTRIBUTING ACTION,NO CONTRIBUTING ACTION,00 NOT CODED,00 NOT CODED,00 NOT CODED,00 NOT CODED,01 NO,2,0,0,0,2,0,2,3,N,N,N,Y,N,N,N,N,N,N,N,N,N,N,N,N,N,N,N,N,N,N,N,N,N,N,26.25335974,-80.1199946,587881.2341,2904040.865,L,,ARBM15Q1R2,26-Feb-22,16463,-8918917.299,3030495.219
2.01291E+12,2012,914195450,12085817,CITY POLICE DEPARTMENT,04 FOURTH,BROWARD,27-Jul-12,1627,SATURDAY,8638 FT. LAUDERDALE,1038,Y,13TH ST NE,4TH AVE NE,0,,0,0,26.1422436,-80.1405957,86170000,0.366,2855,SR 811,,L LEFT,2 THRU LANE 2,U UNNWN,21 URBAN 4-5LN 2WY DIVD PAVD,05 LOCAL,02 INTERSECTION,01 ON ROADWAY,02 FOUR-WAY INTERSECTION,03 CURB,36,9-Mar-12,16 URBAN MINOR ART,22,CURB&GUTTER,2,,0,,0,13,17600,RCI,2.5,,35,2 POSSIBLE INJURY,31 Q/C COMPLETED - LOC VERIFIED,0 NO,02 AT INTERSECTION,01 DAYLIGHT,01 CLEAR,01 DRY,01 LEVEL,3 CURVE LEFT,UNKNOWN,"TWO-WAY, DIVIDED, UNPROTECTED",UNKNOWN,TRAFFIC CONTROL SIGNAL,4,UNKNOWN,NOT CODED,NOT CODED,UNKNOWN,NOT CODED,NOT CODED,14 MOTOR VEHICLE IN TRANSPORT,77 OTHER (SEE NARRATIVE),88 UNKNOWN,OTHER CONTRIBUTING ACTION,RAN RED LIGHT,00 NOT CODED,00 NOT CODED,00 NOT CODED,00 NOT CODED,01 NO,1,0,0,0,3,0,3,3,N,N,N,Y,N,N,N,N,N,N,N,N,N,N,N,N,N,N,N,N,N,Y,Y,N,N,N,26.14216795,-80.14059369,585905.5762,2891712.074,C,,ARBM15Q1R2,26-Feb-22,16464,-8921210.379,3016700.327
2.01291E+12,2012,914183090,1231808,CITY POLICE DEPARTMENT,04 FOURTH,BROWARD,17-Mar-12,2225,SUNDAY,8638 FT. LAUDERDALE,1038,Y,4TH AVE NE,16TH ST NE,0,,0,0,26.1475386,-80.1407746,86170000,0.731,2858,SR 811,,I INTERSECTION,M MIDDLE,N NORTH,21 URBAN 4-5LN 2WY DIVD PAVD,05 LOCAL,01 NON-JUNCTION,01 ON ROADWAY,02 FOUR-WAY INTERSECTION,03 CURB,36,9-Mar-12,16 URBAN MINOR ART,22,CURB&GUTTER,2,,0,,0,13,17600,RCI,2.5,,35,2 POSSIBLE INJURY,31 Q/C COMPLETED - LOC VERIFIED,0 NO,02 AT INTERSECTION,04 DARK-LIGHTED,01 CLEAR,01 DRY,01 LEVEL,1 STRAIGHT,"TWO-WAY, DIVIDED, POSITIVE MED","TWO-WAY, DIVIDED, POSITIVE MED",TRAFFIC CONTROL SIGNAL,TRAFFIC CONTROL SIGNAL,4,NONE,NOT CODED,NOT CODED,NONE,NOT CODED,NOT CODED,14 MOTOR VEHICLE IN TRANSPORT,03 ANGLE,03 TURNING LEFT,FAILED TO YIELD RIGHT-OF-WAY,NO CONTRIBUTING ACTION,00 NOT CODED,00 NOT CODED,00 NOT CODED,00 NOT CODED,01 NO,2,0,0,0,2,0,2,2,N,N,N,Y,N,N,N,N,N,N,N,N,N,N,N,N,N,N,N,N,N,N,N,N,N,N,26.14746561,-80.14078421,585882.6537,2892298.683,C,,ARBM15Q1R2,26-Feb-22,16465,-8921231.588,3017357.277
2.01284E+12,2012,836398050,12144049,CITY POLICE DEPARTMENT,04 FOURTH,BROWARD,21-Dec-12,500,SATURDAY,8638 FT. LAUDERDALE,1038,Y,4TH AVE NE,11TH ST NE,0,,0,0,26.1387158,-80.1404765,86170000,0.123,2853,SR 811,,R RIGHT,2 THRU LANE 2,N NORTH,20 URBAN 4-5LN 2WY DIVD RASD,05 LOCAL,02 INTERSECTION,02 OFF ROADWAY,02 FOUR-WAY INTERSECTION,01 PAVED,36,9-Mar-12,16 URBAN MINOR ART,22,CURB&GUTTER,2,CURB&GUTTER,2,,0,15,17600,RCI,2.5,,35,3 NO-INCAPACITATING INJURY,31 Q/C COMPLETED - LOC VERIFIED,0 NO,02 AT INTERSECTION,04 DARK-LIGHTED,01 CLEAR,01 DRY,01 LEVEL,1 STRAIGHT,"TWO-WAY, DIVIDED, UNPROTECTED",,NO CONTROLS,NOT CODED,4,NONE,NOT CODED,NOT CODED,NONE,NOT CODED,NOT CODED,33 UTILITY POLE/LIGHT SUPPORT,77 OTHER (SEE NARRATIVE),01 STRAIGHT AHEAD,RAN OFF ROADWAY,NOT CODED,00 NOT CODED,00 NOT CODED,00 NOT CODED,00 NOT CODED,01 NO,1,0,0,0,1,0,1,1,N,N,N,Y,N,N,N,N,N,N,N,N,N,N,N,N,Y,N,N,N,N,N,N,N,N,N,26.13863992,-80.14046449,585921.0745,2891321.418,C,,ARBM15Q1R2,26-Feb-22,16467,-8921195.996,3016262.841
2.01291E+12,2012,913842490,12000703,CITY POLICE DEPARTMENT,04 FOURTH,BROWARD,1-Jan-12,1837,MONDAY,8638 FT. LAUDERDALE,1038,Y,4TH AVE NE,11TH ST NE,0.028,N,0,0,26.1391222,-80.1404902,86170000,0.151,2853,SR 811,,L LEFT,1 THRU LANE 1,S SOUTH,21 URBAN 4-5LN 2WY DIVD PAVD,05 LOCAL,01 NON-JUNCTION,01 ON ROADWAY,01 NOT AT INTERSECTION,03 CURB,36,9-Mar-12,16 URBAN MINOR ART,22,CURB&GUTTER,2,,0,,0,13,17600,RCI,2.5,,35,4 INCAPACITATING INJURY,31 Q/C COMPLETED - LOC VERIFIED,0 NO,01 NOT AT INTERSECTION/RRX/BRIDGE,04 DARK-LIGHTED,01 CLEAR,01 DRY,01 LEVEL,1 STRAIGHT,"TWO-WAY, DIVIDED, UNPROTECTED","TWO-WAY, DIVIDED, UNPROTECTED",TRAFFIC CONTROL SIGNAL,TRAFFIC CONTROL SIGNAL,4,NONE,NOT CODED,NOT CODED,NONE,NOT CODED,NOT CODED,14 MOTOR VEHICLE IN TRANSPORT,01 FRONT TO REAR,01 STRAIGHT AHEAD,OTHER CONTRIBUTING ACTION,NO CONTRIBUTING ACTION,00 NOT CODED,00 NOT CODED,00 NOT CODED,00 NOT CODED,01 NO,2,0,1,0,2,0,2,2,N,N,N,N,N,N,N,N,N,N,Y,N,N,N,N,N,N,N,N,N,Y,N,N,N,N,N,26.13904755,-80.14047641,585919.5846,2891366.557,C,,ARBM15Q1R2,26-Feb-22,16468,-8921197.323,3016313.388
2.01284E+12,2012,835823980,12100113,CITY POLICE DEPARTMENT,04 FOURTH,BROWARD,1-Sep-12,1601,SUNDAY,8638 FT. LAUDERDALE,1038,Y,SR A1A,CORDOBA RD,0,,0,0,26.1003019,-80.1307373,86180000,0.375,693,SR A1A,,L LEFT,1 THRU LANE 1,E EAST,30 URBAN 6+LN 2WY DIVD RASD,03 STATE,01 NON-JUNCTION,01 ON ROADWAY,02 FOUR-WAY INTERSECTION,03 CURB,39,24-Jul-12,16 URBAN MINOR ART,36,CURB&GUTTER,2,,0,,0,17,41000,RCI,4.3,,35,3 NO-INCAPACITATING INJURY,31 Q/C COMPLETED - LOC VERIFIED,0 NO,02 AT INTERSECTION,01 DAYLIGHT,01 CLEAR,01 DRY,01 LEVEL,1 STRAIGHT,"TWO-WAY, DIVIDED, POSITIVE MED","TWO-WAY, DIVIDED, POSITIVE MED",TRAFFIC CONTROL SIGNAL,TRAFFIC CONTROL SIGNAL,6,NONE,NOT CODED,NOT CODED,NONE,NOT CODED,NOT CODED,14 MOTOR VEHICLE IN TRANSPORT,77 OTHER (SEE NARRATIVE),03 TURNING LEFT,FAILED TO YIELD RIGHT-OF-WAY,NO CONTRIBUTING ACTION,00 NOT CODED,00 NOT CODED,00 NOT CODED,00 NOT CODED,01 NO,3,0,0,0,3,0,3,4,N,N,N,Y,N,N,N,N,N,N,N,N,N,N,N,Y,N,N,N,N,N,N,N,N,N,N,26.10042303,-80.13081292,586914.1819,2887095.181,L,,ARBM15Q1R2,26-Feb-22,16548,-8920121.589,3011524.682
2.01284E+12,2012,835824030,1298278,CITY POLICE DEPARTMENT,04 FOURTH,BROWARD,27-Aug-12,2300,TUESDAY,8638 FT. LAUDERDALE,1038,Y,SR A1A,MAYAN DR,0,,0,0,26.1011009,-80.1109491,86180000,1.607,703,SR A1A,,R RIGHT,2 THRU LANE 2,S SOUTH,20 URBAN 4-5LN 2WY DIVD RASD,03 STATE,02 INTERSECTION,01 ON ROADWAY,03 T-INTERSECTION,03 CURB,37,24-Jul-12,16 URBAN MINOR ART,20,PAVED,4,CURB&GUTTER,2,,0,28,31500,RCI,3.5,4D4600,35,2 POSSIBLE INJURY,31 Q/C COMPLETED - LOC VERIFIED,0 NO,02 AT INTERSECTION,04 DARK-LIGHTED,01 CLEAR,01 DRY,01 LEVEL,2 CURVE RIGHT,"TWO-WAY, NOT DIVIDED","TWO-WAY, NOT DIVIDED",TRAFFIC CONTROL SIGNAL,TRAFFIC CONTROL SIGNAL,4,NONE,NOT CODED,NOT CODED,NONE,NOT CODED,NOT CODED,14 MOTOR VEHICLE IN TRANSPORT,03 ANGLE,03 TURNING LEFT,FAILED TO YIELD RIGHT-OF-WAY,NO CONTRIBUTING ACTION,00 NOT CODED,00 NOT CODED,00 NOT CODED,00 NOT CODED,01 NO,1,0,0,0,2,0,2,2,N,N,N,Y,N,N,N,N,N,N,N,N,N,N,N,N,Y,N,N,N,N,N,N,N,N,N,26.1011404,-80.11101906,588893.0197,2887187.995,C,,ARBM15Q1R2,26-Feb-22,16549,-8917918.145,3011613.609
2.01284E+12,2012,835824500,12100266,CITY POLICE DEPARTMENT,04 FOURTH,BROWARD,2-Sep-12,15,MONDAY,8638 FT. LAUDERDALE,1038,Y,SEABREEZE BLVD,SR 842,0.081,W,0,0,26.118104,-80.1046191,86180000,2.883,712,SR A1A,,R RIGHT,S SIDE OF ROAD,N NORTH,40 URBAN ONE WAY,03 STATE,77 OTHER (SEE NARRATIVE),01 ON ROADWAY,77 OTHER (SEE NARRATIVE),03 CURB,35,24-May-10,16 URBAN MINOR ART,22,PAVED,2,CURB&GUTTER,2,,0,,14000,RCI,7.5,,30,1 NO INJURY,31 Q/C COMPLETED - LOC VERIFIED,0 NO,01 NOT AT INTERSECTION/RRX/BRIDGE,04 DARK-LIGHTED,01 CLEAR,01 DRY,01 LEVEL,3 CURVE LEFT,ONE-WAY TRAFFICWAY,ONE-WAY TRAFFICWAY,STOP SIGN,STOP SIGN,2,NONE,NOT CODED,NOT CODED,NONE,NOT CODED,NOT CODED,14 MOTOR VEHICLE IN TRANSPORT,01 FRONT TO REAR,01 STRAIGHT AHEAD,OTHER CONTRIBUTING ACTION,NO CONTRIBUTING ACTION,00 NOT CODED,00 NOT CODED,00 NOT CODED,00 NOT CODED,01 NO,0,0,0,0,2,0,2,3,N,N,N,N,N,N,N,N,N,N,N,N,N,N,N,N,N,N,N,N,N,N,N,N,N,N,26.11810684,-80.10461294,589520.703,2889071.48,O,,ARBM15Q1R2,26-Feb-22,16550,-8917205.019,3013716.942
2.01284E+12,2012,835825690,12102865,CITY POLICE DEPARTMENT,04 FOURTH,BROWARD,8-Sep-12,1100,SUNDAY,8638 FT. LAUDERDALE,1038,Y,CORDOBA RD,17TH ST SE,0.002,S,0,0,26.1003019,-80.1307373,86180000,0.375,693,SR A1A,,S SIDE RD RIGHT,L LEFT TURN,N NORTH,30 URBAN 6+LN 2WY DIVD RASD,05 LOCAL,01 NON-JUNCTION,01 ON ROADWAY,01 NOT AT INTERSECTION,03 CURB,39,24-Jul-12,16 URBAN MINOR ART,36,CURB&GUTTER,2,,0,,0,17,41000,RCI,4.3,,35,2 POSSIBLE INJURY,31 Q/C COMPLETED - LOC VERIFIED,0 NO,02 AT INTERSECTION,01 DAYLIGHT,01 CLEAR,01 DRY,01 LEVEL,1 STRAIGHT,"TWO-WAY, NOT DIVIDED","TWO-WAY, NOT DIVIDED",TRAFFIC CONTROL SIGNAL,TRAFFIC CONTROL SIGNAL,6,NONE,NOT CODED,NOT CODED,NONE,NOT CODED,NOT CODED,14 MOTOR VEHICLE IN TRANSPORT,01 FRONT TO REAR,01 STRAIGHT AHEAD,OTHER CONTRIBUTING ACTION,NO CONTRIBUTING ACTION,00 NOT CODED,00 NOT CODED,00 NOT CODED,00 NOT CODED,01 NO,1,0,0,0,2,0,2,3,N,N,N,Y,N,N,N,N,N,N,N,N,N,N,N,N,N,N,N,N,N,N,N,N,N,N,26.10029305,-80.13081149,586914.4215,2887080.787,R,,ARBM15Q1R2,26-Feb-22,16578,-8920121.429,3011508.571
2.01291E+12,2012,914184230,12010410,CITY POLICE DEPARTMENT,04 FOURTH,BROWARD,26-Jan-12,2235,FRIDAY,8638 FT. LAUDERDALE,1038,Y,SR A1A,MIAMI RD,0,,0,0,26.1002628,-80.1342496,86180000,0.157,691,SR A1A,,R RIGHT,3 THRU LANE 3,N NORTH,30 URBAN 6+LN 2WY DIVD RASD,02 U.S.,02 INTERSECTION,01 ON ROADWAY,04 Y-INTERSECTION,01 PAVED,39,24-Jul-12,16 URBAN MINOR ART,36,CURB&GUTTER,2,,0,,0,17,56500,RCI,5.1,,35,1 NO INJURY,31 Q/C COMPLETED - LOC VERIFIED,0 NO,02 AT INTERSECTION,04 DARK-LIGHTED,01 CLEAR,01 DRY,01 LEVEL,1 STRAIGHT,"TWO-WAY, DIVIDED, UNPROTECTED","TWO-WAY, DIVIDED, UNPROTECTED",NO CONTROLS,NO CONTROLS,6,NONE,NOT CODED,NOT CODED,NONE,NOT CODED,NOT CODED,14 MOTOR VEHICLE IN TRANSPORT,03 ANGLE,06 CHANGING LANES,FAILED TO KEEP IN PROPER LANE,NO CONTRIBUTING ACTION,00 NOT CODED,00 NOT CODED,00 NOT CODED,00 NOT CODED,01 NO,0,0,0,0,2,0,2,2,N,N,Y,Y,N,N,N,N,N,N,N,N,N,N,N,N,N,N,N,N,N,N,N,N,N,N,26.10025395,-80.13432664,586562.9362,2887074.114,R,,ARBM15Q1R2,26-Feb-22,16579,-8920512.734,3011503.723
2.01291E+12,2012,914184240,1211794,CITY POLICE DEPARTMENT,04 FOURTH,BROWARD,30-Jan-12,1538,TUESDAY,8638 FT. LAUDERDALE,1038,Y,CORDOBA RD,17TH ST SE,0.028,S,0,0,26.1003019,-80.1307373,86180000,0.375,693,SR A1A,,S SIDE RD RIGHT,1 THRU LANE 1,S SOUTH,30 URBAN 6+LN 2WY DIVD RASD,05 LOCAL,01 NON-JUNCTION,01 ON ROADWAY,01 NOT AT INTERSECTION,03 CURB,39,24-Jul-12,16 URBAN MINOR ART,36,CURB&GUTTER,2,,0,,0,17,41000,RCI,4.3,,35,3 NO-INCAPACITATING INJURY,31 Q/C COMPLETED - LOC VERIFIED,0 NO,04 DRIVEWAY ACCESS,01 DAYLIGHT,01 CLEAR,01 DRY,01 LEVEL,1 STRAIGHT,"TWO-WAY, NOT DIVIDED","TWO-WAY, NOT DIVIDED",NO CONTROLS,NO CONTROLS,6,NONE,NOT CODED,NOT CODED,NONE,NOT CODED,NOT CODED,14 MOTOR VEHICLE IN TRANSPORT,03 ANGLE,03 TURNING LEFT,FAILED TO YIELD RIGHT-OF-WAY,NO CONTRIBUTING ACTION,00 NOT CODED,00 NOT CODED,00 NOT CODED,00 NOT CODED,01 NO,1,0,0,0,2,0,2,3,N,N,N,N,N,N,N,N,N,N,N,N,N,N,N,N,Y,N,N,N,N,N,N,N,N,N,26.10029305,-80.13081149,586914.4215,2887080.787,R,,ARBM15Q1R2,26-Feb-22,16580,-8920121.429,3011508.571
2.01291E+12,2012,914170550,1281432,CITY POLICE DEPARTMENT,04 FOURTH,BROWARD,16-Jul-12,1747,TUESDAY,8638 FT. LAUDERDALE,1038,Y,17TH ST SE,10TH AVE SE,0.002,E,0,0,26.1002709,-80.1326545,86180000,0.256,692,SR A1A,,L LEFT,2 THRU LANE 2,E EAST,30 URBAN 6+LN 2WY DIVD RASD,05 LOCAL,01 NON-JUNCTION,01 ON ROADWAY,02 FOUR-WAY INTERSECTION,01 PAVED,39,24-Jul-12,16 URBAN MINOR ART,36,CURB&GUTTER,2,,0,,0,17,41000,RCI,4.3,1D1145,35,2 POSSIBLE INJURY,31 Q/C COMPLETED - LOC VERIFIED,0 NO,02 AT INTERSECTION,01 DAYLIGHT,01 CLEAR,01 DRY,01 LEVEL,1 STRAIGHT,"TWO-WAY, DIVIDED, POSITIVE MED","TWO-WAY, DIVIDED, POSITIVE MED",TRAFFIC CONTROL SIGNAL,TRAFFIC CONTROL SIGNAL,6,NONE,NOT CODED,NOT CODED,ALL OTHER (SEE NARRTIVE),NOT CODED,NOT CODED,14 MOTOR VEHICLE IN TRANSPORT,03 ANGLE,03 TURNING LEFT,FAILED TO YIELD RIGHT-OF-WAY,NO CONTRIBUTING ACTION,00 NOT CODED,00 NOT CODED,00 NOT CODED,00 NOT CODED,01 NO,1,0,0,0,2,0,2,4,N,N,N,Y,N,N,N,N,N,N,N,N,N,N,N,N,N,N,N,N,N,N,N,N,N,N,26.10038523,-80.13273084,586722.4189,2887089.716,L,,ARBM15Q1R2,26-Feb-22,16581,-8920335.09,3011519.997