Crash Id,Calendar Year,FDOT Crash Number,Reporting Agency Case Number,Reporting Agency Type,FDOT Managing District,County Name,Crash Date,Crash Time,Day,DHSMV City,Crash Report City Code,In Town,On Roadway Name,Int Roadway Name,Reference Distance (Miles),Reference Direction,Officer Latitude,Officer Longitude,FDOT Latitude,FDOT Longitude,FDOT Roadway,Nearest Inventory MP,Nearest Node From Crash,State Road #,US Highway,Crash Side of Road,Accident Lane Number,Travel Direction Vehicle 1,FDOT Road Category,DHSMV Road System Id,Relation to Junction,Crash Harmful Event Location,Intersection Type,Shoulder Type,FDOT Roadway SKID Test Result,FDOT Roadway SKID Test Date,Functional Class,RCI Surface Width,RCI Shoulder Type First,RCI Shoulder Width First,RCI Shoulder Type Second,RCI Shoulder Width Second,RCI Shoulder Type Third,RCI Shoulder Width Third,RCI Median Width,Avg Daily Traffic,AADT Source,RCI Avg Per Truck Traffic,RCI Horiz Curve Condition,Posted Speed Limit,Highest Injury in Crash,CAR Status Code,Alcohols/Drug Involved,Site Location,Lighting,Weather,Road Surface,Roadway Grade,Roadway Alignment,Traffic Way Vehicle 1,Traffic Way Vehicle 2,Traffic Control Vehicle 1,Traffic Control Vehicle 2,Count of Lanes,Road Condition 1,Road Condition 2,Road Condition 3,Environment Condition 1,Environment Condition 2,Environment Condition 3,Crash Harmful Event,Manner of Collision,Vehicle Movement,Driver Action Vehicle 1,Driver Action Vehicle 2,Location Within Workzone,Type of Workzone,Workers Present in Workzone,Law Enforcement Present in Workzone,School Bus Related,Count of Nonfatal Injuries,Count of Traffic Fatalities,Count of Serious Injuries,Count of Pedestrians,Count of Drivers,Count of Bicyclists,Count of Vehicles,Count of Persons,Wrong Way,Workzone Inv,Commercial Vehicle Inv,Intersection Inv,Lane Departure,Speeding,Agressive Driving,Impaired Driver,Impaired Pedestrian,Impaired Bicyclist,Distracted Driver,Speeding or Aggressive Driving,Pedestrian Related,Bicyclist Related,Pedestrian or Bicyclist Related,Motorcycle Inv,No Belt,No Belt - Ages 1-4,No Belt - Ages 5-12,No Belt - Ages 13-17,Driver - Ages Teen,Driver - Ages 65 plus,Driver - Ages 65-69,Driver - Ages 70-74,Driver - Ages 75-79,Driver - Ages 80 plus,ARBM Latitude,ARBM Longitude,UTM Zone 17N X,UTM Zone 17N Y,ARBM Side of Road,Urban Rural Indicator,GIS Street Source,Extract Date,OBJECTID,x,y
2.01212E+12,2012,121097590,1252386,CITY POLICE DEPARTMENT,04 FOURTH,BROWARD,5-May-12,0,SUNDAY,8638 FT. LAUDERDALE,1038,Y,BROWARD BLVD,7TH AVE NW,0,,0,0,26.1221233,-80.1505964,86006000,6.336,470,SR 842,,L LEFT,2 THRU LANE 2,N NORTH,30 URBAN 6+LN 2WY DIVD RASD,05 LOCAL,02 INTERSECTION,01 ON ROADWAY,02 FOUR-WAY INTERSECTION,03 CURB,35,21-Oct-09,14 URBAN PRIN ART OTHER,33,PAVED,2,CURB&GUTTER,2,,0,16,56500,RCI,4,,35,3 NO-INCAPACITATING INJURY,31 Q/C COMPLETED - LOC VERIFIED,0 NO,02 AT INTERSECTION,04 DARK-LIGHTED,01 CLEAR,01 DRY,01 LEVEL,1 STRAIGHT,"TWO-WAY, NOT DIVIDED","TWO-WAY, NOT DIVIDED",TRAFFIC CONTROL SIGNAL,NO CONTROLS,6,NONE,NOT CODED,NOT CODED,NONE,NOT CODED,NOT CODED,14 MOTOR VEHICLE IN TRANSPORT,03 ANGLE,03 TURNING LEFT,FAILED TO YIELD RIGHT-OF-WAY,NO CONTRIBUTING ACTION,00 NOT CODED,00 NOT CODED,00 NOT CODED,00 NOT CODED,01 NO,5,0,0,0,2,0,2,6,N,N,N,Y,N,N,N,N,N,N,N,N,N,N,N,N,N,N,N,N,Y,N,N,N,N,N,26.12224377,-80.15054689,584925.0272,2889498.87,L,,ARBM15Q1R2,26-Feb-22,65018,-8922318.365,3014229.845
2.01284E+12,2012,836399390,12145294,CITY POLICE DEPARTMENT,04 FOURTH,BROWARD,24-Dec-12,2213,TUESDAY,8638 FT. LAUDERDALE,1038,Y,19TH ST NW,21ST AVE NW,0.006,E,0,0,26.151441,-80.1543511,86065000,1.027,1810,SR 845,,S SIDE RD RIGHT,2 THRU LANE 2,W WEST,30 URBAN 6+LN 2WY DIVD RASD,05 LOCAL,01 NON-JUNCTION,01 ON ROADWAY,01 NOT AT INTERSECTION,03 CURB,35,9-Mar-12,14 URBAN PRIN ART OTHER,33,CURB&GUTTER,2,,0,,0,16,20100,RCI,4.8,,40,3 NO-INCAPACITATING INJURY,31 Q/C COMPLETED - LOC VERIFIED,0 NO,02 AT INTERSECTION,04 DARK-LIGHTED,01 CLEAR,01 DRY,01 LEVEL,1 STRAIGHT,"TWO-WAY, NOT DIV, W/CONT LTURN","TWO-WAY, NOT DIV, W/CONT LTURN",NO CONTROLS,NO CONTROLS,6,NONE,NOT CODED,NOT CODED,NONE,NOT CODED,NOT CODED,14 MOTOR VEHICLE IN TRANSPORT,02 FRONT TO FRONT,01 STRAIGHT AHEAD,OTHER CONTRIBUTING ACTION,NO CONTRIBUTING ACTION,00 NOT CODED,00 NOT CODED,00 NOT CODED,00 NOT CODED,01 NO,6,0,0,0,2,0,2,7,N,N,N,Y,N,N,N,N,N,N,N,N,N,N,N,N,Y,N,N,N,N,N,N,N,N,N,26.15137473,-80.15431732,584527.0781,2892722.762,R,,ARBM15Q1R2,26-Feb-22,65055,-8922738.087,3017842.057
2.01284E+12,2012,836028360,12126560,CITY POLICE DEPARTMENT,04 FOURTH,BROWARD,6-Nov-12,925,WEDNESDAY,8638 FT. LAUDERDALE,1038,Y,62ND ST NW,POWERLINE RD,0.038,W,0,0,26.2030859,-80.1556839,86065000,4.589,1984,SR 845,,T SIDE RD LEFT,1 THRU LANE 1,W WEST,30 URBAN 6+LN 2WY DIVD RASD,05 LOCAL,88 UNKNOWN,01 ON ROADWAY,01 NOT AT INTERSECTION,01 PAVED,36,9-Mar-12,14 URBAN PRIN ART OTHER,32,CURB&GUTTER,2,,0,,0,29,33500,RCI,5.9,,45,1 NO INJURY,31 Q/C COMPLETED - LOC VERIFIED,0 NO,03 INFLUENCED BY INTERSECTION,01 DAYLIGHT,01 CLEAR,01 DRY,01 LEVEL,1 STRAIGHT,"TWO-WAY, NOT DIVIDED","TWO-WAY, DIVIDED, UNPROTECTED",NO CONTROLS,NO CONTROLS,6,NONE,NOT CODED,NOT CODED,NONE,NOT CODED,NOT CODED,14 MOTOR VEHICLE IN TRANSPORT,"04 SIDESWIPE, SAME DIRECTION",05 TURNING RIGHT,OTHER CONTRIBUTING ACTION,NO CONTRIBUTING ACTION,00 NOT CODED,00 NOT CODED,00 NOT CODED,00 NOT CODED,01 NO,0,0,0,0,2,0,2,2,N,N,N,Y,N,N,N,N,N,N,N,N,N,N,N,N,N,N,N,N,N,N,N,N,N,N,26.20302363,-80.15584317,584337.378,2898442.081,L,,ARBM15Q1R2,26-Feb-22,65081,-8922907.945,3024248.69
2.01284E+12,2012,836027600,12125172,CITY POLICE DEPARTMENT,04 FOURTH,BROWARD,2-Nov-12,1919,SATURDAY,8638 FT. LAUDERDALE,1038,Y,POWERLINE RD,19TH ST NW,0,,0,0,26.151441,-80.1543511,86065000,1.027,1810,SR 845,,L LEFT,1 THRU LANE 1,N NORTH,30 URBAN 6+LN 2WY DIVD RASD,03 STATE,02 INTERSECTION,01 ON ROADWAY,02 FOUR-WAY INTERSECTION,03 CURB,35,9-Mar-12,14 URBAN PRIN ART OTHER,33,CURB&GUTTER,2,,0,,0,16,20100,RCI,4.8,,40,3 NO-INCAPACITATING INJURY,31 Q/C COMPLETED - LOC VERIFIED,0 NO,02 AT INTERSECTION,04 DARK-LIGHTED,01 CLEAR,01 DRY,01 LEVEL,1 STRAIGHT,"TWO-WAY, DIVIDED, POSITIVE MED","TWO-WAY, DIVIDED, POSITIVE MED",TRAFFIC CONTROL SIGNAL,TRAFFIC CONTROL SIGNAL,6,NONE,NOT CODED,NOT CODED,NONE,NOT CODED,NOT CODED,14 MOTOR VEHICLE IN TRANSPORT,02 FRONT TO FRONT,03 TURNING LEFT,FAILED TO YIELD RIGHT-OF-WAY,NO CONTRIBUTING ACTION,00 NOT CODED,00 NOT CODED,00 NOT CODED,00 NOT CODED,01 NO,2,0,0,0,2,0,2,3,N,N,N,Y,N,N,N,N,N,N,N,N,N,N,N,N,Y,N,N,N,N,N,N,N,N,N,26.1513676,-80.15448097,584510.726,2892721.866,L,,ARBM15Q1R2,26-Feb-22,65082,-8922756.304,3017841.173
2.01284E+12,2012,836391780,12132875,CITY POLICE DEPARTMENT,04 FOURTH,BROWARD,23-Nov-12,16,SATURDAY,8638 FT. LAUDERDALE,1038,Y,19TH ST NW,9TH AVE NW,0.019,W,0,0,26.151441,-80.1543511,86065000,1.027,1810,SR 845,,T SIDE RD LEFT,R RIGHT TURN,E EAST,30 URBAN 6+LN 2WY DIVD RASD,05 LOCAL,01 NON-JUNCTION,01 ON ROADWAY,01 NOT AT INTERSECTION,01 PAVED,35,9-Mar-12,14 URBAN PRIN ART OTHER,33,CURB&GUTTER,2,,0,,0,16,20100,RCI,4.8,,40,1 NO INJURY,31 Q/C COMPLETED - LOC VERIFIED,0 NO,03 INFLUENCED BY INTERSECTION,88 UNKNOWN,01 CLEAR,88 UNKNOWN,01 LEVEL,1 STRAIGHT,UNKNOWN,UNKNOWN,UNKNOWN,UNKNOWN,6,NONE,NOT CODED,NOT CODED,NONE,NOT CODED,NOT CODED,14 MOTOR VEHICLE IN TRANSPORT,01 FRONT TO REAR,88 UNKNOWN,OTHER CONTRIBUTING ACTION,NO CONTRIBUTING ACTION,00 NOT CODED,00 NOT CODED,00 NOT CODED,00 NOT CODED,01 NO,0,0,0,0,2,0,2,2,N,N,N,Y,N,N,N,N,N,N,N,N,N,N,N,N,N,N,N,N,N,N,N,N,N,N,26.1513676,-80.15448097,584510.726,2892721.866,L,,ARBM15Q1R2,26-Feb-22,65083,-8922756.304,3017841.173
2.01291E+12,2012,914163240,12068365,CITY POLICE DEPARTMENT,04 FOURTH,BROWARD,14-Jun-12,725,FRIDAY,8638 FT. LAUDERDALE,1038,Y,POWERLINE RD,65TH ST NW,0.044,S,0,0,26.2064498,-80.1558108,86065000,4.821,6066,SR 845,,L LEFT,U UNKNOWN,S SOUTH,30 URBAN 6+LN 2WY DIVD RASD,03 STATE,01 NON-JUNCTION,01 ON ROADWAY,01 NOT AT INTERSECTION,03 CURB,36,9-Mar-12,14 URBAN PRIN ART OTHER,32,CURB&GUTTER,2,,0,,0,15,36500,RCI,5.4,,45,4 INCAPACITATING INJURY,31 Q/C COMPLETED - LOC VERIFIED,0 NO,01 NOT AT INTERSECTION/RRX/BRIDGE,01 DAYLIGHT,01 CLEAR,01 DRY,01 LEVEL,1 STRAIGHT,"TWO-WAY, DIVIDED, POSITIVE MED","TWO-WAY, DIVIDED, POSITIVE MED",NO CONTROLS,NO CONTROLS,6,NONE,NOT CODED,NOT CODED,NONE,NOT CODED,NOT CODED,14 MOTOR VEHICLE IN TRANSPORT,"04 SIDESWIPE, SAME DIRECTION",06 CHANGING LANES,OTHER CONTRIBUTING ACTION,OTHER CONTRIBUTING ACTION,00 NOT CODED,00 NOT CODED,00 NOT CODED,00 NOT CODED,01 NO,1,0,1,0,3,0,3,3,N,N,N,N,Y,N,N,N,N,N,N,N,N,N,N,N,N,N,N,N,N,N,N,N,N,N,26.20639042,-80.1559406,584325.2184,2898814.904,L,,ARBM15Q1R2,26-Feb-22,65085,-8922918.79,3024666.413
2.01291E+12,2012,914182670,12044681,CITY POLICE DEPARTMENT,04 FOURTH,BROWARD,17-Apr-12,1035,WEDNESDAY,8638 FT. LAUDERDALE,1038,Y,SR 845,63RD CT NW R,0,,0,0,26.2050002,-80.155756,86065000,4.721,3599,SR 845,,I INTERSECTION,M MIDDLE,W WEST,30 URBAN 6+LN 2WY DIVD RASD,03 STATE,02 INTERSECTION,01 ON ROADWAY,02 FOUR-WAY INTERSECTION,03 CURB,36,9-Mar-12,14 URBAN PRIN ART OTHER,32,CURB&GUTTER,2,,0,,0,29,36500,RCI,5.4,,45,4 INCAPACITATING INJURY,31 Q/C COMPLETED - LOC VERIFIED,0 NO,02 AT INTERSECTION,01 DAYLIGHT,01 CLEAR,01 DRY,01 LEVEL,1 STRAIGHT,"TWO-WAY, NOT DIVIDED","TWO-WAY, NOT DIVIDED",STOP SIGN,NO CONTROLS,6,NONE,NOT CODED,NOT CODED,NONE,NOT CODED,NOT CODED,14 MOTOR VEHICLE IN TRANSPORT,03 ANGLE,01 STRAIGHT AHEAD,RAN STOP SIGN,NO CONTRIBUTING ACTION,00 NOT CODED,00 NOT CODED,00 NOT CODED,00 NOT CODED,01 NO,2,0,1,0,2,0,2,2,N,N,N,Y,N,N,N,N,N,N,N,N,N,N,N,N,N,N,N,N,N,N,N,N,N,N,26.20494993,-80.15573454,584346.8433,2898655.498,R,,ARBM15Q1R2,26-Feb-22,65086,-8922895.852,3024487.687
2.01291E+12,2012,914195980,1288956,CITY POLICE DEPARTMENT,04 FOURTH,BROWARD,4-Aug-12,1644,SUNDAY,8638 FT. LAUDERDALE,1038,Y,BROWARD BLVD,9TH AVE SW,0,,0,0,26.1220488,-80.1535686,86006000,6.151,468,SR 842,,R RIGHT,1 THRU LANE 1,E EAST,30 URBAN 6+LN 2WY DIVD RASD,03 STATE,01 NON-JUNCTION,01 ON ROADWAY,03 T-INTERSECTION,03 CURB,35,21-Oct-09,14 URBAN PRIN ART OTHER,32,PAVED,4,CURB&GUTTER,2,,0,16,78000,RCI,5.4,,35,1 NO INJURY,31 Q/C COMPLETED - LOC VERIFIED,0 NO,02 AT INTERSECTION,01 DAYLIGHT,01 CLEAR,01 DRY,01 LEVEL,1 STRAIGHT,"TWO-WAY, NOT DIV, W/CONT LTURN","TWO-WAY, DIVIDED, UNPROTECTED",NO CONTROLS,NO CONTROLS,6,NONE,NOT CODED,NOT CODED,NONE,NOT CODED,NOT CODED,14 MOTOR VEHICLE IN TRANSPORT,77 OTHER (SEE NARRATIVE),01 STRAIGHT AHEAD,OTHER CONTRIBUTING ACTION,NO CONTRIBUTING ACTION,00 NOT CODED,00 NOT CODED,00 NOT CODED,00 NOT CODED,01 NO,0,0,0,0,2,0,2,2,N,N,N,Y,N,N,N,N,N,N,N,N,N,N,N,N,N,N,N,N,N,N,N,N,N,N,26.1220333,-80.15353333,584626.5931,2889473.613,R,,ARBM15Q1R2,26-Feb-22,65132,-8922650.813,3014203.749
2.01283E+12,2012,832453850,FHPL12OFF073984,FLORIDA HIGHWAY PATROL,04 FOURTH,BROWARD,1-Dec-12,507,SUNDAY,8638 FT. LAUDERDALE,1038,Y,I 95,SR 842,0.057,S,26.1098216,-80.1680883,26.1206804,-80.168051,86070040,0.891,1307,SR 9,I 95,R RIGHT,X RAMP,N NORTH,07 RAMP URBAN,01 INTERSTATE,01 NON-JUNCTION,01 ON ROADWAY,01 NOT AT INTERSECTION,01 PAVED,0,31-Dec-00,,16,PAVED,4,,0,,0,,10000,RCI,8.2,,,1 NO INJURY,31 Q/C COMPLETED - LOC VERIFIED,0 NO,08 EXIT RAMP,04 DARK-LIGHTED,01 CLEAR,01 DRY,01 LEVEL,1 STRAIGHT,ONE-WAY TRAFFICWAY,ONE-WAY TRAFFICWAY,NO CONTROLS,NO CONTROLS,1,NONE,NOT CODED,NOT CODED,NONE,NOT CODED,NOT CODED,14 MOTOR VEHICLE IN TRANSPORT,01 FRONT TO REAR,01 STRAIGHT AHEAD,OTHER CONTRIBUTING ACTION,OTHER CONTRIBUTING ACTION,00 NOT CODED,00 NOT CODED,00 NOT CODED,00 NOT CODED,01 NO,0,0,0,0,2,0,2,3,N,N,N,N,Y,N,N,N,N,N,Y,N,N,N,N,N,N,N,N,N,N,N,N,N,N,N,26.12058478,-80.16807513,583173.72,2889303.809,O,,ARBM15Q1R2,26-Feb-22,65152,-8924269.6,3014024.158
2.01283E+12,2012,831591900,FHPL12OFF052007,FLORIDA HIGHWAY PATROL,04 FOURTH,BROWARD,22-Aug-12,2337,THURSDAY,8638 FT. LAUDERDALE,1038,Y,SR 9,SR 842,0.3,S,26.1178133,-80.1682733,26.1170973,-80.168348,86070040,0.648,5324,SR 9,I 95,R RIGHT,X RAMP,N NORTH,07 RAMP URBAN,01 INTERSTATE,18 THROUGH ROADWAY,01 ON ROADWAY,01 NOT AT INTERSECTION,01 PAVED,0,31-Dec-00,,24,PAVED,4,VALLEY GUTR,3,,0,,10000,RCI,8.2,,,2 POSSIBLE INJURY,31 Q/C COMPLETED - LOC VERIFIED,0 NO,08 EXIT RAMP,04 DARK-LIGHTED,01 CLEAR,01 DRY,01 LEVEL,1 STRAIGHT,ONE-WAY TRAFFICWAY,ONE-WAY TRAFFICWAY,NO CONTROLS,NO CONTROLS,2,NONE,NOT CODED,NOT CODED,NONE,NOT CODED,NOT CODED,14 MOTOR VEHICLE IN TRANSPORT,01 FRONT TO REAR,01 STRAIGHT AHEAD,OPERATED MV IN CARLESS OR NEGL,NO CONTRIBUTING ACTION,00 NOT CODED,00 NOT CODED,00 NOT CODED,00 NOT CODED,01 NO,1,0,0,0,2,0,2,2,N,N,N,N,N,N,N,N,N,N,N,N,N,N,N,N,N,N,N,N,N,N,N,N,N,N,26.11706446,-80.16835248,583148.4814,2888913.747,O,,ARBM15Q1R2,26-Feb-22,65153,-8924300.474,3013587.709
2.01291E+12,2012,914194210,12063530,CITY POLICE DEPARTMENT,04 FOURTH,BROWARD,2-Jun-12,1221,SUNDAY,8638 FT. LAUDERDALE,1038,Y,FEDERAL HWY,18TH CT SE,0.019,S,0,0,26.0981653,-80.1366536,86010000,8.657,1323,SR 5,US 1,R RIGHT,2 THRU LANE 2,N NORTH,30 URBAN 6+LN 2WY DIVD RASD,02 U.S.,01 NON-JUNCTION,01 ON ROADWAY,01 NOT AT INTERSECTION,03 CURB,37,24-Jul-12,14 URBAN PRIN ART OTHER,32,CURB&GUTTER,2,,0,,0,18,70000,RCI,4.2,,40,1 NO INJURY,31 Q/C COMPLETED - LOC VERIFIED,0 NO,01 NOT AT INTERSECTION/RRX/BRIDGE,01 DAYLIGHT,01 CLEAR,01 DRY,01 LEVEL,1 STRAIGHT,"TWO-WAY, DIVIDED, POSITIVE MED","TWO-WAY, DIVIDED, POSITIVE MED",NO CONTROLS,NO CONTROLS,6,NONE,NOT CODED,NOT CODED,NONE,NOT CODED,NOT CODED,14 MOTOR VEHICLE IN TRANSPORT,03 ANGLE,06 CHANGING LANES,OTHER CONTRIBUTING ACTION,NO CONTRIBUTING ACTION,00 NOT CODED,00 NOT CODED,00 NOT CODED,00 NOT CODED,01 NO,0,0,0,0,2,0,2,3,N,N,N,N,N,N,N,N,N,N,N,N,N,N,N,N,N,N,N,N,N,N,N,N,N,N,26.09816778,-80.13663489,586333.644,2886841.532,R,,ARBM15Q1R2,26-Feb-22,65159,-8920769.687,3011245.123
2.01284E+12,2012,836393100,12135167,CITY POLICE DEPARTMENT,04 FOURTH,BROWARD,29-Nov-12,705,FRIDAY,8638 FT. LAUDERDALE,1038,Y,SR 842,24TH AVE SW,0.002,E,0,0,26.1216138,-80.1738674,86006000,4.888,459,SR 842,,L LEFT,3 THRU LANE 3,W WEST,30 URBAN 6+LN 2WY DIVD RASD,03 STATE,01 NON-JUNCTION,01 ON ROADWAY,01 NOT AT INTERSECTION,03 CURB,39,21-Oct-09,14 URBAN PRIN ART OTHER,32,CURB&GUTTER,2,,0,,0,16,48500,RCI,3.4,,40,1 NO INJURY,31 Q/C COMPLETED - LOC VERIFIED,0 NO,02 AT INTERSECTION,01 DAYLIGHT,01 CLEAR,01 DRY,01 LEVEL,1 STRAIGHT,"TWO-WAY, NOT DIVIDED","TWO-WAY, NOT DIVIDED",NO CONTROLS,NO CONTROLS,6,NONE,NOT CODED,NOT CODED,NONE,NOT CODED,NOT CODED,14 MOTOR VEHICLE IN TRANSPORT,"04 SIDESWIPE, SAME DIRECTION",88 UNKNOWN,OTHER CONTRIBUTING ACTION,NO CONTRIBUTING ACTION,00 NOT CODED,00 NOT CODED,00 NOT CODED,00 NOT CODED,01 NO,0,0,0,0,2,0,2,2,N,N,N,Y,N,N,N,N,N,N,N,N,N,N,N,N,N,N,N,N,N,N,N,N,N,N,26.12173636,-80.17385486,582595.0423,2889427.668,L,,ARBM15Q1R2,26-Feb-22,65160,-8924912.997,3014166.934
2.01291E+12,2012,914184400,1211513,CITY POLICE DEPARTMENT,04 FOURTH,BROWARD,29-Jan-12,2218,MONDAY,8638 FT. LAUDERDALE,1038,Y,SR 842,11TH AVE NW,0,,0,0,26.1219789,-80.1562554,86006000,5.984,466,SR 842,,L LEFT,3 THRU LANE 3,E EAST,30 URBAN 6+LN 2WY DIVD RASD,03 STATE,02 INTERSECTION,01 ON ROADWAY,02 FOUR-WAY INTERSECTION,03 CURB,35,21-Oct-09,14 URBAN PRIN ART OTHER,32,PAVED,4,CURB&GUTTER,2,,0,16,78000,RCI,5.4,,40,3 NO-INCAPACITATING INJURY,31 Q/C COMPLETED - LOC VERIFIED,0 NO,02 AT INTERSECTION,04 DARK-LIGHTED,01 CLEAR,01 DRY,01 LEVEL,1 STRAIGHT,"TWO-WAY, DIVIDED, POSITIVE MED","TWO-WAY, DIVIDED, POSITIVE MED",TRAFFIC CONTROL SIGNAL,TRAFFIC CONTROL SIGNAL,6,NONE,NOT CODED,NOT CODED,NONE,NOT CODED,NOT CODED,14 MOTOR VEHICLE IN TRANSPORT,03 ANGLE,03 TURNING LEFT,IMPROPER TURN,NO CONTRIBUTING ACTION,00 NOT CODED,00 NOT CODED,00 NOT CODED,00 NOT CODED,01 NO,2,0,0,0,2,0,2,3,N,N,N,Y,N,N,N,N,N,N,N,N,N,N,N,N,N,N,N,N,N,N,N,N,N,N,26.12210522,-80.15621399,584358.527,2889479.839,L,,ARBM15Q1R2,26-Feb-22,65161,-8922949.223,3014212.667
2.01291E+12,2012,914194870,12066765,CITY POLICE DEPARTMENT,04 FOURTH,BROWARD,10-Jun-12,1109,MONDAY,8638 FT. LAUDERDALE,1038,Y,BROWARD BLVD,14TH AVE NW,0.047,E,0,0,26.1219122,-80.1587286,86006000,5.83,2721,SR 842,,R RIGHT,1 THRU LANE 1,W WEST,30 URBAN 6+LN 2WY DIVD RASD,03 STATE,01 NON-JUNCTION,01 ON ROADWAY,01 NOT AT INTERSECTION,03 CURB,35,21-Oct-09,14 URBAN PRIN ART OTHER,32,PAVED,4,CURB&GUTTER,2,,0,16,78000,RCI,5.4,,40,3 NO-INCAPACITATING INJURY,31 Q/C COMPLETED - LOC VERIFIED,0 NO,01 NOT AT INTERSECTION/RRX/BRIDGE,01 DAYLIGHT,01 CLEAR,01 DRY,01 LEVEL,1 STRAIGHT,"TWO-WAY, DIVIDED, POSITIVE MED","TWO-WAY, DIVIDED, POSITIVE MED",NO CONTROLS,NO CONTROLS,6,NONE,NOT CODED,NOT CODED,NONE,NOT CODED,NOT CODED,14 MOTOR VEHICLE IN TRANSPORT,03 ANGLE,03 TURNING LEFT,IMPROPER TURN,NO CONTRIBUTING ACTION,00 NOT CODED,00 NOT CODED,00 NOT CODED,00 NOT CODED,01 NO,2,0,0,0,2,0,2,3,N,N,N,N,N,N,N,N,N,N,N,N,N,N,N,N,Y,N,N,N,N,Y,N,N,Y,N,26.12189605,-80.15869996,584110.1282,2889455.063,R,,ARBM15Q1R2,26-Feb-22,65162,-8923225.96,3014186.733
2.01291E+12,2012,914182680,12046304,CITY POLICE DEPARTMENT,04 FOURTH,BROWARD,21-Apr-12,1111,SUNDAY,8638 FT. LAUDERDALE,1038,Y,BROWARD BLVD,30TH TERR NW,0.002,W,0,0,26.1212872,-80.1852632,86006000,4.179,2563,SR 842,,R RIGHT,3 THRU LANE 3,E EAST,30 URBAN 6+LN 2WY DIVD RASD,03 STATE,01 NON-JUNCTION,01 ON ROADWAY,01 NOT AT INTERSECTION,03 CURB,40,21-Oct-09,14 URBAN PRIN ART OTHER,32,CURB&GUTTER,2,,0,,0,17,40500,RCI,5.3,,40,4 INCAPACITATING INJURY,31 Q/C COMPLETED - LOC VERIFIED,0 NO,02 AT INTERSECTION,01 DAYLIGHT,02 CLOUDY,01 DRY,01 LEVEL,1 STRAIGHT,"TWO-WAY, DIVIDED, POSITIVE MED","TWO-WAY, DIVIDED, POSITIVE MED",NO CONTROLS,NO CONTROLS,6,NONE,NOT CODED,NOT CODED,NONE,NOT CODED,NOT CODED,14 MOTOR VEHICLE IN TRANSPORT,01 FRONT TO REAR,01 STRAIGHT AHEAD,FAILED TO YIELD RIGHT-OF-WAY,NO CONTRIBUTING ACTION,00 NOT CODED,00 NOT CODED,00 NOT CODED,00 NOT CODED,01 NO,4,0,1,0,2,0,2,5,N,N,Y,Y,N,N,N,N,N,N,N,N,N,N,N,N,Y,N,N,N,N,N,N,N,N,N,26.12127353,-80.18526201,581454.8701,2889369.219,R,,ARBM15Q1R2,26-Feb-22,65164,-8926182.835,3014109.551
2.01284E+12,2012,835827480,12105693,CITY POLICE DEPARTMENT,04 FOURTH,BROWARD,15-Sep-12,736,SUNDAY,8638 FT. LAUDERDALE,1038,Y,FEDERAL HWY,7TH ST SE,0.038,S,0,0,26.112538,-80.1370143,86010000,9.648,1340,SR 5,US 1,R RIGHT,2 THRU LANE 2,N NORTH,30 URBAN 6+LN 2WY DIVD RASD,03 STATE,01 NON-JUNCTION,01 ON ROADWAY,01 NOT AT INTERSECTION,03 CURB,45,25-May-10,14 URBAN PRIN ART OTHER,32,CURB&GUTTER,2,,0,,0,18,44500,RCI,3.2,,40,1 NO INJURY,31 Q/C COMPLETED - LOC VERIFIED,0 NO,01 NOT AT INTERSECTION/RRX/BRIDGE,01 DAYLIGHT,01 CLEAR,01 DRY,01 LEVEL,1 STRAIGHT,"TWO-WAY, DIVIDED, POSITIVE MED","TWO-WAY, DIVIDED, POSITIVE MED",NO CONTROLS,NO CONTROLS,6,NONE,NOT CODED,NOT CODED,NONE,NOT CODED,NOT CODED,14 MOTOR VEHICLE IN TRANSPORT,01 FRONT TO REAR,01 STRAIGHT AHEAD,OTHER CONTRIBUTING ACTION,NO CONTRIBUTING ACTION,00 NOT CODED,00 NOT CODED,00 NOT CODED,00 NOT CODED,01 NO,0,0,0,0,2,0,2,2,N,N,N,N,N,N,N,N,N,N,N,N,N,N,N,N,N,N,N,N,N,N,N,N,N,N,26.11256839,-80.13699116,586287.4454,2888436.208,R,,ARBM15Q1R2,26-Feb-22,65166,-8920809.347,3013030.305
2.01284E+12,2012,836391800,12132932,CITY POLICE DEPARTMENT,04 FOURTH,BROWARD,23-Nov-12,616,SATURDAY,8638 FT. LAUDERDALE,1038,Y,US 1,SR 84,0.009,S,0,0,26.0926531,-80.1365048,86010001,2.538,115,SR 5,US 1,R RIGHT,1 THRU LANE 1,N NORTH,30 URBAN 6+LN 2WY DIVD RASD,03 STATE,01 NON-JUNCTION,01 ON ROADWAY,01 NOT AT INTERSECTION,03 CURB,35,23-Jul-12,14 URBAN PRIN ART OTHER,33,CURB&GUTTER,2,,0,,0,20,73500,RCI,5.9,,40,1 NO INJURY,31 Q/C COMPLETED - LOC VERIFIED,0 NO,02 AT INTERSECTION,01 DAYLIGHT,01 CLEAR,01 DRY,01 LEVEL,1 STRAIGHT,"TWO-WAY, DIVIDED, POSITIVE MED","TWO-WAY, DIVIDED, POSITIVE MED",NO CONTROLS,NO CONTROLS,6,NONE,NOT CODED,NOT CODED,NONE,NOT CODED,NOT CODED,14 MOTOR VEHICLE IN TRANSPORT,"04 SIDESWIPE, SAME DIRECTION",01 STRAIGHT AHEAD,OTHER CONTRIBUTING ACTION,OTHER CONTRIBUTING ACTION,00 NOT CODED,00 NOT CODED,00 NOT CODED,00 NOT CODED,01 NO,0,0,0,0,2,0,2,2,N,N,N,Y,N,N,N,N,N,N,N,N,N,N,N,N,N,N,N,N,N,N,N,N,N,N,26.09272592,-80.13648733,586352.3963,2886238.928,R,,ARBM15Q1R2,26-Feb-22,65167,-8920753.261,3010570.576