Crash Id,Calendar Year,FDOT Crash Number,Reporting Agency Case Number,Reporting Agency Type,FDOT Managing District,County Name,Crash Date,Crash Time,Day,DHSMV City,Crash Report City Code,In Town,On Roadway Name,Int Roadway Name,Reference Distance (Miles),Reference Direction,Officer Latitude,Officer Longitude,FDOT Latitude,FDOT Longitude,FDOT Roadway,Nearest Inventory MP,Nearest Node From Crash,State Road #,US Highway,Crash Side of Road,Accident Lane Number,Travel Direction Vehicle 1,FDOT Road Category,DHSMV Road System Id,Relation to Junction,Crash Harmful Event Location,Intersection Type,Shoulder Type,FDOT Roadway SKID Test Result,FDOT Roadway SKID Test Date,Functional Class,RCI Surface Width,RCI Shoulder Type First,RCI Shoulder Width First,RCI Shoulder Type Second,RCI Shoulder Width Second,RCI Shoulder Type Third,RCI Shoulder Width Third,RCI Median Width,Avg Daily Traffic,AADT Source,RCI Avg Per Truck Traffic,RCI Horiz Curve Condition,Posted Speed Limit,Highest Injury in Crash,CAR Status Code,Alcohols/Drug Involved,Site Location,Lighting,Weather,Road Surface,Roadway Grade,Roadway Alignment,Traffic Way Vehicle 1,Traffic Way Vehicle 2,Traffic Control Vehicle 1,Traffic Control Vehicle 2,Count of Lanes,Road Condition 1,Road Condition 2,Road Condition 3,Environment Condition 1,Environment Condition 2,Environment Condition 3,Crash Harmful Event,Manner of Collision,Vehicle Movement,Driver Action Vehicle 1,Driver Action Vehicle 2,Location Within Workzone,Type of Workzone,Workers Present in Workzone,Law Enforcement Present in Workzone,School Bus Related,Count of Nonfatal Injuries,Count of Traffic Fatalities,Count of Serious Injuries,Count of Pedestrians,Count of Drivers,Count of Bicyclists,Count of Vehicles,Count of Persons,Wrong Way,Workzone Inv,Commercial Vehicle Inv,Intersection Inv,Lane Departure,Speeding,Agressive Driving,Impaired Driver,Impaired Pedestrian,Impaired Bicyclist,Distracted Driver,Speeding or Aggressive Driving,Pedestrian Related,Bicyclist Related,Pedestrian or Bicyclist Related,Motorcycle Inv,No Belt,No Belt - Ages 1-4,No Belt - Ages 5-12,No Belt - Ages 13-17,Driver - Ages Teen,Driver - Ages 65 plus,Driver - Ages 65-69,Driver - Ages 70-74,Driver - Ages 75-79,Driver - Ages 80 plus,ARBM Latitude,ARBM Longitude,UTM Zone 17N X,UTM Zone 17N Y,ARBM Side of Road,Urban Rural Indicator,GIS Street Source,Extract Date,OBJECTID,x,y
2.01282E+12,2012,820585240,FHPL12OFF077792,FLORIDA HIGHWAY PATROL,04 FOURTH,BROWARD,18-Dec-12,745,WEDNESDAY,8638 FT. LAUDERDALE,1038,Y,I 95,CYPRESS CREEK RD,0.25,N,26.2057926,-80.1416132,26.2060983,-80.141054,86070000,16.547,2567,SR 9,I 95,L LEFT,2 THRU LANE 2,S SOUTH,01 INTERSTATE URBAN,01 INTERSTATE,01 NON-JUNCTION,01 ON ROADWAY,01 NOT AT INTERSECTION,01 PAVED,31,2-Dec-08,11 URBAN PRIN ART INT.,52,PAVED WARN,15,LAWN,12,,0,27,231000,RCI,4.3,,65,1 NO INJURY,31 Q/C COMPLETED - LOC VERIFIED,0 NO,01 NOT AT INTERSECTION/RRX/BRIDGE,01 DAYLIGHT,01 CLEAR,01 DRY,01 LEVEL,1 STRAIGHT,"TWO-WAY, DIVIDED, POSITIVE MED","TWO-WAY, DIVIDED, POSITIVE MED",NO CONTROLS,NO CONTROLS,8,NONE,NOT CODED,NOT CODED,NONE,NOT CODED,NOT CODED,14 MOTOR VEHICLE IN TRANSPORT,01 FRONT TO REAR,01 STRAIGHT AHEAD,OPERATED MV IN CARLESS OR NEGL,NO CONTRIBUTING ACTION,00 NOT CODED,00 NOT CODED,00 NOT CODED,00 NOT CODED,01 NO,0,0,0,0,2,0,2,2,N,N,N,N,N,N,N,N,N,N,N,N,N,N,N,N,N,N,N,N,N,N,N,N,N,N,26.20607758,-80.14138161,585780.0203,2898789.802,L,,ARBM15Q1R2,26-Feb-22,82324,-8921298.09,3024627.598
2.01291E+12,2012,914163420,12071654,CITY POLICE DEPARTMENT,04 FOURTH,BROWARD,22-Jun-12,940,SATURDAY,8638 FT. LAUDERDALE,1038,Y,9TH AVE NW,SR 838/SUNRISE BLVD,0.009,N,0,0,26.1366781,-80.1538554,86065000,0.009,3412,SR 845,,L LEFT,L LEFT TURN,S SOUTH,30 URBAN 6+LN 2WY DIVD RASD,05 LOCAL,01 NON-JUNCTION,01 ON ROADWAY,01 NOT AT INTERSECTION,02 UNPAVED,41,9-Mar-12,14 URBAN PRIN ART OTHER,33,CURB&GUTTER,2,,0,,0,16,20100,RCI,4.8,,40,3 NO-INCAPACITATING INJURY,31 Q/C COMPLETED - LOC VERIFIED,0 NO,02 AT INTERSECTION,01 DAYLIGHT,03 RAIN,02 WET,01 LEVEL,1 STRAIGHT,"TWO-WAY, DIVIDED, POSITIVE MED","TWO-WAY, DIVIDED, POSITIVE MED",TRAFFIC CONTROL SIGNAL,TRAFFIC CONTROL SIGNAL,6,NONE,NOT CODED,NOT CODED,NONE,NOT CODED,NOT CODED,14 MOTOR VEHICLE IN TRANSPORT,01 FRONT TO REAR,01 STRAIGHT AHEAD,FOLLOWED TOO CLOSELY,NO CONTRIBUTING ACTION,00 NOT CODED,00 NOT CODED,00 NOT CODED,00 NOT CODED,01 NO,1,0,0,0,2,0,2,2,N,N,N,Y,N,N,N,N,N,N,Y,N,N,N,N,N,N,N,N,N,N,N,N,N,N,N,26.13659576,-80.15392357,584577.0866,2891086.197,L,,ARBM15Q1R2,26-Feb-22,82337,-8922694.255,3016009.365
2.01291E+12,2012,913813280,125051,CITY POLICE DEPARTMENT,04 FOURTH,BROWARD,12-Jan-12,1946,FRIDAY,8638 FT. LAUDERDALE,1038,Y,9TH AVE NW,16TH ST NW,0,,0,0,26.1470184,-80.1542054,86065000,0.722,1977,SR 845,,R RIGHT,2 THRU LANE 2,E EAST,30 URBAN 6+LN 2WY DIVD RASD,04 COUNTY,02 INTERSECTION,01 ON ROADWAY,02 FOUR-WAY INTERSECTION,01 PAVED,35,9-Mar-12,14 URBAN PRIN ART OTHER,33,CURB&GUTTER,2,,0,,0,16,20100,RCI,4.8,,40,1 NO INJURY,31 Q/C COMPLETED - LOC VERIFIED,0 NO,02 AT INTERSECTION,04 DARK-LIGHTED,01 CLEAR,01 DRY,01 LEVEL,1 STRAIGHT,"TWO-WAY, DIVIDED, POSITIVE MED","TWO-WAY, DIVIDED, POSITIVE MED",NO CONTROLS,NO CONTROLS,6,NONE,NOT CODED,NOT CODED,NONE,NOT CODED,NOT CODED,14 MOTOR VEHICLE IN TRANSPORT,03 ANGLE,03 TURNING LEFT,FAILED TO YIELD RIGHT-OF-WAY,NO CONTRIBUTING ACTION,00 NOT CODED,00 NOT CODED,00 NOT CODED,00 NOT CODED,01 NO,0,0,0,0,2,0,2,4,N,N,N,Y,N,N,N,N,N,N,Y,N,N,N,N,N,N,N,N,N,N,N,N,N,N,N,26.14694917,-80.15417908,584544.0852,2892232.705,R,,ARBM15Q1R2,26-Feb-22,82341,-8922722.698,3017293.233
2.01291E+12,2012,914191010,1220123,CITY POLICE DEPARTMENT,04 FOURTH,BROWARD,19-Feb-12,1818,MONDAY,8638 FT. LAUDERDALE,1038,Y,9TH AVE NW,19TH ST NW,0,,0,0,26.151441,-80.1543511,86065000,1.027,1810,SR 845,,L LEFT,2 THRU LANE 2,N NORTH,30 URBAN 6+LN 2WY DIVD RASD,05 LOCAL,02 INTERSECTION,01 ON ROADWAY,02 FOUR-WAY INTERSECTION,01 PAVED,35,9-Mar-12,14 URBAN PRIN ART OTHER,33,CURB&GUTTER,2,,0,,0,16,20100,RCI,4.8,,40,4 INCAPACITATING INJURY,31 Q/C COMPLETED - LOC VERIFIED,0 NO,02 AT INTERSECTION,04 DARK-LIGHTED,01 CLEAR,01 DRY,01 LEVEL,1 STRAIGHT,"TWO-WAY, DIVIDED, POSITIVE MED","TWO-WAY, NOT DIVIDED",TRAFFIC CONTROL SIGNAL,TRAFFIC CONTROL SIGNAL,6,NONE,NOT CODED,NOT CODED,NONE,NOT CODED,NOT CODED,14 MOTOR VEHICLE IN TRANSPORT,77 OTHER (SEE NARRATIVE),03 TURNING LEFT,FAILED TO YIELD RIGHT-OF-WAY,NO CONTRIBUTING ACTION,00 NOT CODED,00 NOT CODED,00 NOT CODED,00 NOT CODED,01 NO,1,0,1,0,2,0,2,3,N,N,N,Y,N,N,N,N,N,N,N,N,N,N,N,N,N,N,N,N,N,N,N,N,N,N,26.1513676,-80.15448097,584510.726,2892721.866,L,,ARBM15Q1R2,26-Feb-22,82342,-8922756.304,3017841.173
2.01282E+12,2012,822743320,FHPL12OFF016475,FLORIDA HIGHWAY PATROL,04 FOURTH,BROWARD,17-Mar-12,140,SUNDAY,8638 FT. LAUDERDALE,1038,Y,SR 9,SR 816,0.1,S,26.1612883,-80.1630416,26.1640427,-80.161068,86070000,13.31,1534,SR 9,I 95,R RIGHT,2 THRU LANE 2,N NORTH,01 INTERSTATE URBAN,01 INTERSTATE,01 NON-JUNCTION,01 ON ROADWAY,01 NOT AT INTERSECTION,01 PAVED,36,2-Dec-08,11 URBAN PRIN ART INT.,64,PAVED WARN,8,VALLEY GUTR,3,,0,27,262000,RCI,6.8,,65,1 NO INJURY,31 Q/C COMPLETED - LOC VERIFIED,0 NO,01 NOT AT INTERSECTION/RRX/BRIDGE,04 DARK-LIGHTED,01 CLEAR,01 DRY,01 LEVEL,1 STRAIGHT,"TWO-WAY, DIVIDED, POSITIVE MED","TWO-WAY, DIVIDED, POSITIVE MED",NO CONTROLS,NO CONTROLS,10,NONE,NOT CODED,NOT CODED,NONE,NOT CODED,NOT CODED,14 MOTOR VEHICLE IN TRANSPORT,03 ANGLE,06 CHANGING LANES,NOT CODED,NO CONTRIBUTING ACTION,00 NOT CODED,00 NOT CODED,00 NOT CODED,00 NOT CODED,01 NO,0,0,0,0,2,0,3,7,N,N,N,N,Y,N,N,N,N,N,N,N,N,N,N,N,N,N,N,N,N,N,N,N,N,N,26.16401595,-80.16106571,583843.5006,2894118.449,R,,ARBM15Q1R2,26-Feb-22,82441,-8923489.314,3019409.837
2.01283E+12,2012,828435780,FHPL12OFF003951,FLORIDA HIGHWAY PATROL,04 FOURTH,BROWARD,19-Jan-12,2119,FRIDAY,8638 FT. LAUDERDALE,1038,Y,SR 9,CYPRESS CREEK RD,0.038,S,26.203283,-80.1440804,26.2025669,-80.1448328,86070000,16.209,2031,SR 9,I 95,R RIGHT,1 THRU LANE 1,N NORTH,01 INTERSTATE URBAN,01 INTERSTATE,18 THROUGH ROADWAY,01 ON ROADWAY,01 NOT AT INTERSECTION,01 PAVED,31,2-Dec-08,11 URBAN PRIN ART INT.,52,PAVED WARN,10,LAWN,3,,0,27,239000,RCI,6.4,,65,3 NO-INCAPACITATING INJURY,31 Q/C COMPLETED - LOC VERIFIED,0 NO,01 NOT AT INTERSECTION/RRX/BRIDGE,04 DARK-LIGHTED,01 CLEAR,01 DRY,01 LEVEL,1 STRAIGHT,"TWO-WAY, DIVIDED, POSITIVE MED","TWO-WAY, DIVIDED, POSITIVE MED",NO CONTROLS,NO CONTROLS,8,NONE,NOT CODED,NOT CODED,NONE,NOT CODED,NOT CODED,14 MOTOR VEHICLE IN TRANSPORT,77 OTHER (SEE NARRATIVE),06 CHANGING LANES,NOT CODED,NO CONTRIBUTING ACTION,00 NOT CODED,00 NOT CODED,00 NOT CODED,00 NOT CODED,01 NO,1,0,0,0,3,0,4,5,N,N,Y,N,N,N,N,N,N,N,N,N,N,N,N,N,N,N,N,N,N,N,N,N,N,N,26.20256934,-80.14486496,585434.5625,2898398.949,R,,ARBM15Q1R2,26-Feb-22,82453,-8921685.855,3024192.327
2.01283E+12,2012,828435790,FHPL12OFF003986,FLORIDA HIGHWAY PATROL,04 FOURTH,BROWARD,19-Jan-12,2119,FRIDAY,8638 FT. LAUDERDALE,1038,Y,SR 9,CYPRESS CREEK RD,0.057,S,26.2027776,-80.1446405,26.2023683,-80.1450449,86070000,16.19,2031,SR 9,I 95,R RIGHT,4 THRU LANE 4,N NORTH,01 INTERSTATE URBAN,01 INTERSTATE,18 THROUGH ROADWAY,01 ON ROADWAY,01 NOT AT INTERSECTION,01 PAVED,31,2-Dec-08,11 URBAN PRIN ART INT.,52,PAVED WARN,15,LAWN,12,,0,27,239000,RCI,6.4,,65,3 NO-INCAPACITATING INJURY,31 Q/C COMPLETED - LOC VERIFIED,0 NO,01 NOT AT INTERSECTION/RRX/BRIDGE,04 DARK-LIGHTED,01 CLEAR,01 DRY,01 LEVEL,1 STRAIGHT,"TWO-WAY, DIVIDED, POSITIVE MED","TWO-WAY, DIVIDED, POSITIVE MED",NO CONTROLS,NO CONTROLS,8,NONE,NOT CODED,NOT CODED,NONE,NOT CODED,NOT CODED,14 MOTOR VEHICLE IN TRANSPORT,77 OTHER (SEE NARRATIVE),06 CHANGING LANES,NOT CODED,NO CONTRIBUTING ACTION,00 NOT CODED,00 NOT CODED,00 NOT CODED,00 NOT CODED,01 NO,1,0,0,0,2,0,3,7,N,N,Y,N,N,N,N,N,N,N,N,N,N,N,N,N,N,N,N,N,N,N,N,N,N,N,26.20237157,-80.14507827,585413.3945,2898376.905,R,,ARBM15Q1R2,26-Feb-22,82454,-8921709.6,3024167.79
2.01284E+12,2012,836399700,12144621,CITY POLICE DEPARTMENT,04 FOURTH,BROWARD,22-Dec-12,2037,SUNDAY,8638 FT. LAUDERDALE,1038,Y,POWERLINE RD,62ND ST NW,0.004,N,0,0,26.2031443,-80.1556858,86065000,4.593,1984,SR 845,,L LEFT,L LEFT TURN,N NORTH,30 URBAN 6+LN 2WY DIVD RASD,03 STATE,01 NON-JUNCTION,01 ON ROADWAY,02 FOUR-WAY INTERSECTION,01 PAVED,36,9-Mar-12,14 URBAN PRIN ART OTHER,32,CURB&GUTTER,2,,0,,0,29,33500,RCI,5.9,,45,1 NO INJURY,31 Q/C COMPLETED - LOC VERIFIED,0 NO,02 AT INTERSECTION,05 DARK-NOT LIGHTED,01 CLEAR,01 DRY,01 LEVEL,1 STRAIGHT,"TWO-WAY, DIVIDED, POSITIVE MED","TWO-WAY, DIVIDED, UNPROTECTED",TRAFFIC CONTROL SIGNAL,TRAFFIC CONTROL SIGNAL,6,NONE,NOT CODED,NOT CODED,NONE,NOT CODED,NOT CODED,14 MOTOR VEHICLE IN TRANSPORT,02 FRONT TO FRONT,05 TURNING RIGHT,FAILED TO KEEP IN PROPER LANE,NO CONTRIBUTING ACTION,00 NOT CODED,00 NOT CODED,00 NOT CODED,00 NOT CODED,01 NO,0,0,0,0,2,0,2,2,N,N,N,Y,N,N,N,N,N,N,N,N,N,N,N,N,N,N,N,N,N,N,N,N,N,N,26.20308167,-80.15584554,584337.0995,2898448.508,L,,ARBM15Q1R2,26-Feb-22,82465,-8922908.208,3024255.892
2.01284E+12,2012,836020570,12109719,CITY POLICE DEPARTMENT,04 FOURTH,BROWARD,25-Sep-12,1011,WEDNESDAY,8638 FT. LAUDERDALE,1038,Y,9TH AVE NW,COMMERCIAL BLVD,0.006,S,0,0,26.1884413,-80.1551876,86065000,3.579,2159,SR 845,,R RIGHT,2 THRU LANE 2,N NORTH,30 URBAN 6+LN 2WY DIVD RASD,03 STATE,03 INTERSECTION-RELATED,01 ON ROADWAY,02 FOUR-WAY INTERSECTION,03 CURB,40,9-Mar-12,14 URBAN PRIN ART OTHER,33,CURB&GUTTER,2,,0,,0,29,33500,RCI,5.9,,45,3 NO-INCAPACITATING INJURY,31 Q/C COMPLETED - LOC VERIFIED,0 NO,02 AT INTERSECTION,01 DAYLIGHT,02 CLOUDY,01 DRY,01 LEVEL,1 STRAIGHT,"TWO-WAY, DIVIDED, POSITIVE MED","TWO-WAY, DIVIDED, POSITIVE MED",TRAFFIC CONTROL SIGNAL,TRAFFIC CONTROL SIGNAL,6,NONE,NOT CODED,NOT CODED,NONE,NOT CODED,NOT CODED,14 MOTOR VEHICLE IN TRANSPORT,01 FRONT TO REAR,77 OTHER (SEE NARRATIVE),OTHER CONTRIBUTING ACTION,NO CONTRIBUTING ACTION,00 NOT CODED,00 NOT CODED,00 NOT CODED,00 NOT CODED,01 NO,7,0,0,0,2,0,2,8,N,N,N,Y,N,N,N,N,N,N,N,N,N,N,N,N,Y,N,N,N,N,N,N,N,N,N,26.18838545,-80.155179,584414.29,2896821.275,R,,ARBM15Q1R2,26-Feb-22,82466,-8922834.009,3022432.653
2.01282E+12,2012,820399720,FHPL12OFF002137,FLORIDA HIGHWAY PATROL,04 FOURTH,BROWARD,11-Jan-12,841,THURSDAY,8638 FT. LAUDERDALE,1038,Y,SR 9,SR 736,0.25,N,26.1092383,-80.1685499,26.1104342,-80.1685146,86070000,9.505,5460,SR 9,I 95,R RIGHT,2 THRU LANE 2,N NORTH,01 INTERSTATE URBAN,01 INTERSTATE,01 NON-JUNCTION,01 ON ROADWAY,01 NOT AT INTERSECTION,02 UNPAVED,41,2-Dec-08,11 URBAN PRIN ART INT.,52,PAVED WARN,10,LAWN,12,,0,18,287000,RCI,6.8,,65,1 NO INJURY,31 Q/C COMPLETED - LOC VERIFIED,0 NO,01 NOT AT INTERSECTION/RRX/BRIDGE,01 DAYLIGHT,01 CLEAR,01 DRY,01 LEVEL,1 STRAIGHT,"TWO-WAY, DIVIDED, POSITIVE MED","TWO-WAY, DIVIDED, POSITIVE MED",NO CONTROLS,NO CONTROLS,8,NONE,NOT CODED,NOT CODED,NONE,NOT CODED,NOT CODED,14 MOTOR VEHICLE IN TRANSPORT,01 FRONT TO REAR,01 STRAIGHT AHEAD,OTHER CONTRIBUTING ACTION,NO CONTRIBUTING ACTION,00 NOT CODED,00 NOT CODED,00 NOT CODED,00 NOT CODED,01 NO,0,0,0,0,2,0,2,2,N,N,N,N,N,N,N,N,N,N,N,N,N,N,N,N,N,N,N,N,N,N,N,N,N,N,26.1103968,-80.16850853,583137.5962,2888175.187,R,,ARBM15Q1R2,26-Feb-22,82470,-8924317.846,3012761.089
2.01284E+12,2012,836394320,12137772,CITY POLICE DEPARTMENT,04 FOURTH,BROWARD,5-Dec-12,2052,THURSDAY,8638 FT. LAUDERDALE,1038,Y,SR A1A,SR 816,0,,0,0,26.1675176,-80.1004096,86050000,5.382,595,SR A1A,,L LEFT,2 THRU LANE 2,S SOUTH,20 URBAN 4-5LN 2WY DIVD RASD,03 STATE,01 NON-JUNCTION,01 ON ROADWAY,02 FOUR-WAY INTERSECTION,03 CURB,48,24-Jul-12,16 URBAN MINOR ART,20,PAVED,4,CURB&GUTTER,2,,0,19,30000,RCI,4.6,,35,1 NO INJURY,31 Q/C COMPLETED - LOC VERIFIED,0 NO,02 AT INTERSECTION,04 DARK-LIGHTED,01 CLEAR,01 DRY,01 LEVEL,1 STRAIGHT,"TWO-WAY, DIVIDED, UNPROTECTED","TWO-WAY, DIVIDED, UNPROTECTED",TRAFFIC CONTROL SIGNAL,TRAFFIC CONTROL SIGNAL,4,NONE,NOT CODED,NOT CODED,NONE,NOT CODED,NOT CODED,14 MOTOR VEHICLE IN TRANSPORT,01 FRONT TO REAR,01 STRAIGHT AHEAD,OTHER CONTRIBUTING ACTION,NO CONTRIBUTING ACTION,00 NOT CODED,00 NOT CODED,00 NOT CODED,00 NOT CODED,01 NO,0,0,0,0,2,0,2,2,N,N,N,Y,N,N,N,N,N,N,N,N,N,N,N,N,N,N,N,N,N,Y,N,N,N,Y,26.16753666,-80.10045718,589898.3422,2894548.909,L,,ARBM15Q1R2,26-Feb-22,82576,-8916742.402,3019846.51
2.01284E+12,2012,836398270,12133520,CITY POLICE DEPARTMENT,04 FOURTH,BROWARD,24-Nov-12,2250,SUNDAY,8638 FT. LAUDERDALE,1038,Y,GALT OCEAN DR,OCEAN BLVD,0.009,E,0,0,26.1686759,-80.1001852,86050000,5.465,5706,SR A1A,,S SIDE RD RIGHT,S SIDE OF ROAD,W WEST,30 URBAN 6+LN 2WY DIVD RASD,05 LOCAL,01 NON-JUNCTION,01 ON ROADWAY,01 NOT AT INTERSECTION,01 PAVED,48,24-Jul-12,16 URBAN MINOR ART,33,CURB&GUTTER,2,,0,,0,17,30000,RCI,4.6,,35,1 NO INJURY,31 Q/C COMPLETED - LOC VERIFIED,0 NO,02 AT INTERSECTION,04 DARK-LIGHTED,01 CLEAR,01 DRY,01 LEVEL,2 CURVE RIGHT,"TWO-WAY, DIVIDED, POSITIVE MED",,TRAFFIC CONTROL SIGNAL,NOT CODED,6,NONE,NOT CODED,NOT CODED,NONE,NOT CODED,NOT CODED,24 CURB,02 FRONT TO FRONT,01 STRAIGHT AHEAD,OPERATED MV IN CARLESS OR NEGL,NOT CODED,00 NOT CODED,00 NOT CODED,00 NOT CODED,00 NOT CODED,01 NO,0,0,0,0,1,0,1,1,N,N,N,Y,N,N,N,N,N,N,N,N,N,N,N,N,N,N,N,N,N,N,N,N,N,N,26.16873511,-80.10018806,589924.3193,2894681.829,R,,ARBM15Q1R2,26-Feb-22,82577,-8916712.444,3019995.157
2.01284E+12,2012,836029850,12129268,CITY POLICE DEPARTMENT,04 FOURTH,BROWARD,13-Nov-12,720,WEDNESDAY,8638 FT. LAUDERDALE,1038,Y,ATLANTIC BLVD,BAY SHORE DR,0.013,S,0,0,26.1277748,-80.1034599,86050000,2.631,756,SR A1A,,R RIGHT,2 THRU LANE 2,N NORTH,20 URBAN 4-5LN 2WY DIVD RASD,03 STATE,01 NON-JUNCTION,01 ON ROADWAY,01 NOT AT INTERSECTION,03 CURB,43,24-Jul-12,16 URBAN MINOR ART,21,PAVED,4,CURB&GUTTER,2,,0,14,29500,RCI,2.2,,30,1 NO INJURY,31 Q/C COMPLETED - LOC VERIFIED,0 NO,03 INFLUENCED BY INTERSECTION,01 DAYLIGHT,01 CLEAR,01 DRY,01 LEVEL,1 STRAIGHT,"TWO-WAY, NOT DIVIDED","TWO-WAY, NOT DIVIDED",TRAFFIC CONTROL SIGNAL,TRAFFIC CONTROL SIGNAL,4,NONE,NOT CODED,NOT CODED,NONE,NOT CODED,NOT CODED,14 MOTOR VEHICLE IN TRANSPORT,88 UNKNOWN,01 STRAIGHT AHEAD,OTHER CONTRIBUTING ACTION,NO CONTRIBUTING ACTION,00 NOT CODED,00 NOT CODED,00 NOT CODED,00 NOT CODED,01 NO,0,0,0,0,2,0,2,2,N,N,N,Y,N,N,N,N,N,N,Y,N,N,N,N,N,N,N,N,N,N,N,N,N,N,N,26.12778342,-80.10347092,589627.5035,2890143.985,C,,ARBM15Q1R2,26-Feb-22,82578,-8917077.89,3014916.686
2.01291E+12,2012,913842590,125714,CITY POLICE DEPARTMENT,04 FOURTH,BROWARD,14-Jan-12,1953,SUNDAY,8638 FT. LAUDERDALE,1038,Y,LAS OLAS BLVD,SEABREEZE BLVD,0.009,E,0,0,26.1192787,-80.105762,86050000,1.968,747,SR 842,,R RIGHT,2 THRU LANE 2,E EAST,20 URBAN 4-5LN 2WY DIVD RASD,03 STATE,01 NON-JUNCTION,01 ON ROADWAY,01 NOT AT INTERSECTION,03 CURB,44,24-Jul-12,16 URBAN MINOR ART,22,PAVED,4,CURB&GUTTER,2,,0,18,20000,RCI,3.9,,30,3 NO-INCAPACITATING INJURY,31 Q/C COMPLETED - LOC VERIFIED,0 NO,02 AT INTERSECTION,04 DARK-LIGHTED,01 CLEAR,01 DRY,01 LEVEL,1 STRAIGHT,"TWO-WAY, NOT DIVIDED","TWO-WAY, NOT DIVIDED",NO CONTROLS,NO CONTROLS,4,NONE,NOT CODED,NOT CODED,NONE,NOT CODED,NOT CODED,14 MOTOR VEHICLE IN TRANSPORT,77 OTHER (SEE NARRATIVE),01 STRAIGHT AHEAD,OTHER CONTRIBUTING ACTION,NO CONTRIBUTING ACTION,00 NOT CODED,00 NOT CODED,00 NOT CODED,00 NOT CODED,01 NO,4,0,0,0,6,0,6,11,N,N,N,Y,N,N,N,N,N,N,N,N,N,N,N,N,N,N,N,N,N,Y,Y,Y,Y,N,26.11926522,-80.10574194,589406.938,2889198.999,C,,ARBM15Q1R2,26-Feb-22,82579,-8917330.699,3013860.558
2.01212E+12,2012,120986460,12124162,CITY POLICE DEPARTMENT,04 FOURTH,BROWARD,31-Oct-12,1112,THURSDAY,8638 FT. LAUDERDALE,1038,Y,SR A1A,BAHIA MAR HOTEL,0,,0,0,26.1131994,-80.1055029,86050100,0.926,709,SR A1A,,R RIGHT,1 THRU LANE 1,U UNNWN,40 URBAN ONE WAY,03 STATE,01 NON-JUNCTION,01 ON ROADWAY,03 T-INTERSECTION,03 CURB,41,24-Jul-12,16 URBAN MINOR ART,22,CURB&GUTTER,3,CURB&GUTTER,2,,0,,13000,RCI,6.7,,30,2 POSSIBLE INJURY,31 Q/C COMPLETED - LOC VERIFIED,0 NO,02 AT INTERSECTION,01 DAYLIGHT,01 CLEAR,01 DRY,01 LEVEL,1 STRAIGHT,"TWO-WAY, DIVIDED, UNPROTECTED","TWO-WAY, DIVIDED, UNPROTECTED",TRAFFIC CONTROL SIGNAL,TRAFFIC CONTROL SIGNAL,2,NONE,NOT CODED,NOT CODED,NONE,NOT CODED,NOT CODED,14 MOTOR VEHICLE IN TRANSPORT,03 ANGLE,10 MAKING U-TURN,IMPROPER TURN,NO CONTRIBUTING ACTION,00 NOT CODED,00 NOT CODED,00 NOT CODED,00 NOT CODED,01 NO,1,0,0,0,2,0,2,3,N,N,N,Y,N,N,N,N,N,N,N,N,N,N,N,N,Y,N,N,N,N,N,N,N,N,N,26.11307523,-80.10549734,589436.1063,2888513.601,O,,ARBM15Q1R2,26-Feb-22,82581,-8917303.47,3013093.14
2.01284E+12,2012,835821290,1294370,CITY POLICE DEPARTMENT,04 FOURTH,BROWARD,18-Aug-12,127,SUNDAY,8638 FT. LAUDERDALE,1038,Y,SEABREEZE BLVD,LAS OLAS BLVD,0.004,N,0,0,26.1192249,-80.1058778,86050100,0.489,747,SR A1A,,R RIGHT,1 THRU LANE 1,N NORTH,40 URBAN ONE WAY,05 LOCAL,01 NON-JUNCTION,01 ON ROADWAY,01 NOT AT INTERSECTION,03 CURB,41,24-Jul-12,16 URBAN MINOR ART,20,CURB&GUTTER,2,CURB&GUTTER,2,,0,,13000,RCI,6.7,,30,3 NO-INCAPACITATING INJURY,31 Q/C COMPLETED - LOC VERIFIED,0 NO,02 AT INTERSECTION,04 DARK-LIGHTED,01 CLEAR,01 DRY,01 LEVEL,1 STRAIGHT,ONE-WAY TRAFFICWAY,ONE-WAY TRAFFICWAY,OTHER (SEE NARRATIVE),OTHER (SEE NARRATIVE),2,NONE,NOT CODED,NOT CODED,NONE,NOT CODED,NOT CODED,14 MOTOR VEHICLE IN TRANSPORT,02 FRONT TO FRONT,01 STRAIGHT AHEAD,WRONG SIDE OF WRONG WAY,NO CONTRIBUTING ACTION,00 NOT CODED,00 NOT CODED,00 NOT CODED,00 NOT CODED,01 NO,1,0,0,0,2,0,3,5,Y,N,N,Y,N,N,N,N,N,N,N,N,N,N,N,N,N,N,N,N,Y,N,N,N,N,N,26.11926379,-80.10587726,589393.4095,2889198.747,O,,ARBM15Q1R2,26-Feb-22,82582,-8917345.763,3013860.381
2.01291E+12,2012,914193610,1261097,CITY POLICE DEPARTMENT,04 FOURTH,BROWARD,27-May-12,1830,MONDAY,8638 FT. LAUDERDALE,1038,Y,SR A1A,LAS OLAS BLVD,0.009,S,0,0,26.1190539,-80.1058745,86050100,0.502,747,SR A1A,,L LEFT,1 THRU LANE 1,N NORTH,40 URBAN ONE WAY,03 STATE,01 NON-JUNCTION,01 ON ROADWAY,01 NOT AT INTERSECTION,03 CURB,41,24-Jul-12,16 URBAN MINOR ART,22,CURB&GUTTER,3,CURB&GUTTER,2,,0,,13000,RCI,6.7,,30,1 NO INJURY,31 Q/C COMPLETED - LOC VERIFIED,0 NO,02 AT INTERSECTION,01 DAYLIGHT,02 CLOUDY,01 DRY,01 LEVEL,1 STRAIGHT,ONE-WAY TRAFFICWAY,ONE-WAY TRAFFICWAY,TRAFFIC CONTROL SIGNAL,TRAFFIC CONTROL SIGNAL,2,NONE,NOT CODED,NOT CODED,NONE,NOT CODED,NOT CODED,14 MOTOR VEHICLE IN TRANSPORT,01 FRONT TO REAR,01 STRAIGHT AHEAD,OTHER CONTRIBUTING ACTION,NO CONTRIBUTING ACTION,00 NOT CODED,00 NOT CODED,00 NOT CODED,00 NOT CODED,01 NO,0,0,0,0,2,0,2,2,N,N,N,Y,N,N,N,N,N,N,N,N,N,N,N,N,N,N,N,N,N,N,N,N,N,N,26.11907736,-80.10586718,589394.559,2889178.106,O,,ARBM15Q1R2,26-Feb-22,82583,-8917344.641,3013837.266