Crash Id,Calendar Year,FDOT Crash Number,Reporting Agency Case Number,Reporting Agency Type,FDOT Managing District,County Name,Crash Date,Crash Time,Day,DHSMV City,Crash Report City Code,In Town,On Roadway Name,Int Roadway Name,Reference Distance (Miles),Reference Direction,Officer Latitude,Officer Longitude,FDOT Latitude,FDOT Longitude,FDOT Roadway,Nearest Inventory MP,Nearest Node From Crash,State Road #,US Highway,Crash Side of Road,Accident Lane Number,Travel Direction Vehicle 1,FDOT Road Category,DHSMV Road System Id,Relation to Junction,Crash Harmful Event Location,Intersection Type,Shoulder Type,FDOT Roadway SKID Test Result,FDOT Roadway SKID Test Date,Functional Class,RCI Surface Width,RCI Shoulder Type First,RCI Shoulder Width First,RCI Shoulder Type Second,RCI Shoulder Width Second,RCI Shoulder Type Third,RCI Shoulder Width Third,RCI Median Width,Avg Daily Traffic,AADT Source,RCI Avg Per Truck Traffic,RCI Horiz Curve Condition,Posted Speed Limit,Highest Injury in Crash,CAR Status Code,Alcohols/Drug Involved,Site Location,Lighting,Weather,Road Surface,Roadway Grade,Roadway Alignment,Traffic Way Vehicle 1,Traffic Way Vehicle 2,Traffic Control Vehicle 1,Traffic Control Vehicle 2,Count of Lanes,Road Condition 1,Road Condition 2,Road Condition 3,Environment Condition 1,Environment Condition 2,Environment Condition 3,Crash Harmful Event,Manner of Collision,Vehicle Movement,Driver Action Vehicle 1,Driver Action Vehicle 2,Location Within Workzone,Type of Workzone,Workers Present in Workzone,Law Enforcement Present in Workzone,School Bus Related,Count of Nonfatal Injuries,Count of Traffic Fatalities,Count of Serious Injuries,Count of Pedestrians,Count of Drivers,Count of Bicyclists,Count of Vehicles,Count of Persons,Wrong Way,Workzone Inv,Commercial Vehicle Inv,Intersection Inv,Lane Departure,Speeding,Agressive Driving,Impaired Driver,Impaired Pedestrian,Impaired Bicyclist,Distracted Driver,Speeding or Aggressive Driving,Pedestrian Related,Bicyclist Related,Pedestrian or Bicyclist Related,Motorcycle Inv,No Belt,No Belt - Ages 1-4,No Belt - Ages 5-12,No Belt - Ages 13-17,Driver - Ages Teen,Driver - Ages 65 plus,Driver - Ages 65-69,Driver - Ages 70-74,Driver - Ages 75-79,Driver - Ages 80 plus,ARBM Latitude,ARBM Longitude,UTM Zone 17N X,UTM Zone 17N Y,ARBM Side of Road,Urban Rural Indicator,GIS Street Source,Extract Date,OBJECTID,x,y
2.01284E+12,2012,835824780,1290030,CITY POLICE DEPARTMENT,04 FOURTH,BROWARD,7-Aug-12,1030,WEDNESDAY,8638 FT. LAUDERDALE,1038,Y,SR 842,25TH AVE NW,0.038,W,0,0,26.1215667,-80.1756037,86006000,4.78,457,SR 842,,R RIGHT,2 THRU LANE 2,E EAST,30 URBAN 6+LN 2WY DIVD RASD,05 LOCAL,77 OTHER (SEE NARRATIVE),01 ON ROADWAY,01 NOT AT INTERSECTION,01 PAVED,39,21-Oct-09,14 URBAN PRIN ART OTHER,32,CURB&GUTTER,2,,0,,0,16,48500,RCI,3.4,,40,1 NO INJURY,31 Q/C COMPLETED - LOC VERIFIED,0 NO,03 INFLUENCED BY INTERSECTION,01 DAYLIGHT,01 CLEAR,01 DRY,01 LEVEL,1 STRAIGHT,UNKNOWN,UNKNOWN,NO CONTROLS,NO CONTROLS,6,OTHER (SEE NARRATIVE),NOT CODED,NOT CODED,NONE,NOT CODED,NOT CODED,14 MOTOR VEHICLE IN TRANSPORT,01 FRONT TO REAR,01 STRAIGHT AHEAD,OTHER CONTRIBUTING ACTION,OTHER CONTRIBUTING ACTION,00 NOT CODED,00 NOT CODED,00 NOT CODED,00 NOT CODED,01 NO,0,0,0,0,2,0,2,2,N,N,N,Y,N,N,N,N,N,N,Y,N,N,N,N,N,N,N,N,N,N,N,N,N,N,N,26.12156163,-80.17559192,582421.4925,2889407.215,R,,ARBM15Q1R2,26-Feb-22,114797,-8925106.366,3014145.27
2.01291E+12,2012,914174350,12021679,CITY POLICE DEPARTMENT,04 FOURTH,BROWARD,23-Feb-12,1246,FRIDAY,8638 FT. LAUDERDALE,1038,Y,SR 5,30TH ST SE L,0,,0,0,26.0871673,-80.1359254,86010001,2.161,3572,SR 5,US 1,I INTERSECTION,M MIDDLE,S SOUTH,30 URBAN 6+LN 2WY DIVD RASD,03 STATE,02 INTERSECTION,01 ON ROADWAY,03 T-INTERSECTION,02 UNPAVED,35,23-Jul-12,14 URBAN PRIN ART OTHER,48,CURB&GUTTER,2,,0,,0,48,28000,RCI,2.4,,50,1 NO INJURY,31 Q/C COMPLETED - LOC VERIFIED,0 NO,02 AT INTERSECTION,01 DAYLIGHT,01 CLEAR,01 DRY,01 LEVEL,1 STRAIGHT,"TWO-WAY, DIVIDED, POSITIVE MED","TWO-WAY, DIVIDED, POSITIVE MED",TRAFFIC CONTROL SIGNAL,TRAFFIC CONTROL SIGNAL,7,NONE,NOT CODED,NOT CODED,NONE,NOT CODED,NOT CODED,14 MOTOR VEHICLE IN TRANSPORT,03 ANGLE,01 STRAIGHT AHEAD,OTHER CONTRIBUTING ACTION,OTHER CONTRIBUTING ACTION,00 NOT CODED,00 NOT CODED,00 NOT CODED,00 NOT CODED,01 NO,0,0,0,0,2,0,2,2,N,N,N,Y,N,N,N,N,N,N,N,N,N,N,N,N,N,N,N,N,N,Y,N,Y,N,N,26.087275,-80.13588227,586416.9104,2885635.625,R,,ARBM15Q1R2,26-Feb-22,114799,-8920685.906,3009894.938
2.01291E+12,2012,913842500,122196,CITY POLICE DEPARTMENT,04 FOURTH,BROWARD,5-Jan-12,1653,FRIDAY,8638 FT. LAUDERDALE,1038,Y,BROWARD BLVD,15TH AVE NW,0.009,W,0,0,26.1218618,-80.1618165,86006000,5.638,462,SR 842,,L LEFT,3 THRU LANE 3,W WEST,30 URBAN 6+LN 2WY DIVD RASD,77 ALL OTHER,01 NON-JUNCTION,01 ON ROADWAY,03 T-INTERSECTION,01 PAVED,35,21-Oct-09,14 URBAN PRIN ART OTHER,32,PAVED,4,CURB&GUTTER,2,,0,17,78000,RCI,5.4,,40,2 POSSIBLE INJURY,31 Q/C COMPLETED - LOC VERIFIED,0 NO,02 AT INTERSECTION,01 DAYLIGHT,01 CLEAR,01 DRY,01 LEVEL,1 STRAIGHT,"TWO-WAY, DIVIDED, POSITIVE MED","TWO-WAY, DIVIDED, POSITIVE MED",TRAFFIC CONTROL SIGNAL,TRAFFIC CONTROL SIGNAL,6,NONE,NOT CODED,NOT CODED,NONE,NOT CODED,NOT CODED,14 MOTOR VEHICLE IN TRANSPORT,01 FRONT TO REAR,01 STRAIGHT AHEAD,FOLLOWED TOO CLOSELY,NO CONTRIBUTING ACTION,00 NOT CODED,00 NOT CODED,00 NOT CODED,00 NOT CODED,01 NO,1,0,0,0,2,0,2,2,N,N,N,Y,N,N,N,N,N,N,N,N,N,N,N,N,N,N,N,N,N,N,N,N,N,N,26.12197522,-80.16178493,583801.6336,2889461.841,L,,ARBM15Q1R2,26-Feb-22,114800,-8923569.378,3014196.549
2.01284E+12,2012,836023810,12118856,CITY POLICE DEPARTMENT,04 FOURTH,BROWARD,18-Oct-12,753,FRIDAY,8638 FT. LAUDERDALE,1038,Y,BROWARD BLVD,18TH AVE SW,0.019,E,0,0,26.1217028,-80.1653788,86006000,5.416,2009,SR 842,,L LEFT,2 THRU LANE 2,E EAST,30 URBAN 6+LN 2WY DIVD RASD,03 STATE,01 NON-JUNCTION,01 ON ROADWAY,01 NOT AT INTERSECTION,03 CURB,39,21-Oct-09,14 URBAN PRIN ART OTHER,32,PAVED,4,CURB&GUTTER,2,,0,17,78000,RCI,5.4,,40,1 NO INJURY,31 Q/C COMPLETED - LOC VERIFIED,0 NO,03 INFLUENCED BY INTERSECTION,01 DAYLIGHT,01 CLEAR,01 DRY,01 LEVEL,1 STRAIGHT,"TWO-WAY, DIVIDED, POSITIVE MED","TWO-WAY, DIVIDED, POSITIVE MED",NO CONTROLS,NO CONTROLS,6,NONE,NOT CODED,NOT CODED,NONE,NOT CODED,NOT CODED,14 MOTOR VEHICLE IN TRANSPORT,01 FRONT TO REAR,01 STRAIGHT AHEAD,OTHER CONTRIBUTING ACTION,NO CONTRIBUTING ACTION,00 NOT CODED,00 NOT CODED,00 NOT CODED,00 NOT CODED,01 NO,0,0,0,0,2,0,2,2,N,N,N,Y,N,N,N,N,N,N,N,N,N,N,N,N,N,N,N,N,N,Y,Y,N,N,N,26.1218251,-80.16535215,583445.0871,2889442.922,L,,ARBM15Q1R2,26-Feb-22,114801,-8923966.479,3014177.936
2.01284E+12,2012,835827230,12105759,CITY POLICE DEPARTMENT,04 FOURTH,BROWARD,15-Sep-12,1415,SUNDAY,8638 FT. LAUDERDALE,1038,Y,COMMERCIAL BLVD,BAYVIEW DR,0.057,E,0,0,26.1897572,-80.1059822,86014000,9.313,2726,SR 870,,M MEDIAN,M MIDDLE,E EAST,30 URBAN 6+LN 2WY DIVD RASD,03 STATE,01 NON-JUNCTION,04 MEDIAN,01 NOT AT INTERSECTION,03 CURB,34,7-Jun-11,16 URBAN MINOR ART,22,CURB&GUTTER,2,,0,,0,18,36500,RCI,4.2,,35,3 NO-INCAPACITATING INJURY,31 Q/C COMPLETED - LOC VERIFIED,0 NO,01 NOT AT INTERSECTION/RRX/BRIDGE,01 DAYLIGHT,01 CLEAR,01 DRY,01 LEVEL,1 STRAIGHT,"TWO-WAY, DIVIDED, POSITIVE MED",,NO CONTROLS,NOT CODED,5,NONE,NOT CODED,NOT CODED,NONE,NOT CODED,NOT CODED,24 CURB,77 OTHER (SEE NARRATIVE),01 STRAIGHT AHEAD,OTHER CONTRIBUTING ACTION,NOT CODED,00 NOT CODED,00 NOT CODED,00 NOT CODED,00 NOT CODED,01 NO,1,0,0,0,1,0,1,1,N,N,N,N,Y,N,N,N,N,N,N,N,N,N,N,N,N,N,N,N,N,N,N,N,N,N,26.18973913,-80.10597813,589329.6336,2897004.128,R,,ARBM15Q1R2,26-Feb-22,115229,-8917356.992,3022600.583
2.01284E+12,2012,835827240,12101859,CITY POLICE DEPARTMENT,04 FOURTH,BROWARD,5-Sep-12,1940,THURSDAY,8638 FT. LAUDERDALE,1038,Y,COMMERCIAL BLVD,SR 9,0.002,W,0,0,26.1882079,-80.152851,86014000,6.396,4129,SR 870,,M MEDIAN,M MIDDLE,W WEST,30 URBAN 6+LN 2WY DIVD RASD,03 STATE,01 NON-JUNCTION,02 OFF ROADWAY,01 NOT AT INTERSECTION,03 CURB,33,7-Jun-11,14 URBAN PRIN ART OTHER,33,PAVED,4,CURB&GUTTER,2,,0,37,59000,RCI,4.4,,45,1 NO INJURY,31 Q/C COMPLETED - LOC VERIFIED,1 ALC,02 AT INTERSECTION,02 DUSK,01 CLEAR,01 DRY,01 LEVEL,1 STRAIGHT,"TWO-WAY, DIVIDED, POSITIVE MED",,NO CONTROLS,NOT CODED,6,NONE,NOT CODED,NOT CODED,NONE,NOT CODED,NOT CODED,24 CURB,77 OTHER (SEE NARRATIVE),77 OTHER (SEE NARRATIVE),RAN OFF ROADWAY,NOT CODED,00 NOT CODED,00 NOT CODED,00 NOT CODED,00 NOT CODED,01 NO,0,0,0,0,1,0,1,1,N,N,N,Y,N,N,N,N,N,N,N,N,N,N,N,N,N,N,N,N,N,N,N,N,N,N,26.18818947,-80.15287658,584644.4992,2896801.069,R,,ARBM15Q1R2,26-Feb-22,115230,-8922577.705,3022408.341
2.01291E+12,2012,914194510,1264754,CITY POLICE DEPARTMENT,04 FOURTH,BROWARD,5-Jun-12,1340,WEDNESDAY,8638 FT. LAUDERDALE,1038,Y,COMMERCIAL BLVD,DUPONT BLVD,0,,0,0,26.189796,-80.1037768,86014000,9.45,2109,SR 870,,L LEFT,2 THRU LANE 2,E EAST,30 URBAN 6+LN 2WY DIVD RASD,03 STATE,02 INTERSECTION,01 ON ROADWAY,03 T-INTERSECTION,03 CURB,34,7-Jun-11,16 URBAN MINOR ART,22,CURB&GUTTER,2,,0,,0,18,36500,RCI,4.2,,35,3 NO-INCAPACITATING INJURY,31 Q/C COMPLETED - LOC VERIFIED,0 NO,02 AT INTERSECTION,01 DAYLIGHT,02 CLOUDY,01 DRY,01 LEVEL,1 STRAIGHT,"TWO-WAY, DIVIDED, POSITIVE MED","TWO-WAY, DIVIDED, POSITIVE MED",NO CONTROLS,NO CONTROLS,5,NONE,NOT CODED,NOT CODED,NONE,NOT CODED,NOT CODED,14 MOTOR VEHICLE IN TRANSPORT,03 ANGLE,03 TURNING LEFT,FAILED TO YIELD RIGHT-OF-WAY,NO CONTRIBUTING ACTION,00 NOT CODED,00 NOT CODED,00 NOT CODED,00 NOT CODED,01 NO,1,0,0,0,2,0,2,2,N,N,N,Y,N,N,N,N,N,N,N,N,N,N,N,N,N,N,N,N,Y,N,N,N,N,N,26.18990353,-80.10377327,589549.8266,2897023.855,L,,ARBM15Q1R2,26-Feb-22,115231,-8917111.547,3022620.978
2.01284E+12,2012,836022010,12110759,CITY POLICE DEPARTMENT,04 FOURTH,BROWARD,27-Sep-12,1953,FRIDAY,8638 FT. LAUDERDALE,1038,Y,COMMERCIAL BLVD,15TH AVE NE R,0,,0,0,26.1889507,-80.128548,86014000,7.907,4134,SR 870,,L LEFT,2 THRU LANE 2,N NORTH,30 URBAN 6+LN 2WY DIVD RASD,04 COUNTY,02 INTERSECTION,01 ON ROADWAY,03 T-INTERSECTION,03 CURB,33,7-Jun-11,14 URBAN PRIN ART OTHER,35,CURB&GUTTER,2,,0,,0,15,53500,RCI,4.4,,35,2 POSSIBLE INJURY,31 Q/C COMPLETED - LOC VERIFIED,0 NO,02 AT INTERSECTION,04 DARK-LIGHTED,01 CLEAR,01 DRY,01 LEVEL,1 STRAIGHT,"TWO-WAY, DIVIDED, POSITIVE MED","TWO-WAY, DIVIDED, POSITIVE MED",TRAFFIC CONTROL SIGNAL,TRAFFIC CONTROL SIGNAL,6,NONE,NOT CODED,NOT CODED,NONE,NOT CODED,NOT CODED,14 MOTOR VEHICLE IN TRANSPORT,"05 SIDESWIPE, OPPOSITE DIRECTION",03 TURNING LEFT,FAILED TO YIELD RIGHT-OF-WAY,NO CONTRIBUTING ACTION,00 NOT CODED,00 NOT CODED,00 NOT CODED,00 NOT CODED,01 NO,1,0,0,0,2,0,2,2,N,N,N,Y,N,N,N,N,N,N,N,N,N,N,N,N,N,N,N,N,N,Y,N,N,N,Y,26.18907521,-80.12855966,587073.6986,2896915.252,L,,ARBM15Q1R2,26-Feb-22,115232,-8919870.757,3022518.22
2.01291E+12,2012,914193800,12061259,CITY POLICE DEPARTMENT,04 FOURTH,BROWARD,28-May-12,659,TUESDAY,8638 FT. LAUDERDALE,1038,Y,SR 870,18TH AVE NE,0.009,E,0,0,26.1890323,-80.1224471,86014000,8.286,3491,SR 870,,R RIGHT,3 THRU LANE 3,E EAST,30 URBAN 6+LN 2WY DIVD RASD,03 STATE,01 NON-JUNCTION,01 ON ROADWAY,01 NOT AT INTERSECTION,03 CURB,33,7-Jun-11,14 URBAN PRIN ART OTHER,35,CURB&GUTTER,2,,0,,0,15,40500,RCI,1.7,,35,4 INCAPACITATING INJURY,31 Q/C COMPLETED - LOC VERIFIED,0 NO,02 AT INTERSECTION,01 DAYLIGHT,02 CLOUDY,01 DRY,01 LEVEL,1 STRAIGHT,"TWO-WAY, DIVIDED, POSITIVE MED","TWO-WAY, DIVIDED, POSITIVE MED",NO CONTROLS,NO CONTROLS,6,NONE,NOT CODED,NOT CODED,NONE,NOT CODED,NOT CODED,14 MOTOR VEHICLE IN TRANSPORT,01 FRONT TO REAR,01 STRAIGHT AHEAD,OTHER CONTRIBUTING ACTION,NO CONTRIBUTING ACTION,00 NOT CODED,00 NOT CODED,00 NOT CODED,00 NOT CODED,01 NO,4,0,1,0,2,0,2,4,N,N,N,Y,N,N,N,N,N,N,Y,N,N,N,N,N,Y,N,N,N,N,N,N,N,N,N,26.18901913,-80.12245255,587683.9877,2896913.152,R,,ARBM15Q1R2,26-Feb-22,115233,-8919190.917,3022511.263
2.01291E+12,2012,914188600,1286180,CITY POLICE DEPARTMENT,04 FOURTH,BROWARD,28-Jul-12,1708,SUNDAY,8638 FT. LAUDERDALE,1038,Y,SR 870,20TH AVE NE,0,,0,0,26.1891387,-80.1183111,86014000,8.543,2362,SR 870,,R RIGHT,3 THRU LANE 3,E EAST,30 URBAN 6+LN 2WY DIVD RASD,03 STATE,02 INTERSECTION,01 ON ROADWAY,02 FOUR-WAY INTERSECTION,03 CURB,34,7-Jun-11,14 URBAN PRIN ART OTHER,34,CURB&GUTTER,2,,0,,0,15,40500,RCI,1.7,,35,1 NO INJURY,31 Q/C COMPLETED - LOC VERIFIED,0 NO,02 AT INTERSECTION,01 DAYLIGHT,01 CLEAR,01 DRY,01 LEVEL,1 STRAIGHT,"TWO-WAY, DIVIDED, POSITIVE MED","TWO-WAY, NOT DIVIDED",TRAFFIC CONTROL SIGNAL,TRAFFIC CONTROL SIGNAL,6,NONE,NOT CODED,NOT CODED,NONE,NOT CODED,NOT CODED,14 MOTOR VEHICLE IN TRANSPORT,"05 SIDESWIPE, OPPOSITE DIRECTION",01 STRAIGHT AHEAD,RAN RED LIGHT,NO CONTRIBUTING ACTION,00 NOT CODED,00 NOT CODED,00 NOT CODED,00 NOT CODED,01 NO,0,0,0,0,2,0,2,3,N,N,N,Y,N,N,N,N,N,N,N,N,N,N,N,N,N,N,N,N,N,N,N,N,N,N,26.18912477,-80.11831343,588097.5068,2896927.655,R,,ARBM15Q1R2,26-Feb-22,115508,-8918730.151,3022524.369
2.01284E+12,2012,836392380,12129396,CITY POLICE DEPARTMENT,04 FOURTH,BROWARD,13-Nov-12,1330,WEDNESDAY,8638 FT. LAUDERDALE,1038,Y,SR 870,FEDERAL HWY,0.005,E,0,0,26.1895349,-80.1148348,86014000,8.763,1399,SR 870,,L LEFT,3 THRU LANE 3,W WEST,30 URBAN 6+LN 2WY DIVD RASD,05 LOCAL,01 NON-JUNCTION,01 ON ROADWAY,01 NOT AT INTERSECTION,01 PAVED,34,7-Jun-11,16 URBAN MINOR ART,34,CURB&GUTTER,2,,0,,0,15,36500,RCI,4.2,,35,2 POSSIBLE INJURY,31 Q/C COMPLETED - LOC VERIFIED,0 NO,02 AT INTERSECTION,01 DAYLIGHT,01 CLEAR,01 DRY,01 LEVEL,1 STRAIGHT,"TWO-WAY, DIVIDED, POSITIVE MED","TWO-WAY, DIVIDED, POSITIVE MED",TRAFFIC CONTROL SIGNAL,TRAFFIC CONTROL SIGNAL,6,NONE,NOT CODED,NOT CODED,NONE,NOT CODED,NOT CODED,14 MOTOR VEHICLE IN TRANSPORT,03 ANGLE,05 TURNING RIGHT,IMPROPER TURN,NO CONTRIBUTING ACTION,00 NOT CODED,00 NOT CODED,00 NOT CODED,00 NOT CODED,01 NO,1,0,0,0,2,0,2,2,N,N,N,Y,N,N,N,N,N,N,N,N,N,N,N,N,N,N,N,N,N,N,N,N,N,N,26.18966017,-80.11483813,588444.3686,2896989.316,L,,ARBM15Q1R2,26-Feb-22,115509,-8918343.283,3022590.788
2.01284E+12,2012,836028940,12122351,CITY POLICE DEPARTMENT,04 FOURTH,BROWARD,26-Oct-12,1900,SATURDAY,8638 FT. LAUDERDALE,1038,Y,SR 870,18TH AVE NE,0,,0,0,26.1890286,-80.1225919,86014000,8.277,3491,SR 870,,L LEFT,3 THRU LANE 3,N NORTH,30 URBAN 6+LN 2WY DIVD RASD,03 STATE,02 INTERSECTION,01 ON ROADWAY,02 FOUR-WAY INTERSECTION,03 CURB,33,7-Jun-11,14 URBAN PRIN ART OTHER,35,CURB&GUTTER,2,,0,,0,15,53500,RCI,4.4,,35,2 POSSIBLE INJURY,31 Q/C COMPLETED - LOC VERIFIED,0 NO,02 AT INTERSECTION,02 DUSK,01 CLEAR,01 DRY,01 LEVEL,1 STRAIGHT,"TWO-WAY, DIVIDED, POSITIVE MED","TWO-WAY, DIVIDED, POSITIVE MED",TRAFFIC CONTROL SIGNAL,UNKNOWN,6,NONE,NOT CODED,NOT CODED,NONE,NOT CODED,NOT CODED,14 MOTOR VEHICLE IN TRANSPORT,03 ANGLE,01 STRAIGHT AHEAD,RAN RED LIGHT,NO CONTRIBUTING ACTION,00 NOT CODED,00 NOT CODED,00 NOT CODED,00 NOT CODED,01 NO,3,0,0,0,2,0,2,3,N,N,N,Y,N,N,N,N,N,N,N,N,N,N,N,N,N,N,N,N,N,N,N,N,N,N,26.1891454,-80.12259768,587669.3919,2896927.039,L,,ARBM15Q1R2,26-Feb-22,115645,-8919207.072,3022526.928
2.01291E+12,2012,914193410,1254272,CITY POLICE DEPARTMENT,04 FOURTH,BROWARD,10-May-12,1446,FRIDAY,8638 FT. LAUDERDALE,1038,Y,COMMERCIAL BLVD,9TH AVE NW,0,,0,0,26.1883795,-80.1552194,86014000,6.248,2159,SR 870,,I INTERSECTION,M MIDDLE,E EAST,30 URBAN 6+LN 2WY DIVD RASD,03 STATE,02 INTERSECTION,01 ON ROADWAY,02 FOUR-WAY INTERSECTION,03 CURB,33,7-Jun-11,14 URBAN PRIN ART OTHER,33,CURB&GUTTER,2,,0,,0,27,59000,RCI,4.4,,45,2 POSSIBLE INJURY,31 Q/C COMPLETED - LOC VERIFIED,0 NO,02 AT INTERSECTION,01 DAYLIGHT,01 CLEAR,01 DRY,01 LEVEL,1 STRAIGHT,"TWO-WAY, DIVIDED, POSITIVE MED","TWO-WAY, DIVIDED, POSITIVE MED",TRAFFIC CONTROL SIGNAL,TRAFFIC CONTROL SIGNAL,6,NONE,NOT CODED,NOT CODED,NONE,NOT CODED,NOT CODED,14 MOTOR VEHICLE IN TRANSPORT,01 FRONT TO REAR,01 STRAIGHT AHEAD,OPERATED MV IN CARLESS OR NEGL,NO CONTRIBUTING ACTION,00 NOT CODED,00 NOT CODED,00 NOT CODED,00 NOT CODED,01 NO,1,0,0,0,2,0,2,3,N,N,N,Y,N,N,N,N,N,N,N,N,N,N,N,N,N,N,N,N,N,N,N,N,N,N,26.18835926,-80.15524628,584407.5858,2896818.331,R,,ARBM15Q1R2,26-Feb-22,115646,-8922841.499,3022429.405
2.01291E+12,2012,914189860,12090842,CITY POLICE DEPARTMENT,04 FOURTH,BROWARD,9-Aug-12,1032,FRIDAY,8638 FT. LAUDERDALE,1038,Y,SR 870,US 1,0.013,W,0,0,26.1895298,-80.1151238,86014000,8.745,6305,SR 870,,R RIGHT,3 THRU LANE 3,E EAST,30 URBAN 6+LN 2WY DIVD RASD,03 STATE,03 INTERSECTION-RELATED,01 ON ROADWAY,01 NOT AT INTERSECTION,03 CURB,34,7-Jun-11,14 URBAN PRIN ART OTHER,34,CURB&GUTTER,2,,0,,0,15,40500,RCI,1.7,,35,1 NO INJURY,31 Q/C COMPLETED - LOC VERIFIED,0 NO,03 INFLUENCED BY INTERSECTION,01 DAYLIGHT,02 CLOUDY,01 DRY,01 LEVEL,1 STRAIGHT,"TWO-WAY, DIVIDED, POSITIVE MED","TWO-WAY, DIVIDED, POSITIVE MED",TRAFFIC CONTROL SIGNAL,TRAFFIC CONTROL SIGNAL,6,NONE,NOT CODED,NOT CODED,NONE,NOT CODED,NOT CODED,14 MOTOR VEHICLE IN TRANSPORT,01 FRONT TO REAR,14 SLOWING,FOLLOWED TOO CLOSELY,NO CONTRIBUTING ACTION,00 NOT CODED,00 NOT CODED,00 NOT CODED,00 NOT CODED,01 NO,0,0,0,0,2,0,2,3,N,N,N,Y,N,N,N,N,N,N,N,N,N,N,N,N,N,N,N,N,N,N,N,N,N,N,26.18952164,-80.1151271,588415.5985,2896973.777,R,,ARBM15Q1R2,26-Feb-22,115647,-8918375.451,3022573.603
2.01284E+12,2012,836395360,12139523,CITY POLICE DEPARTMENT,04 FOURTH,BROWARD,10-Dec-12,830,TUESDAY,8638 FT. LAUDERDALE,1038,Y,SR 870,BAYVIEW DR,0,,0,0,26.189741,-80.1068999,86014000,9.256,2726,SR 870,,R RIGHT,2 THRU LANE 2,S SOUTH,30 URBAN 6+LN 2WY DIVD RASD,03 STATE,02 INTERSECTION,01 ON ROADWAY,02 FOUR-WAY INTERSECTION,03 CURB,34,7-Jun-11,16 URBAN MINOR ART,32,CURB&GUTTER,2,,0,,0,18,36500,RCI,4.2,,35,1 NO INJURY,31 Q/C COMPLETED - LOC VERIFIED,0 NO,02 AT INTERSECTION,01 DAYLIGHT,01 CLEAR,01 DRY,01 LEVEL,1 STRAIGHT,"TWO-WAY, NOT DIVIDED","TWO-WAY, DIVIDED, POSITIVE MED",TRAFFIC CONTROL SIGNAL,TRAFFIC CONTROL SIGNAL,6,"TRAF DEV INOPER, MISSING, OBSC",NOT CODED,NOT CODED,NONE,NOT CODED,NOT CODED,14 MOTOR VEHICLE IN TRANSPORT,03 ANGLE,01 STRAIGHT AHEAD,OTHER CONTRIBUTING ACTION,NO CONTRIBUTING ACTION,00 NOT CODED,00 NOT CODED,00 NOT CODED,00 NOT CODED,01 NO,0,0,0,0,3,0,3,3,N,N,N,Y,N,N,N,N,N,N,N,N,N,N,N,N,N,N,N,N,N,N,N,N,N,N,26.18972552,-80.10689639,589237.8881,2897001.989,R,,ARBM15Q1R2,26-Feb-22,115648,-8917459.212,3022598.895
2.01291E+12,2012,914172440,12081320,CITY POLICE DEPARTMENT,04 FOURTH,BROWARD,16-Jul-12,1248,TUESDAY,8638 FT. LAUDERDALE,1038,Y,COMMERCIAL BLVD,FEDERAL HWY,0.019,E,0,0,26.1895407,-80.114609,86014000,8.777,1399,SR 870,,L LEFT,1 THRU LANE 1,W WEST,30 URBAN 6+LN 2WY DIVD RASD,03 STATE,03 INTERSECTION-RELATED,01 ON ROADWAY,02 FOUR-WAY INTERSECTION,03 CURB,34,7-Jun-11,16 URBAN MINOR ART,34,CURB&GUTTER,2,,0,,0,15,36500,RCI,4.2,,35,1 NO INJURY,31 Q/C COMPLETED - LOC VERIFIED,0 NO,03 INFLUENCED BY INTERSECTION,01 DAYLIGHT,01 CLEAR,01 DRY,01 LEVEL,1 STRAIGHT,"TWO-WAY, DIVIDED, POSITIVE MED","TWO-WAY, DIVIDED, POSITIVE MED",TRAFFIC CONTROL SIGNAL,TRAFFIC CONTROL SIGNAL,6,NONE,NOT CODED,NOT CODED,ALL OTHER (SEE NARRTIVE),NOT CODED,NOT CODED,14 MOTOR VEHICLE IN TRANSPORT,01 FRONT TO REAR,01 STRAIGHT AHEAD,FOLLOWED TOO CLOSELY,NO CONTRIBUTING ACTION,00 NOT CODED,00 NOT CODED,00 NOT CODED,00 NOT CODED,01 NO,0,0,0,0,3,0,3,5,N,N,N,Y,N,N,N,N,N,N,N,N,N,N,N,N,N,N,N,N,N,N,N,N,N,N,26.18966762,-80.11461302,588466.8569,2896990.295,L,,ARBM15Q1R2,26-Feb-22,115789,-8918318.224,3022591.712