Crash Id,Calendar Year,FDOT Crash Number,Reporting Agency Case Number,Reporting Agency Type,FDOT Managing District,County Name,Crash Date,Crash Time,Day,DHSMV City,Crash Report City Code,In Town,On Roadway Name,Int Roadway Name,Reference Distance (Miles),Reference Direction,Officer Latitude,Officer Longitude,FDOT Latitude,FDOT Longitude,FDOT Roadway,Nearest Inventory MP,Nearest Node From Crash,State Road #,US Highway,Crash Side of Road,Accident Lane Number,Travel Direction Vehicle 1,FDOT Road Category,DHSMV Road System Id,Relation to Junction,Crash Harmful Event Location,Intersection Type,Shoulder Type,FDOT Roadway SKID Test Result,FDOT Roadway SKID Test Date,Functional Class,RCI Surface Width,RCI Shoulder Type First,RCI Shoulder Width First,RCI Shoulder Type Second,RCI Shoulder Width Second,RCI Shoulder Type Third,RCI Shoulder Width Third,RCI Median Width,Avg Daily Traffic,AADT Source,RCI Avg Per Truck Traffic,RCI Horiz Curve Condition,Posted Speed Limit,Highest Injury in Crash,CAR Status Code,Alcohols/Drug Involved,Site Location,Lighting,Weather,Road Surface,Roadway Grade,Roadway Alignment,Traffic Way Vehicle 1,Traffic Way Vehicle 2,Traffic Control Vehicle 1,Traffic Control Vehicle 2,Count of Lanes,Road Condition 1,Road Condition 2,Road Condition 3,Environment Condition 1,Environment Condition 2,Environment Condition 3,Crash Harmful Event,Manner of Collision,Vehicle Movement,Driver Action Vehicle 1,Driver Action Vehicle 2,Location Within Workzone,Type of Workzone,Workers Present in Workzone,Law Enforcement Present in Workzone,School Bus Related,Count of Nonfatal Injuries,Count of Traffic Fatalities,Count of Serious Injuries,Count of Pedestrians,Count of Drivers,Count of Bicyclists,Count of Vehicles,Count of Persons,Wrong Way,Workzone Inv,Commercial Vehicle Inv,Intersection Inv,Lane Departure,Speeding,Agressive Driving,Impaired Driver,Impaired Pedestrian,Impaired Bicyclist,Distracted Driver,Speeding or Aggressive Driving,Pedestrian Related,Bicyclist Related,Pedestrian or Bicyclist Related,Motorcycle Inv,No Belt,No Belt - Ages 1-4,No Belt - Ages 5-12,No Belt - Ages 13-17,Driver - Ages Teen,Driver - Ages 65 plus,Driver - Ages 65-69,Driver - Ages 70-74,Driver - Ages 75-79,Driver - Ages 80 plus,ARBM Latitude,ARBM Longitude,UTM Zone 17N X,UTM Zone 17N Y,ARBM Side of Road,Urban Rural Indicator,GIS Street Source,Extract Date,OBJECTID,x,y
2.01291E+12,2012,914168850,12025393,CITY POLICE DEPARTMENT,04 FOURTH,BROWARD,4-Mar-12,313,MONDAY,8638 FT. LAUDERDALE,1038,Y,SR 84,15TH AVE SW,0.019,E,0,0,26.0904413,-80.1605919,86080000,18.208,2955,SR 84,,R RIGHT,1 THRU LANE 1,E EAST,30 URBAN 6+LN 2WY DIVD RASD,03 STATE,04 DRIVEWAY/ALLEY ACCESS RELATED,01 ON ROADWAY,01 NOT AT INTERSECTION,03 CURB,33,11-Jan-12,16 URBAN MINOR ART,44,CURB&GUTTER,2,,0,,0,80,59500,RCI,6.1,,45,1 NO INJURY,31 Q/C COMPLETED - LOC VERIFIED,0 NO,04 DRIVEWAY ACCESS,04 DARK-LIGHTED,01 CLEAR,01 DRY,01 LEVEL,1 STRAIGHT,"TWO-WAY, DIVIDED, POSITIVE MED","TWO-WAY, DIVIDED, POSITIVE MED",NO CONTROLS,NO CONTROLS,8,NONE,NOT CODED,NOT CODED,NONE,NOT CODED,NOT CODED,14 MOTOR VEHICLE IN TRANSPORT,03 ANGLE,05 TURNING RIGHT,FAILED TO YIELD RIGHT-OF-WAY,NO CONTRIBUTING ACTION,00 NOT CODED,00 NOT CODED,00 NOT CODED,00 NOT CODED,01 NO,0,0,0,0,2,0,2,2,N,N,N,N,N,N,N,N,N,N,N,N,N,N,N,N,N,N,N,N,N,N,N,N,N,N,26.09041386,-80.16055782,583946.8583,2885967.128,R,,ARBM15Q1R2,26-Feb-22,119943,-8923432.776,3010283.995
2.01291E+12,2012,914183460,12039729,CITY POLICE DEPARTMENT,04 FOURTH,BROWARD,5-Apr-12,1402,FRIDAY,8638 FT. LAUDERDALE,1038,Y,SR 84,4TH AVE SW,0.004,E,0,0,26.0925962,-80.1469397,86080000,19.075,108,SR 84,,L LEFT,1 THRU LANE 1,W WEST,30 URBAN 6+LN 2WY DIVD RASD,03 STATE,01 NON-JUNCTION,01 ON ROADWAY,01 NOT AT INTERSECTION,03 CURB,35,11-Jan-12,16 URBAN MINOR ART,33,CURB&GUTTER,2,,0,,0,17,44500,RCI,11.1,,40,3 NO-INCAPACITATING INJURY,31 Q/C COMPLETED - LOC VERIFIED,0 NO,01 NOT AT INTERSECTION/RRX/BRIDGE,01 DAYLIGHT,02 CLOUDY,02 WET,01 LEVEL,1 STRAIGHT,"TWO-WAY, DIVIDED, POSITIVE MED","TWO-WAY, DIVIDED, POSITIVE MED",TRAFFIC CONTROL SIGNAL,TRAFFIC CONTROL SIGNAL,6,NONE,NOT CODED,NOT CODED,NONE,NOT CODED,NOT CODED,14 MOTOR VEHICLE IN TRANSPORT,01 FRONT TO REAR,01 STRAIGHT AHEAD,FOLLOWED TOO CLOSELY,NO CONTRIBUTING ACTION,00 NOT CODED,00 NOT CODED,00 NOT CODED,00 NOT CODED,01 NO,1,0,0,0,2,0,2,3,N,N,N,N,N,N,N,N,N,N,N,N,N,N,N,N,N,N,N,N,N,N,N,N,N,N,26.09270348,-80.14695725,585305.3589,2886229.544,L,,ARBM15Q1R2,26-Feb-22,119944,-8921918.767,3010567.795
2.01291E+12,2012,914193900,12061938,CITY POLICE DEPARTMENT,04 FOURTH,BROWARD,29-May-12,1634,WEDNESDAY,8638 FT. LAUDERDALE,1038,Y,SR 84,2ND AVE SW L,0,,0,0,26.0926457,-80.142351,86080000,19.36,111,SR 84,,L LEFT,2 THRU LANE 2,W WEST,30 URBAN 6+LN 2WY DIVD RASD,03 STATE,01 NON-JUNCTION,01 ON ROADWAY,04 Y-INTERSECTION,03 CURB,35,11-Jan-12,16 URBAN MINOR ART,33,CURB&GUTTER,2,,0,,0,17,35000,RCI,6.1,,40,1 NO INJURY,31 Q/C COMPLETED - LOC VERIFIED,0 NO,02 AT INTERSECTION,01 DAYLIGHT,01 CLEAR,01 DRY,01 LEVEL,1 STRAIGHT,"TWO-WAY, DIVIDED, POSITIVE MED","TWO-WAY, DIVIDED, POSITIVE MED",NO CONTROLS,NO CONTROLS,6,NONE,NOT CODED,NOT CODED,NONE,NOT CODED,NOT CODED,14 MOTOR VEHICLE IN TRANSPORT,06 REAR TO SIDE,04 BACKING,NOT CODED,NO CONTRIBUTING ACTION,00 NOT CODED,00 NOT CODED,00 NOT CODED,00 NOT CODED,01 NO,0,0,0,0,1,0,2,1,N,N,N,Y,N,N,N,N,N,N,N,N,N,N,N,N,N,N,N,N,N,N,N,N,N,N,26.0927544,-80.14234856,585766.2172,2886238.21,L,,ARBM15Q1R2,26-Feb-22,119945,-8921405.731,3010574.106
2.01291E+12,2012,914163860,12075588,CITY POLICE DEPARTMENT,04 FOURTH,BROWARD,2-Jul-12,717,TUESDAY,8638 FT. LAUDERDALE,1038,Y,SR 84,4TH AVE SW,0.038,W,0,0,26.0925875,-80.1476158,86080000,19.033,108,SR 84,,R RIGHT,1 THRU LANE 1,E EAST,30 URBAN 6+LN 2WY DIVD RASD,03 STATE,01 NON-JUNCTION,01 ON ROADWAY,01 NOT AT INTERSECTION,03 CURB,33,11-Jan-12,16 URBAN MINOR ART,33,CURB&GUTTER,2,,0,,0,17,44500,RCI,11.1,,40,2 POSSIBLE INJURY,31 Q/C COMPLETED - LOC VERIFIED,0 NO,03 INFLUENCED BY INTERSECTION,01 DAYLIGHT,01 CLEAR,01 DRY,01 LEVEL,1 STRAIGHT,"TWO-WAY, DIVIDED, POSITIVE MED","TWO-WAY, NOT DIVIDED",TRAFFIC CONTROL SIGNAL,TRAFFIC CONTROL SIGNAL,6,NONE,NOT CODED,NOT CODED,NONE,NOT CODED,NOT CODED,14 MOTOR VEHICLE IN TRANSPORT,01 FRONT TO REAR,01 STRAIGHT AHEAD,OTHER CONTRIBUTING ACTION,NO CONTRIBUTING ACTION,00 NOT CODED,00 NOT CODED,00 NOT CODED,00 NOT CODED,01 NO,1,0,0,0,2,0,2,3,N,N,N,Y,N,N,N,N,N,N,N,N,N,N,N,N,N,N,N,N,N,N,N,N,N,N,26.09257174,-80.14761154,585240.0213,2886214.526,R,,ARBM15Q1R2,26-Feb-22,119946,-8921991.603,3010551.466
2.01283E+12,2012,829112120,FHPL12OFF042549,FLORIDA HIGHWAY PATROL,04 FOURTH,BROWARD,12-Jul-12,1650,FRIDAY,8638 FT. LAUDERDALE,1038,Y,SR 862,SR 9,0,,26.0872633,-80.16893,26.0857286,-80.1692946,86095055,0,5058,SR 862,I 595,L LEFT,X RAMP,S SOUTH,08 RAMP RURAL,01 INTERSTATE,14 ENTRANCE/EXIT RAMP,01 ON ROADWAY,01 NOT AT INTERSECTION,01 PAVED,0,31-Dec-00,,24,PAVED,6,LAWN,5,,0,,30500,RCI,6.8,,,2 POSSIBLE INJURY,31 Q/C COMPLETED - LOC VERIFIED,0 NO,07 ENTRANCE RAMP,01 DAYLIGHT,01 CLEAR,01 DRY,01 LEVEL,1 STRAIGHT,"TWO-WAY, DIVIDED, POSITIVE MED","TWO-WAY, DIVIDED, POSITIVE MED",NO CONTROLS,NO CONTROLS,2,NONE,NOT CODED,NOT CODED,NONE,NOT CODED,NOT CODED,14 MOTOR VEHICLE IN TRANSPORT,01 FRONT TO REAR,01 STRAIGHT AHEAD,OPERATED MV IN CARLESS OR NEGL,NO CONTRIBUTING ACTION,00 NOT CODED,00 NOT CODED,00 NOT CODED,00 NOT CODED,01 NO,1,0,0,0,2,0,2,2,N,N,N,N,N,N,N,N,N,N,Y,N,N,N,N,N,N,N,N,N,N,N,N,N,N,N,26.08573174,-80.16931068,583074.8125,2885442.961,O,,ARBM15Q1R2,26-Feb-22,119949,-8924407.141,3009703.658
2.01283E+12,2012,831458610,FHPL12OFF026042,FLORIDA HIGHWAY PATROL,04 FOURTH,BROWARD,29-Apr-12,1725,MONDAY,8638 FT. LAUDERDALE,1038,Y,SR 9,SR 862,0,,26.0857366,-80.1691883,26.0860114,-80.1691518,86095056,1.877,5058,SR 862,I 595,L LEFT,X RAMP,S SOUTH,07 RAMP URBAN,01 INTERSTATE,14 ENTRANCE/EXIT RAMP,01 ON ROADWAY,01 NOT AT INTERSECTION,01 PAVED,0,31-Dec-00,,24,PAVED,10,,0,,0,,13000,RCI,6.8,,,2 POSSIBLE INJURY,31 Q/C COMPLETED - LOC VERIFIED,0 NO,08 EXIT RAMP,01 DAYLIGHT,03 RAIN,02 WET,01 LEVEL,1 STRAIGHT,"TWO-WAY, DIVIDED, POSITIVE MED","TWO-WAY, DIVIDED, POSITIVE MED",NO CONTROLS,NO CONTROLS,2,NONE,NOT CODED,NOT CODED,NONE,NOT CODED,NOT CODED,14 MOTOR VEHICLE IN TRANSPORT,01 FRONT TO REAR,06 CHANGING LANES,IMPROPER PASSING,NO CONTRIBUTING ACTION,00 NOT CODED,00 NOT CODED,00 NOT CODED,00 NOT CODED,01 NO,1,0,0,0,2,0,2,2,N,N,N,N,Y,N,N,N,N,N,N,N,N,N,N,N,N,N,N,N,N,N,N,N,N,N,26.08597168,-80.16911187,583094.5263,2885469.662,O,,ARBM15Q1R2,26-Feb-22,119950,-8924385.009,3009733.398
2.01283E+12,2012,828744120,FHPL12OFF031236,FLORIDA HIGHWAY PATROL,04 FOURTH,BROWARD,23-May-12,900,THURSDAY,8638 FT. LAUDERDALE,1038,Y,I 95,SR 838,0.057,S,26.1346583,-80.1696366,26.1353879,-80.169237,86070000,11.225,1933,SR 9,I 95,L LEFT,S SIDE OF ROAD,S SOUTH,01 INTERSTATE URBAN,01 INTERSTATE,18 THROUGH ROADWAY,03 SHOULDER,01 NOT AT INTERSECTION,01 PAVED,36,2-Dec-08,11 URBAN PRIN ART INT.,64,PAVED WARN,10,LAWN,12,,0,27,294000,RCI,5.3,,65,1 NO INJURY,31 Q/C COMPLETED - LOC VERIFIED,0 NO,01 NOT AT INTERSECTION/RRX/BRIDGE,01 DAYLIGHT,02 CLOUDY,02 WET,01 LEVEL,1 STRAIGHT,"TWO-WAY, DIVIDED, POSITIVE MED","TWO-WAY, DIVIDED, POSITIVE MED",NO CONTROLS,NO CONTROLS,10,NONE,NOT CODED,NOT CODED,NONE,NOT CODED,NOT CODED,27 GUARDRAIL FACE,77 OTHER (SEE NARRATIVE),01 STRAIGHT AHEAD,NO CONTRIBUTING ACTION,NOT CODED,00 NOT CODED,00 NOT CODED,00 NOT CODED,00 NOT CODED,01 NO,0,0,0,0,1,0,2,1,N,N,N,N,Y,N,N,N,N,N,N,N,N,N,N,N,N,N,N,N,N,N,N,N,N,N,26.13532271,-80.16950221,583020.6176,2890935.165,L,,ARBM15Q1R2,26-Feb-22,119959,-8924428.462,3015851.509
2.01283E+12,2012,831818360,FHPL12OFF073663,FLORIDA HIGHWAY PATROL,08 TURNPIKE,BROWARD,29-Nov-12,1618,FRIDAY,8638 FT. LAUDERDALE,1038,Y,I 595,SR 91,0.019,N,26.0660999,-80.21536,0,0,86470113,0.019,4058,CR 91,,R RIGHT,X RAMP,N NORTH,08 RAMP RURAL,01 INTERSTATE,14 ENTRANCE/EXIT RAMP,01 ON ROADWAY,01 NOT AT INTERSECTION,03 CURB,0,31-Dec-00,,24,PAVED,6,LAWN,4,,0,,20500,RCI,8.3,,,1 NO INJURY,31 Q/C COMPLETED - LOC VERIFIED,0 NO,08 EXIT RAMP,01 DAYLIGHT,02 CLOUDY,01 DRY,01 LEVEL,1 STRAIGHT,ONE-WAY TRAFFICWAY,ONE-WAY TRAFFICWAY,NO CONTROLS,NO CONTROLS,2,WORK ZONE (CONST/MNT/UTLTY)NTE,NOT CODED,NOT CODED,NONE,NOT CODED,NOT CODED,14 MOTOR VEHICLE IN TRANSPORT,"04 SIDESWIPE, SAME DIRECTION",06 CHANGING LANES,NO CONTRIBUTING ACTION,NO CONTRIBUTING ACTION,04 ACTIVITY AREA,03 WORK ON SHOULDER OR MEDIAN,01 NO,01 NO,01 NO,0,0,0,0,2,0,2,2,N,Y,Y,N,Y,N,N,N,N,N,N,N,N,N,N,N,N,N,N,N,N,Y,Y,N,N,N,26.09005581,-80.21471752,578530.7395,2885893.697,O,,ARBM15Q1R2,26-Feb-22,120072,-8929461.809,3010239.614
2.01283E+12,2012,832022980,FHPL12OFF066317,FLORIDA HIGHWAY PATROL,04 FOURTH,BROWARD,26-Oct-12,1807,SATURDAY,8638 FT. LAUDERDALE,1038,Y,I 95,I 595,0,,26.0869466,-80.1691316,26.0860114,-80.1691518,86095056,1.877,5058,SR 862,I 595,L LEFT,X RAMP,S SOUTH,07 RAMP URBAN,01 INTERSTATE,18 THROUGH ROADWAY,01 ON ROADWAY,01 NOT AT INTERSECTION,01 PAVED,0,31-Dec-00,,24,PAVED,10,,0,,0,,13000,RCI,6.8,,,2 POSSIBLE INJURY,31 Q/C COMPLETED - LOC VERIFIED,0 NO,08 EXIT RAMP,01 DAYLIGHT,01 CLEAR,01 DRY,03 UPHILL,1 STRAIGHT,ONE-WAY TRAFFICWAY,ONE-WAY TRAFFICWAY,NO CONTROLS,NO CONTROLS,2,NONE,NOT CODED,NOT CODED,NONE,NOT CODED,NOT CODED,14 MOTOR VEHICLE IN TRANSPORT,77 OTHER (SEE NARRATIVE),01 STRAIGHT AHEAD,OPERATED MV IN CARLESS OR NEGL,NO CONTRIBUTING ACTION,00 NOT CODED,00 NOT CODED,00 NOT CODED,00 NOT CODED,01 NO,5,0,0,0,2,0,2,6,N,N,N,N,N,N,N,N,N,N,N,N,N,N,N,N,N,N,N,N,N,N,N,N,N,N,26.08597168,-80.16911187,583094.5263,2885469.662,O,,ARBM15Q1R2,26-Feb-22,120076,-8924385.009,3009733.398
2.01283E+12,2012,831739680,FHPL12OFF062046,FLORIDA HIGHWAY PATROL,04 FOURTH,BROWARD,7-Oct-12,957,MONDAY,8638 FT. LAUDERDALE,1038,Y,SR 862,SR 9,0.5,W,26.1023033,-80.168315,26.1043935,-80.1680212,86095062,1.967,5094,SR 862,I 595,R RIGHT,X RAMP,N NORTH,08 RAMP RURAL,01 INTERSTATE,01 NON-JUNCTION,03 SHOULDER,01 NOT AT INTERSECTION,01 PAVED,0,31-Dec-00,,24,PAVED,10,LAWN,12,,0,,37000,RCI,6.8,,,1 NO INJURY,31 Q/C COMPLETED - LOC VERIFIED,0 NO,08 EXIT RAMP,01 DAYLIGHT,03 RAIN,02 WET,01 LEVEL,1 STRAIGHT,ONE-WAY TRAFFICWAY,,NO CONTROLS,NOT CODED,2,NONE,NOT CODED,NOT CODED,NONE,NOT CODED,NOT CODED,"39 OTHER FIXED OBJECT (WALL, BUIL",77 OTHER (SEE NARRATIVE),01 STRAIGHT AHEAD,OTHER CONTRIBUTING ACTION,NOT CODED,00 NOT CODED,00 NOT CODED,00 NOT CODED,00 NOT CODED,01 NO,0,0,0,0,1,0,1,1,N,N,N,N,Y,N,N,N,N,N,N,N,N,N,N,N,N,N,N,N,N,N,N,N,N,N,26.10439946,-80.16801447,583191.2423,2887511.282,O,,ARBM15Q1R2,26-Feb-22,120077,-8924262.847,3012017.611
2.01283E+12,2012,831591330,FHPL12OFF032746,FLORIDA HIGHWAY PATROL,04 FOURTH,BROWARD,29-May-12,1723,WEDNESDAY,8638 FT. LAUDERDALE,1038,Y,SR 862,SR 5,0.019,S,26.0831333,-80.1355783,26.0834595,-80.1355463,86095063,0.019,4624,SR 862,I 595,L LEFT,X RAMP,W WEST,07 RAMP URBAN,01 INTERSTATE,14 ENTRANCE/EXIT RAMP,01 ON ROADWAY,01 NOT AT INTERSECTION,02 UNPAVED,0,31-Dec-00,,16,PAVED,4,LAWN,12,,0,,18500,RCI,21.6,,,1 NO INJURY,31 Q/C COMPLETED - LOC VERIFIED,0 NO,07 ENTRANCE RAMP,01 DAYLIGHT,01 CLEAR,01 DRY,03 UPHILL,2 CURVE RIGHT,ONE-WAY TRAFFICWAY,ONE-WAY TRAFFICWAY,NO CONTROLS,NO CONTROLS,1,NONE,NOT CODED,NOT CODED,NONE,NOT CODED,NOT CODED,14 MOTOR VEHICLE IN TRANSPORT,"04 SIDESWIPE, SAME DIRECTION",11 OVERTAKING/PASSING,OPERATED MV IN CARLESS OR NEGL,NO CONTRIBUTING ACTION,00 NOT CODED,00 NOT CODED,00 NOT CODED,00 NOT CODED,01 NO,0,0,0,0,2,0,2,2,N,N,N,N,Y,N,N,N,N,N,N,N,N,N,N,N,N,N,N,N,N,N,N,N,N,N,26.08351785,-80.13555377,586452.524,2885219.729,O,,ARBM15Q1R2,26-Feb-22,120078,-8920649.338,3009429.26
2.01283E+12,2012,828866070,FHPL12OFF030536,FLORIDA HIGHWAY PATROL,04 FOURTH,BROWARD,20-May-12,453,MONDAY,8638 FT. LAUDERDALE,1038,Y,I 95,SR 736,0.095,N,26.1217499,-80.1670799,26.1081833,-80.1685029,86070000,9.35,1503,SR 9,I 95,R RIGHT,1 THRU LANE 1,N NORTH,01 INTERSTATE URBAN,01 INTERSTATE,01 NON-JUNCTION,01 ON ROADWAY,01 NOT AT INTERSECTION,01 PAVED,41,2-Dec-08,11 URBAN PRIN ART INT.,52,PAVED WARN,19,LAWN,12,,0,35,287000,RCI,6.8,0D4500,65,3 NO-INCAPACITATING INJURY,31 Q/C COMPLETED - LOC VERIFIED,0 NO,01 NOT AT INTERSECTION/RRX/BRIDGE,04 DARK-LIGHTED,01 CLEAR,01 DRY,01 LEVEL,1 STRAIGHT,"TWO-WAY, DIVIDED, POSITIVE MED",,NO CONTROLS,NOT CODED,8,NONE,NOT CODED,NOT CODED,NONE,NOT CODED,NOT CODED,14 MOTOR VEHICLE IN TRANSPORT,88 UNKNOWN,01 STRAIGHT AHEAD,OPERATED MV IN CARLESS OR NEGL,NOT CODED,00 NOT CODED,00 NOT CODED,00 NOT CODED,00 NOT CODED,01 NO,3,0,0,0,1,0,1,3,N,N,N,N,Y,N,N,N,N,N,N,N,N,N,N,N,N,N,N,N,N,N,N,N,N,N,26.10814625,-80.1684846,583141.5809,2887925.948,R,,ARBM15Q1R2,26-Feb-22,120091,-8924315.182,3012482.089
2.01283E+12,2012,828787420,FHPL12OFF015639,FLORIDA HIGHWAY PATROL,04 FOURTH,BROWARD,13-Mar-12,1726,WEDNESDAY,8638 FT. LAUDERDALE,1038,Y,SR 9,SR 870,0.25,S,26.1819066,-80.1528433,26.18414,-80.1521959,86070000,14.804,2441,SR 9,I 95,R RIGHT,2 THRU LANE 2,N NORTH,01 INTERSTATE URBAN,01 INTERSTATE,18 THROUGH ROADWAY,01 ON ROADWAY,01 NOT AT INTERSECTION,01 PAVED,31,2-Dec-08,11 URBAN PRIN ART INT.,52,PAVED WARN,8,,3,,0,27,256000,RCI,6.5,,65,1 NO INJURY,31 Q/C COMPLETED - LOC VERIFIED,0 NO,01 NOT AT INTERSECTION/RRX/BRIDGE,01 DAYLIGHT,01 CLEAR,01 DRY,01 LEVEL,1 STRAIGHT,"TWO-WAY, DIVIDED, POSITIVE MED","TWO-WAY, DIVIDED, POSITIVE MED",NO CONTROLS,NO CONTROLS,9,NONE,NOT CODED,NOT CODED,NONE,NOT CODED,NOT CODED,14 MOTOR VEHICLE IN TRANSPORT,01 FRONT TO REAR,14 SLOWING,NO CONTRIBUTING ACTION,NO CONTRIBUTING ACTION,00 NOT CODED,00 NOT CODED,00 NOT CODED,00 NOT CODED,01 NO,0,0,0,0,2,0,2,2,N,N,N,N,N,N,N,N,N,N,N,N,N,N,N,N,N,N,N,N,N,N,N,N,N,N,26.18411824,-80.1522009,584714.961,2896350.605,R,,ARBM15Q1R2,26-Feb-22,120092,-8922502.488,3021903.299
2.01282E+12,2012,819810160,FHPL12OFF056526,FLORIDA HIGHWAY PATROL,04 FOURTH,BROWARD,12-Sep-12,1446,THURSDAY,8638 FT. LAUDERDALE,1038,N,SR 9,SR 870,0.25,S,26.18843,-80.1508199,26.18414,-80.1521959,86070000,14.804,2441,SR 9,I 95,R RIGHT,2 THRU LANE 2,N NORTH,01 INTERSTATE URBAN,01 INTERSTATE,01 NON-JUNCTION,01 ON ROADWAY,01 NOT AT INTERSECTION,01 PAVED,31,2-Dec-08,11 URBAN PRIN ART INT.,52,PAVED WARN,8,,3,,0,27,256000,RCI,6.5,,65,4 INCAPACITATING INJURY,31 Q/C COMPLETED - LOC VERIFIED,0 NO,01 NOT AT INTERSECTION/RRX/BRIDGE,02 DUSK,02 CLOUDY,02 WET,01 LEVEL,1 STRAIGHT,"TWO-WAY, DIVIDED, POSITIVE MED","TWO-WAY, DIVIDED, POSITIVE MED",NO CONTROLS,NO CONTROLS,9,NONE,NOT CODED,NOT CODED,NONE,NOT CODED,NOT CODED,14 MOTOR VEHICLE IN TRANSPORT,03 ANGLE,77 OTHER (SEE NARRATIVE),DROVE TOO FAST FOR CONDITIONS,NO CONTRIBUTING ACTION,00 NOT CODED,00 NOT CODED,00 NOT CODED,00 NOT CODED,01 NO,6,0,1,0,3,0,3,9,N,N,N,N,N,Y,N,N,N,N,N,Y,N,N,N,N,N,N,N,N,N,Y,Y,N,N,N,26.18411824,-80.1522009,584714.961,2896350.605,R,,ARBM15Q1R2,26-Feb-22,120586,-8922502.488,3021903.299
2.01284E+12,2012,835826730,12102610,CITY POLICE DEPARTMENT,04 FOURTH,BROWARD,7-Sep-12,1706,SATURDAY,8638 FT. LAUDERDALE,1038,Y,SUNRISE BLVD,15TH AVE NW L,0.028,E,0,0,26.1365204,-80.1617426,86110000,6.564,395,SR 838,,L LEFT,1 THRU LANE 1,W WEST,30 URBAN 6+LN 2WY DIVD RASD,03 STATE,01 NON-JUNCTION,01 ON ROADWAY,01 NOT AT INTERSECTION,03 CURB,32,9-Jul-12,14 URBAN PRIN ART OTHER,33,PAVED,3,CURB&GUTTER,2,,0,16,63000,RCI,5.5,,40,1 NO INJURY,31 Q/C COMPLETED - LOC VERIFIED,0 NO,03 INFLUENCED BY INTERSECTION,01 DAYLIGHT,01 CLEAR,01 DRY,01 LEVEL,1 STRAIGHT,"TWO-WAY, DIVIDED, POSITIVE MED","TWO-WAY, DIVIDED, POSITIVE MED",NO CONTROLS,NO CONTROLS,6,NONE,NOT CODED,NOT CODED,NONE,NOT CODED,NOT CODED,14 MOTOR VEHICLE IN TRANSPORT,01 FRONT TO REAR,01 STRAIGHT AHEAD,FOLLOWED TOO CLOSELY,NO CONTRIBUTING ACTION,00 NOT CODED,00 NOT CODED,00 NOT CODED,00 NOT CODED,01 NO,0,0,0,0,2,0,2,4,N,N,N,Y,N,N,N,N,N,N,N,N,N,N,N,N,N,N,N,N,N,N,N,N,N,N,26.1366416,-80.16148955,583820.696,2891086.376,L,,ARBM15Q1R2,26-Feb-22,120704,-8923536.496,3016015.049
2.01284E+12,2012,835825910,12099390,CITY POLICE DEPARTMENT,04 FOURTH,BROWARD,30-Aug-12,1825,FRIDAY,8638 FT. LAUDERDALE,1038,Y,SR 838,15TH AVE NW L,0.057,W,0,0,26.1365343,-80.1631109,86110000,6.479,394,SR 838,,R RIGHT,L LEFT TURN,E EAST,30 URBAN 6+LN 2WY DIVD RASD,03 STATE,01 NON-JUNCTION,01 ON ROADWAY,01 NOT AT INTERSECTION,03 CURB,32,9-Jul-12,14 URBAN PRIN ART OTHER,33,PAVED,3,CURB&GUTTER,2,,0,16,63000,RCI,5.5,,40,3 NO-INCAPACITATING INJURY,31 Q/C COMPLETED - LOC VERIFIED,0 NO,01 NOT AT INTERSECTION/RRX/BRIDGE,01 DAYLIGHT,01 CLEAR,01 DRY,01 LEVEL,1 STRAIGHT,"TWO-WAY, DIVIDED, POSITIVE MED","TWO-WAY, DIVIDED, POSITIVE MED",TRAFFIC CONTROL SIGNAL,TRAFFIC CONTROL SIGNAL,6,NONE,NOT CODED,NOT CODED,NONE,NOT CODED,NOT CODED,14 MOTOR VEHICLE IN TRANSPORT,88 UNKNOWN,06 CHANGING LANES,NO CONTRIBUTING ACTION,OTHER CONTRIBUTING ACTION,00 NOT CODED,00 NOT CODED,00 NOT CODED,00 NOT CODED,01 NO,1,0,0,0,2,0,2,2,N,N,N,N,Y,N,N,N,N,N,N,N,N,N,N,N,N,N,N,N,N,N,N,N,N,N,26.1365212,-80.16285003,583684.7771,2891072.165,R,,ARBM15Q1R2,26-Feb-22,120705,-8923687.944,3016000.12
2.01291E+12,2012,914181980,1270935,CITY POLICE DEPARTMENT,04 FOURTH,BROWARD,20-Jun-12,1320,THURSDAY,8638 FT. LAUDERDALE,1038,Y,SUNRISE BLVD,I 95,0,,0,0,26.1364606,-80.1678104,86110000,6.187,3399,SR 838,,L LEFT,3 THRU LANE 3,W WEST,30 URBAN 6+LN 2WY DIVD RASD,03 STATE,02 INTERSECTION,01 ON ROADWAY,03 T-INTERSECTION,03 CURB,32,9-Jul-12,14 URBAN PRIN ART OTHER,36,PAVED,3,RAISED CURB,0,,0,41,63000,RCI,5.5,,40,2 POSSIBLE INJURY,31 Q/C COMPLETED - LOC VERIFIED,0 NO,02 AT INTERSECTION,01 DAYLIGHT,01 CLEAR,01 DRY,03 UPHILL,1 STRAIGHT,"TWO-WAY, DIVIDED, POSITIVE MED",UNKNOWN,TRAFFIC CONTROL SIGNAL,TRAFFIC CONTROL SIGNAL,6,NONE,NOT CODED,NOT CODED,NONE,NOT CODED,NOT CODED,14 MOTOR VEHICLE IN TRANSPORT,01 FRONT TO REAR,01 STRAIGHT AHEAD,OTHER CONTRIBUTING ACTION,OTHER CONTRIBUTING ACTION,00 NOT CODED,00 NOT CODED,00 NOT CODED,00 NOT CODED,01 NO,1,0,0,0,2,0,2,3,N,N,N,Y,N,N,N,N,N,N,N,N,N,N,N,N,Y,N,N,Y,N,N,N,N,N,N,26.13666215,-80.16757523,583212.3076,2891084.743,L,,ARBM15Q1R2,26-Feb-22,120708,-8924213.951,3016017.597