Crash Id,Calendar Year,FDOT Crash Number,Reporting Agency Case Number,Reporting Agency Type,FDOT Managing District,County Name,Crash Date,Crash Time,Day,DHSMV City,Crash Report City Code,In Town,On Roadway Name,Int Roadway Name,Reference Distance (Miles),Reference Direction,Officer Latitude,Officer Longitude,FDOT Latitude,FDOT Longitude,FDOT Roadway,Nearest Inventory MP,Nearest Node From Crash,State Road #,US Highway,Crash Side of Road,Accident Lane Number,Travel Direction Vehicle 1,FDOT Road Category,DHSMV Road System Id,Relation to Junction,Crash Harmful Event Location,Intersection Type,Shoulder Type,FDOT Roadway SKID Test Result,FDOT Roadway SKID Test Date,Functional Class,RCI Surface Width,RCI Shoulder Type First,RCI Shoulder Width First,RCI Shoulder Type Second,RCI Shoulder Width Second,RCI Shoulder Type Third,RCI Shoulder Width Third,RCI Median Width,Avg Daily Traffic,AADT Source,RCI Avg Per Truck Traffic,RCI Horiz Curve Condition,Posted Speed Limit,Highest Injury in Crash,CAR Status Code,Alcohols/Drug Involved,Site Location,Lighting,Weather,Road Surface,Roadway Grade,Roadway Alignment,Traffic Way Vehicle 1,Traffic Way Vehicle 2,Traffic Control Vehicle 1,Traffic Control Vehicle 2,Count of Lanes,Road Condition 1,Road Condition 2,Road Condition 3,Environment Condition 1,Environment Condition 2,Environment Condition 3,Crash Harmful Event,Manner of Collision,Vehicle Movement,Driver Action Vehicle 1,Driver Action Vehicle 2,Location Within Workzone,Type of Workzone,Workers Present in Workzone,Law Enforcement Present in Workzone,School Bus Related,Count of Nonfatal Injuries,Count of Traffic Fatalities,Count of Serious Injuries,Count of Pedestrians,Count of Drivers,Count of Bicyclists,Count of Vehicles,Count of Persons,Wrong Way,Workzone Inv,Commercial Vehicle Inv,Intersection Inv,Lane Departure,Speeding,Agressive Driving,Impaired Driver,Impaired Pedestrian,Impaired Bicyclist,Distracted Driver,Speeding or Aggressive Driving,Pedestrian Related,Bicyclist Related,Pedestrian or Bicyclist Related,Motorcycle Inv,No Belt,No Belt - Ages 1-4,No Belt - Ages 5-12,No Belt - Ages 13-17,Driver - Ages Teen,Driver - Ages 65 plus,Driver - Ages 65-69,Driver - Ages 70-74,Driver - Ages 75-79,Driver - Ages 80 plus,ARBM Latitude,ARBM Longitude,UTM Zone 17N X,UTM Zone 17N Y,ARBM Side of Road,Urban Rural Indicator,GIS Street Source,Extract Date,OBJECTID,x,y
2.01283E+12,2012,831591930,FHPL12OFF052738,FLORIDA HIGHWAY PATROL,04 FOURTH,BROWARD,25-Aug-12,2151,SUNDAY,8638 FT. LAUDERDALE,1038,Y,I 95,SR 84,0.3,N,26.0929133,-80.1688466,26.092686,-80.1689014,86070150,0.003,1495,SR 9,I 95,L LEFT,X RAMP,S SOUTH,07 RAMP URBAN,01 INTERSTATE,14 ENTRANCE/EXIT RAMP,03 SHOULDER,01 NOT AT INTERSECTION,01 PAVED,0,31-Dec-00,,27,PAVED,6,,0,,0,,11000,RCI,5.2,,,2 POSSIBLE INJURY,31 Q/C COMPLETED - LOC VERIFIED,0 NO,08 EXIT RAMP,04 DARK-LIGHTED,03 RAIN,02 WET,04 DOWNHILL,1 STRAIGHT,ONE-WAY TRAFFICWAY,,NO CONTROLS,NOT CODED,1,NONE,NOT CODED,NOT CODED,NONE,NOT CODED,NOT CODED,19 IMPACT ATTENUATOR/CRASH CUSION,77 OTHER (SEE NARRATIVE),01 STRAIGHT AHEAD,NO CONTRIBUTING ACTION,NOT CODED,00 NOT CODED,00 NOT CODED,00 NOT CODED,00 NOT CODED,01 NO,1,0,0,0,1,0,1,1,N,N,N,N,Y,N,N,N,N,N,N,N,N,N,N,N,N,N,N,N,N,N,N,N,N,N,26.09268663,-80.16890216,583110.7552,2886213.491,O,,ARBM15Q1R2,26-Feb-22,121403,-8924361.665,3010565.707
2.01284E+12,2012,836027150,12125363,CITY POLICE DEPARTMENT,04 FOURTH,BROWARD,3-Nov-12,618,SUNDAY,8638 FT. LAUDERDALE,1038,Y,SR 84,I 95,0,,0,0,26.0883658,-80.1681112,86070151,0,3538,SR 9,I 95,R RIGHT,X RAMP,E EAST,07 RAMP URBAN,03 STATE,02 INTERSECTION,10 ROADSIDE,01 NOT AT INTERSECTION,01 PAVED,0,31-Dec-00,,25,PAVED,5,,0,,0,,11000,RCI,5.2,,,3 NO-INCAPACITATING INJURY,31 Q/C COMPLETED - LOC VERIFIED,0 NO,07 ENTRANCE RAMP,02 DUSK,01 CLEAR,01 DRY,04 DOWNHILL,2 CURVE RIGHT,ONE-WAY TRAFFICWAY,,TRAFFIC CONTROL SIGNAL,NOT CODED,2,NONE,NOT CODED,NOT CODED,NONE,NOT CODED,NOT CODED,30 CONCRETE TRAFFIC BARRIER,02 FRONT TO FRONT,05 TURNING RIGHT,OVER-CORRECTING/OVERSTEERING,NOT CODED,00 NOT CODED,00 NOT CODED,00 NOT CODED,00 NOT CODED,01 NO,1,0,0,0,1,0,1,1,N,N,N,N,N,N,N,N,N,N,N,N,N,N,N,N,N,N,N,N,N,N,N,N,N,N,26.08840689,-80.16816807,583187.1948,2885739.969,O,,ARBM15Q1R2,26-Feb-22,121404,-8924279.946,3010035.232
2.01283E+12,2012,831051320,9.01202E+11,COUNTY SHERIFF'S OFFICE,04 FOURTH,BROWARD,27-Feb-12,1600,TUESDAY,8638 FT. LAUDERDALE,1038,Y,I 595,SR 7,2,E,0,0,26.082371,-80.1720229,86095000,10.249,4082,SR 862,I 595,L LEFT,S SIDE OF ROAD,W WEST,01 INTERSTATE URBAN,01 INTERSTATE,01 NON-JUNCTION,03 SHOULDER,01 NOT AT INTERSECTION,01 PAVED,36,21-Oct-09,11 URBAN PRIN ART INT.,24,PAVED WARN,20,LAWN,5,,0,63,184000,RCI,4.6,,65,2 POSSIBLE INJURY,31 Q/C COMPLETED - LOC VERIFIED,0 NO,01 NOT AT INTERSECTION/RRX/BRIDGE,01 DAYLIGHT,01 CLEAR,01 DRY,01 LEVEL,1 STRAIGHT,"TWO-WAY, DIVIDED, POSITIVE MED",,NO CONTROLS,NOT CODED,5,NONE,NOT CODED,NOT CODED,NONE,NOT CODED,NOT CODED,22 BRIDGE RAIL,03 ANGLE,01 STRAIGHT AHEAD,NO CONTRIBUTING ACTION,NOT CODED,00 NOT CODED,00 NOT CODED,00 NOT CODED,00 NOT CODED,01 NO,1,0,0,0,1,0,1,1,N,N,N,N,Y,N,N,N,N,N,N,N,N,N,N,N,N,N,N,N,N,N,N,N,N,N,26.08262465,-80.17185142,582822.8966,2885097.227,L,,ARBM15Q1R2,26-Feb-22,121539,-8924689.975,3009318.555
2.01283E+12,2012,832127220,FHPL12OFF061225,FLORIDA HIGHWAY PATROL,04 FOURTH,BROWARD,3-Oct-12,1610,THURSDAY,8638 FT. LAUDERDALE,1038,Y,SR 9,SR 862,0.5,S,26.0718649,-80.166735,26.0746429,-80.1677265,86070000,7.032,4952,SR 9,I 95,R RIGHT,2 THRU LANE 2,N NORTH,01 INTERSTATE URBAN,01 INTERSTATE,18 THROUGH ROADWAY,01 ON ROADWAY,01 NOT AT INTERSECTION,01 PAVED,36,2-Dec-08,11 URBAN PRIN ART INT.,52,PAVED WARN,10,LAWN,12,,0,22,281000,RCI,6.8,,65,4 INCAPACITATING INJURY,31 Q/C COMPLETED - LOC VERIFIED,3 A/D,01 NOT AT INTERSECTION/RRX/BRIDGE,01 DAYLIGHT,01 CLEAR,01 DRY,01 LEVEL,1 STRAIGHT,ONE-WAY TRAFFICWAY,ONE-WAY TRAFFICWAY,NO CONTROLS,NO CONTROLS,9,NONE,NOT CODED,NOT CODED,NONE,NOT CODED,NOT CODED,14 MOTOR VEHICLE IN TRANSPORT,01 FRONT TO REAR,06 CHANGING LANES,DROVE TOO FAST FOR CONDITIONS,NO CONTRIBUTING ACTION,00 NOT CODED,00 NOT CODED,00 NOT CODED,00 NOT CODED,01 NO,2,0,1,0,2,0,2,2,N,N,N,N,Y,Y,N,Y,N,N,N,Y,N,N,N,Y,N,N,N,N,N,N,N,N,N,N,26.07461074,-80.16769954,583243.8111,2884212.315,R,,ARBM15Q1R2,26-Feb-22,121751,-8924227.79,3008325.332
2.01291E+12,2012,914196110,1289697,CITY POLICE DEPARTMENT,04 FOURTH,BROWARD,6-Aug-12,1502,TUESDAY,8638 FT. LAUDERDALE,1038,Y,SR 736,SR 9,0,,0,0,26.1065827,-80.1689537,86210000,2.027,365,SR 736,,I INTERSECTION,M MIDDLE,E EAST,23 SUBURBAN 4-5LN 2WY DIVD RASD,03 STATE,02 INTERSECTION,01 ON ROADWAY,02 FOUR-WAY INTERSECTION,02 UNPAVED,37,11-Jan-12,16 URBAN MINOR ART,24,PAVED,16,,0,,0,52,35000,RCI,3.2,,40,3 NO-INCAPACITATING INJURY,31 Q/C COMPLETED - LOC VERIFIED,0 NO,02 AT INTERSECTION,01 DAYLIGHT,01 CLEAR,01 DRY,01 LEVEL,1 STRAIGHT,"TWO-WAY, DIVIDED, POSITIVE MED","TWO-WAY, DIVIDED, POSITIVE MED",TRAFFIC CONTROL SIGNAL,TRAFFIC CONTROL SIGNAL,4,NONE,NOT CODED,NOT CODED,NONE,NOT CODED,NOT CODED,14 MOTOR VEHICLE IN TRANSPORT,03 ANGLE,01 STRAIGHT AHEAD,RAN RED LIGHT,NO CONTRIBUTING ACTION,00 NOT CODED,00 NOT CODED,00 NOT CODED,00 NOT CODED,01 NO,1,0,0,0,2,0,2,3,N,N,N,Y,N,N,N,N,N,N,N,N,N,N,N,N,N,N,N,N,N,N,N,N,N,N,26.10658786,-80.16895951,583095.1955,2887753.049,R,,ARBM15Q1R2,26-Feb-22,121789,-8924368.048,3012288.898
2.01291E+12,2012,914192920,12055863,CITY POLICE DEPARTMENT,04 FOURTH,BROWARD,14-May-12,1508,TUESDAY,8638 FT. LAUDERDALE,1038,Y,SR 736,33RD TERR SW R,0.019,E,0,0,26.1047886,-80.1901466,86210000,0.702,337,SR 736,,L LEFT,1 THRU LANE 1,W WEST,20 URBAN 4-5LN 2WY DIVD RASD,03 STATE,01 NON-JUNCTION,01 ON ROADWAY,01 NOT AT INTERSECTION,03 CURB,32,11-Jan-12,16 URBAN MINOR ART,24,PAVED,4,CURB&GUTTER,2,,0,15,30000,RCI,2.3,02D3',40,1 NO INJURY,31 Q/C COMPLETED - LOC VERIFIED,0 NO,01 NOT AT INTERSECTION/RRX/BRIDGE,01 DAYLIGHT,02 CLOUDY,02 WET,01 LEVEL,1 STRAIGHT,"TWO-WAY, DIVIDED, POSITIVE MED","TWO-WAY, DIVIDED, POSITIVE MED",NO CONTROLS,NO CONTROLS,4,NONE,NOT CODED,NOT CODED,NONE,NOT CODED,NOT CODED,14 MOTOR VEHICLE IN TRANSPORT,77 OTHER (SEE NARRATIVE),77 OTHER (SEE NARRATIVE),OTHER CONTRIBUTING ACTION,NO CONTRIBUTING ACTION,00 NOT CODED,00 NOT CODED,00 NOT CODED,00 NOT CODED,01 NO,0,0,0,0,5,0,5,6,N,N,N,N,N,N,N,N,N,N,N,N,N,N,N,N,N,N,N,N,Y,N,N,N,N,N,26.10484187,-80.19014078,580978.4088,2887546.331,C,,ARBM15Q1R2,26-Feb-22,121790,-8926725.937,3012072.455
2.01291E+12,2012,914182170,1242713,CITY POLICE DEPARTMENT,04 FOURTH,BROWARD,12-Apr-12,1515,FRIDAY,8638 FT. LAUDERDALE,1038,Y,SR 736,9TH AVE SW,0.004,E,0,0,26.107345,-80.1529673,86210000,3.023,374,SR 736,,L LEFT,1 THRU LANE 1,W WEST,21 URBAN 4-5LN 2WY DIVD PAVD,05 LOCAL,01 NON-JUNCTION,01 ON ROADWAY,01 NOT AT INTERSECTION,03 CURB,35,11-Jan-12,16 URBAN MINOR ART,24,CURB&GUTTER,2,,0,,0,14,33000,RCI,14.3,,40,1 NO INJURY,31 Q/C COMPLETED - LOC VERIFIED,0 NO,02 AT INTERSECTION,01 DAYLIGHT,02 CLOUDY,01 DRY,01 LEVEL,1 STRAIGHT,"TWO-WAY, NOT DIVIDED","TWO-WAY, NOT DIVIDED",TRAFFIC CONTROL SIGNAL,TRAFFIC CONTROL SIGNAL,4,NONE,NOT CODED,NOT CODED,NONE,NOT CODED,NOT CODED,14 MOTOR VEHICLE IN TRANSPORT,01 FRONT TO REAR,01 STRAIGHT AHEAD,FOLLOWED TOO CLOSELY,NO CONTRIBUTING ACTION,00 NOT CODED,00 NOT CODED,00 NOT CODED,00 NOT CODED,01 NO,0,0,0,0,3,0,3,3,N,N,N,Y,N,N,N,N,N,N,N,N,N,N,N,N,N,N,N,N,N,N,N,N,N,N,26.10733524,-80.15296712,584693.7964,2887846.129,C,,ARBM15Q1R2,26-Feb-22,121791,-8922587.784,3012381.549
2.01291E+12,2012,914182210,1242668,CITY POLICE DEPARTMENT,04 FOURTH,BROWARD,12-Apr-12,1345,FRIDAY,8638 FT. LAUDERDALE,1038,Y,DAVIE BLVD,31ST AVE SW,0.005,E,0,0,26.1055743,-80.185654,86210000,0.986,340,SR 736,,L LEFT,1 THRU LANE 1,W WEST,21 URBAN 4-5LN 2WY DIVD PAVD,03 STATE,01 NON-JUNCTION,01 ON ROADWAY,01 NOT AT INTERSECTION,03 CURB,32,11-Jan-12,16 URBAN MINOR ART,24,PAVED,4,CURB&GUTTER,2,,0,13,29000,RCI,14.3,,40,3 NO-INCAPACITATING INJURY,31 Q/C COMPLETED - LOC VERIFIED,0 NO,02 AT INTERSECTION,01 DAYLIGHT,03 RAIN,02 WET,01 LEVEL,1 STRAIGHT,"TWO-WAY, DIVIDED, POSITIVE MED","TWO-WAY, DIVIDED, POSITIVE MED",TRAFFIC CONTROL SIGNAL,TRAFFIC CONTROL SIGNAL,4,"RD SURFC (WET, ICY, SNOW, ETC)",NOT CODED,NOT CODED,WEATHER CONDITIONS,NOT CODED,NOT CODED,14 MOTOR VEHICLE IN TRANSPORT,01 FRONT TO REAR,01 STRAIGHT AHEAD,OTHER CONTRIBUTING ACTION,NO CONTRIBUTING ACTION,00 NOT CODED,00 NOT CODED,00 NOT CODED,00 NOT CODED,01 NO,1,0,0,0,2,0,2,2,N,N,N,Y,N,N,N,N,N,N,N,N,N,N,N,N,N,N,N,N,N,N,N,N,N,N,26.10564828,-80.18565556,581426.3489,2887638.439,C,,ARBM15Q1R2,26-Feb-22,121792,-8926226.645,3012172.421
2.01291E+12,2012,913813540,129482,CITY POLICE DEPARTMENT,04 FOURTH,BROWARD,24-Jan-12,1629,WEDNESDAY,8638 FT. LAUDERDALE,1038,Y,SR 736,31ST AVE SW,0,,0,0,26.1055584,-80.1857324,86210000,0.981,340,SR 736,,R RIGHT,2 THRU LANE 2,W WEST,21 URBAN 4-5LN 2WY DIVD PAVD,03 STATE,02 INTERSECTION,01 ON ROADWAY,02 FOUR-WAY INTERSECTION,03 CURB,32,11-Jan-12,16 URBAN MINOR ART,24,PAVED,4,CURB&GUTTER,2,,0,13,29000,RCI,14.3,,40,4 INCAPACITATING INJURY,31 Q/C COMPLETED - LOC VERIFIED,0 NO,02 AT INTERSECTION,01 DAYLIGHT,01 CLEAR,01 DRY,01 LEVEL,1 STRAIGHT,"TWO-WAY, NOT DIV, W/CONT LTURN","TWO-WAY, NOT DIV, W/CONT LTURN",TRAFFIC CONTROL SIGNAL,TRAFFIC CONTROL SIGNAL,4,NONE,NOT CODED,NOT CODED,NONE,NOT CODED,NOT CODED,14 MOTOR VEHICLE IN TRANSPORT,02 FRONT TO FRONT,03 TURNING LEFT,FAILED TO YIELD RIGHT-OF-WAY,NO CONTRIBUTING ACTION,00 NOT CODED,00 NOT CODED,00 NOT CODED,00 NOT CODED,01 NO,2,0,1,0,3,0,3,4,N,N,N,Y,N,N,N,N,N,N,N,N,N,N,N,Y,N,N,N,N,Y,Y,N,N,Y,N,26.10563391,-80.18573458,581418.457,2887636.798,C,,ARBM15Q1R2,26-Feb-22,121793,-8926235.442,3012170.64
2.01284E+12,2012,835827750,12105147,CITY POLICE DEPARTMENT,04 FOURTH,BROWARD,13-Sep-12,2204,FRIDAY,8638 FT. LAUDERDALE,1038,Y,POWERLINE RD,MCNAB RD,0,,0,0,26.2107424,-80.1559312,86065000,5.117,2650,SR 845,,L LEFT,2 THRU LANE 2,S SOUTH,30 URBAN 6+LN 2WY DIVD RASD,03 STATE,01 NON-JUNCTION,01 ON ROADWAY,02 FOUR-WAY INTERSECTION,03 CURB,36,9-Mar-12,14 URBAN PRIN ART OTHER,32,CURB&GUTTER,2,,0,,0,29,36500,RCI,5.4,,45,1 NO INJURY,31 Q/C COMPLETED - LOC VERIFIED,0 NO,02 AT INTERSECTION,04 DARK-LIGHTED,02 CLOUDY,01 DRY,01 LEVEL,1 STRAIGHT,"TWO-WAY, DIVIDED, POSITIVE MED","TWO-WAY, DIVIDED, POSITIVE MED",TRAFFIC CONTROL SIGNAL,TRAFFIC CONTROL SIGNAL,6,NONE,NOT CODED,NOT CODED,NONE,NOT CODED,NOT CODED,15 PARKED MOTOR VEHICLE,77 OTHER (SEE NARRATIVE),01 STRAIGHT AHEAD,RAN RED LIGHT,NO CONTRIBUTING ACTION,00 NOT CODED,00 NOT CODED,00 NOT CODED,00 NOT CODED,01 NO,0,0,0,0,2,0,2,3,N,N,N,Y,N,N,N,N,N,N,N,N,N,N,N,N,N,N,N,N,N,N,N,N,N,N,26.21068447,-80.15608546,584307.6516,2899290.395,L,,ARBM15Q1R2,26-Feb-22,121892,-8922934.916,3025199.199
2.01284E+12,2012,836023210,12115284,CITY POLICE DEPARTMENT,04 FOURTH,BROWARD,9-Oct-12,1222,WEDNESDAY,8638 FT. LAUDERDALE,1038,Y,ANDREWS AVE,DAVIE BLVD,0,,0,0,26.10755,-80.1427562,86210000,3.657,2839,SR 736,,S SIDE RD RIGHT,1 THRU LANE 1,N NORTH,21 URBAN 4-5LN 2WY DIVD PAVD,05 LOCAL,02 INTERSECTION,01 ON ROADWAY,02 FOUR-WAY INTERSECTION,03 CURB,35,11-Jan-12,16 URBAN MINOR ART,24,CURB&GUTTER,2,,0,,0,13,16900,RCI,12.3,,35,1 NO INJURY,31 Q/C COMPLETED - LOC VERIFIED,0 NO,02 AT INTERSECTION,01 DAYLIGHT,01 CLEAR,01 DRY,01 LEVEL,1 STRAIGHT,"TWO-WAY, DIVIDED, POSITIVE MED","TWO-WAY, DIVIDED, POSITIVE MED",TRAFFIC CONTROL SIGNAL,TRAFFIC CONTROL SIGNAL,4,NONE,NOT CODED,NOT CODED,NONE,NOT CODED,NOT CODED,14 MOTOR VEHICLE IN TRANSPORT,01 FRONT TO REAR,01 STRAIGHT AHEAD,OTHER CONTRIBUTING ACTION,NO CONTRIBUTING ACTION,00 NOT CODED,00 NOT CODED,00 NOT CODED,00 NOT CODED,01 NO,0,0,0,0,2,0,2,3,N,N,N,Y,N,N,N,N,N,N,N,N,N,N,N,N,N,N,N,N,N,Y,N,Y,N,N,26.10756069,-80.14276143,585714.1332,2887877.778,C,,ARBM15Q1R2,26-Feb-22,121919,-8921451.691,3012409.498
2.01282E+12,2012,824179340,BS12-01-001502,CITY POLICE DEPARTMENT,04 FOURTH,BROWARD,17-Jan-12,1757,WEDNESDAY,8638 FT. LAUDERDALE,1038,Y,SR 838,SR 845,0.251,W,0,0,26.1364867,-80.1579609,86110000,6.799,399,SR 838,,R RIGHT,1 THRU LANE 1,E EAST,30 URBAN 6+LN 2WY DIVD RASD,03 STATE,01 NON-JUNCTION,01 ON ROADWAY,01 NOT AT INTERSECTION,03 CURB,32,9-Jul-12,14 URBAN PRIN ART OTHER,32,PAVED,3,CURB&GUTTER,2,,0,16,63000,RCI,5.5,,40,1 NO INJURY,31 Q/C COMPLETED - LOC VERIFIED,0 NO,01 NOT AT INTERSECTION/RRX/BRIDGE,04 DARK-LIGHTED,01 CLEAR,01 DRY,01 LEVEL,1 STRAIGHT,"TWO-WAY, DIVIDED, POSITIVE MED","TWO-WAY, DIVIDED, POSITIVE MED",NO CONTROLS,NO CONTROLS,6,NONE,NOT CODED,NOT CODED,NONE,NOT CODED,NOT CODED,14 MOTOR VEHICLE IN TRANSPORT,01 FRONT TO REAR,01 STRAIGHT AHEAD,FOLLOWED TOO CLOSELY,NO CONTRIBUTING ACTION,00 NOT CODED,00 NOT CODED,00 NOT CODED,00 NOT CODED,01 NO,0,0,0,0,2,0,2,2,N,N,N,N,N,N,N,N,N,N,N,N,N,N,N,N,N,N,N,N,N,N,N,N,N,N,26.13646617,-80.15768574,584201.0821,2891069.404,R,,ARBM15Q1R2,26-Feb-22,122017,-8923113.058,3015993.296
2.01291E+12,2012,914194430,12065164,CITY POLICE DEPARTMENT,04 FOURTH,BROWARD,6-Jun-12,1140,THURSDAY,8638 FT. LAUDERDALE,1038,Y,POWERLINE RD,SUNRISE BLVD,0.004,N,0,0,26.1366056,-80.1538665,86065000,0.004,3412,SR 845,,L LEFT,R RIGHT TURN,S SOUTH,30 URBAN 6+LN 2WY DIVD RASD,03 STATE,01 NON-JUNCTION,01 ON ROADWAY,01 NOT AT INTERSECTION,03 CURB,41,9-Mar-12,14 URBAN PRIN ART OTHER,33,CURB&GUTTER,2,,0,,0,16,20100,RCI,4.8,,40,3 NO-INCAPACITATING INJURY,31 Q/C COMPLETED - LOC VERIFIED,0 NO,02 AT INTERSECTION,01 DAYLIGHT,01 CLEAR,01 DRY,01 LEVEL,1 STRAIGHT,"TWO-WAY, DIVIDED, POSITIVE MED",UNKNOWN,TRAFFIC CONTROL SIGNAL,TRAFFIC CONTROL SIGNAL,6,NONE,NOT CODED,NOT CODED,NONE,NOT CODED,NOT CODED,14 MOTOR VEHICLE IN TRANSPORT,"04 SIDESWIPE, SAME DIRECTION",06 CHANGING LANES,OTHER CONTRIBUTING ACTION,NO CONTRIBUTING ACTION,00 NOT CODED,00 NOT CODED,00 NOT CODED,00 NOT CODED,01 NO,1,0,0,0,2,0,2,2,N,N,N,Y,N,N,N,N,N,N,N,N,N,N,N,N,N,N,N,N,N,N,N,N,N,N,26.13652879,-80.15389232,584580.2589,2891078.801,L,,ARBM15Q1R2,26-Feb-22,122023,-8922690.777,3016001.061
2.01284E+12,2012,836394570,12136917,CITY POLICE DEPARTMENT,04 FOURTH,BROWARD,3-Dec-12,1720,TUESDAY,8638 FT. LAUDERDALE,1038,Y,POWERLINE RD,16TH ST NW,0.002,N,0,0,26.1470474,-80.1542064,86065000,0.724,1977,SR 845,,L LEFT,L LEFT TURN,S SOUTH,30 URBAN 6+LN 2WY DIVD RASD,03 STATE,01 NON-JUNCTION,01 ON ROADWAY,01 NOT AT INTERSECTION,03 CURB,35,9-Mar-12,14 URBAN PRIN ART OTHER,33,CURB&GUTTER,2,,0,,0,16,20100,RCI,4.8,,40,3 NO-INCAPACITATING INJURY,31 Q/C COMPLETED - LOC VERIFIED,0 NO,02 AT INTERSECTION,01 DAYLIGHT,01 CLEAR,01 DRY,01 LEVEL,1 STRAIGHT,"TWO-WAY, DIVIDED, POSITIVE MED","TWO-WAY, DIVIDED, POSITIVE MED",TRAFFIC CONTROL SIGNAL,TRAFFIC CONTROL SIGNAL,6,NONE,NOT CODED,NOT CODED,NONE,NOT CODED,NOT CODED,14 MOTOR VEHICLE IN TRANSPORT,01 FRONT TO REAR,01 STRAIGHT AHEAD,OTHER CONTRIBUTING ACTION,NO CONTRIBUTING ACTION,00 NOT CODED,00 NOT CODED,00 NOT CODED,00 NOT CODED,01 NO,3,0,0,0,2,0,2,4,N,N,N,Y,N,N,N,N,N,N,N,N,N,N,N,N,N,N,N,N,N,N,N,N,N,N,26.14696962,-80.15433127,584528.858,2892234.872,L,,ARBM15Q1R2,26-Feb-22,122024,-8922739.64,3017295.77
2.01283E+12,2012,831991270,FHPL12OFF078844,FLORIDA HIGHWAY PATROL,04 FOURTH,BROWARD,22-Dec-12,2104,SUNDAY,8638 FT. LAUDERDALE,1038,Y,I 95,SUNRISE BLVD,0.038,N,26.1036399,-80.1402149,26.137158,-80.1692833,86070000,11.347,1889,SR 9,I 95,L LEFT,S SIDE OF ROAD,S SOUTH,01 INTERSTATE URBAN,01 INTERSTATE,18 THROUGH ROADWAY,03 SHOULDER,01 NOT AT INTERSECTION,01 PAVED,36,2-Dec-08,11 URBAN PRIN ART INT.,64,PAVED WARN,10,LAWN,12,,0,27,262000,RCI,6.8,,65,1 NO INJURY,31 Q/C COMPLETED - LOC VERIFIED,1 ALC,03 INFLUENCED BY INTERSECTION,04 DARK-LIGHTED,01 CLEAR,01 DRY,01 LEVEL,1 STRAIGHT,"TWO-WAY, DIVIDED, POSITIVE MED",,NO CONTROLS,NOT CODED,10,NONE,NOT CODED,NOT CODED,NONE,NOT CODED,NOT CODED,27 GUARDRAIL FACE,77 OTHER (SEE NARRATIVE),01 STRAIGHT AHEAD,OPERATED MV IN CARLESS OR NEGL,NOT CODED,00 NOT CODED,00 NOT CODED,00 NOT CODED,00 NOT CODED,01 NO,0,0,0,0,1,0,1,2,N,N,N,Y,N,N,N,Y,N,N,N,N,N,N,N,N,N,N,N,N,N,N,N,N,N,N,26.13709432,-80.16950732,583018.8544,2891131.373,L,,ARBM15Q1R2,26-Feb-22,122164,-8924429.03,3016071.186
2.01284E+12,2012,836398980,12145777,CITY POLICE DEPARTMENT,04 FOURTH,BROWARD,26-Dec-12,827,THURSDAY,8638 FT. LAUDERDALE,1038,Y,SR 816,BAYVIEW DR,0.009,E,0,0,26.1673422,-80.1086708,86090000,9.206,592,SR 816,,L LEFT,2 THRU LANE 2,W WEST,30 URBAN 6+LN 2WY DIVD RASD,03 STATE,03 INTERSECTION-RELATED,01 ON ROADWAY,01 NOT AT INTERSECTION,03 CURB,36,9-Jul-12,16 URBAN MINOR ART,30,CURB&GUTTER,2,,0,,0,16,31500,RCI,3.9,,35,2 POSSIBLE INJURY,31 Q/C COMPLETED - LOC VERIFIED,0 NO,02 AT INTERSECTION,01 DAYLIGHT,01 CLEAR,01 DRY,01 LEVEL,1 STRAIGHT,"TWO-WAY, DIVIDED, POSITIVE MED","TWO-WAY, DIVIDED, POSITIVE MED",TRAFFIC CONTROL SIGNAL,TRAFFIC CONTROL SIGNAL,6,NONE,NOT CODED,NOT CODED,NONE,NOT CODED,NOT CODED,14 MOTOR VEHICLE IN TRANSPORT,01 FRONT TO REAR,01 STRAIGHT AHEAD,OTHER CONTRIBUTING ACTION,NO CONTRIBUTING ACTION,00 NOT CODED,00 NOT CODED,00 NOT CODED,00 NOT CODED,01 NO,1,0,0,0,2,0,2,4,N,N,N,Y,N,N,N,N,N,N,Y,N,N,N,N,N,N,N,N,N,N,N,N,N,N,N,26.16738792,-80.10861897,589082.7427,2894526.813,C,,ARBM15Q1R2,26-Feb-22,122304,-8917650.969,3019828.062
2.01291E+12,2012,914174450,1222982,CITY POLICE DEPARTMENT,04 FOURTH,BROWARD,26-Feb-12,1725,MONDAY,8638 FT. LAUDERDALE,1038,Y,62ND ST NW,POWERLINE RD,0.006,W,0,0,26.2030859,-80.1556839,86065000,4.589,1984,SR 845,,T SIDE RD LEFT,2 THRU LANE 2,E EAST,30 URBAN 6+LN 2WY DIVD RASD,05 LOCAL,01 NON-JUNCTION,01 ON ROADWAY,01 NOT AT INTERSECTION,03 CURB,36,9-Mar-12,14 URBAN PRIN ART OTHER,32,CURB&GUTTER,2,,0,,0,29,33500,RCI,5.9,,45,3 NO-INCAPACITATING INJURY,31 Q/C COMPLETED - LOC VERIFIED,0 NO,02 AT INTERSECTION,01 DAYLIGHT,01 CLEAR,01 DRY,01 LEVEL,1 STRAIGHT,"TWO-WAY, DIVIDED, POSITIVE MED","TWO-WAY, DIVIDED, POSITIVE MED",NO CONTROLS,NO CONTROLS,6,NONE,NOT CODED,NOT CODED,NONE,NOT CODED,NOT CODED,14 MOTOR VEHICLE IN TRANSPORT,01 FRONT TO REAR,01 STRAIGHT AHEAD,OPERATED MV IN CARLESS OR NEGL,NO CONTRIBUTING ACTION,00 NOT CODED,00 NOT CODED,00 NOT CODED,00 NOT CODED,01 NO,2,0,0,0,2,0,2,2,N,N,N,Y,N,N,N,N,N,N,N,N,N,N,N,N,N,N,N,N,N,N,N,N,N,N,26.20302363,-80.15584317,584337.378,2898442.081,L,,ARBM15Q1R2,26-Feb-22,122307,-8922907.945,3024248.69