Crash Id,Calendar Year,FDOT Crash Number,Reporting Agency Case Number,Reporting Agency Type,FDOT Managing District,County Name,Crash Date,Crash Time,Day,DHSMV City,Crash Report City Code,In Town,On Roadway Name,Int Roadway Name,Reference Distance (Miles),Reference Direction,Officer Latitude,Officer Longitude,FDOT Latitude,FDOT Longitude,FDOT Roadway,Nearest Inventory MP,Nearest Node From Crash,State Road #,US Highway,Crash Side of Road,Accident Lane Number,Travel Direction Vehicle 1,FDOT Road Category,DHSMV Road System Id,Relation to Junction,Crash Harmful Event Location,Intersection Type,Shoulder Type,FDOT Roadway SKID Test Result,FDOT Roadway SKID Test Date,Functional Class,RCI Surface Width,RCI Shoulder Type First,RCI Shoulder Width First,RCI Shoulder Type Second,RCI Shoulder Width Second,RCI Shoulder Type Third,RCI Shoulder Width Third,RCI Median Width,Avg Daily Traffic,AADT Source,RCI Avg Per Truck Traffic,RCI Horiz Curve Condition,Posted Speed Limit,Highest Injury in Crash,CAR Status Code,Alcohols/Drug Involved,Site Location,Lighting,Weather,Road Surface,Roadway Grade,Roadway Alignment,Traffic Way Vehicle 1,Traffic Way Vehicle 2,Traffic Control Vehicle 1,Traffic Control Vehicle 2,Count of Lanes,Road Condition 1,Road Condition 2,Road Condition 3,Environment Condition 1,Environment Condition 2,Environment Condition 3,Crash Harmful Event,Manner of Collision,Vehicle Movement,Driver Action Vehicle 1,Driver Action Vehicle 2,Location Within Workzone,Type of Workzone,Workers Present in Workzone,Law Enforcement Present in Workzone,School Bus Related,Count of Nonfatal Injuries,Count of Traffic Fatalities,Count of Serious Injuries,Count of Pedestrians,Count of Drivers,Count of Bicyclists,Count of Vehicles,Count of Persons,Wrong Way,Workzone Inv,Commercial Vehicle Inv,Intersection Inv,Lane Departure,Speeding,Agressive Driving,Impaired Driver,Impaired Pedestrian,Impaired Bicyclist,Distracted Driver,Speeding or Aggressive Driving,Pedestrian Related,Bicyclist Related,Pedestrian or Bicyclist Related,Motorcycle Inv,No Belt,No Belt - Ages 1-4,No Belt - Ages 5-12,No Belt - Ages 13-17,Driver - Ages Teen,Driver - Ages 65 plus,Driver - Ages 65-69,Driver - Ages 70-74,Driver - Ages 75-79,Driver - Ages 80 plus,ARBM Latitude,ARBM Longitude,UTM Zone 17N X,UTM Zone 17N Y,ARBM Side of Road,Urban Rural Indicator,GIS Street Source,Extract Date,OBJECTID,x,y
2.01283E+12,2012,831937480,FHPL12OFF076166,FLORIDA HIGHWAY PATROL,04 FOURTH,BROWARD,10-Dec-12,1625,TUESDAY,8638 FT. LAUDERDALE,1038,Y,I 95,CYPRESS CREEK RD,0.006,N,26.2038226,-80.1459245,26.2036807,-80.1460053,86070060,0.421,5338,SR 9,I 95,L LEFT,X RAMP,S SOUTH,07 RAMP URBAN,01 INTERSTATE,14 ENTRANCE/EXIT RAMP,01 ON ROADWAY,03 T-INTERSECTION,01 PAVED,0,31-Dec-00,,24,PAVED,11,RAISED CURB,1,,0,,12500,RCI,4,,,1 NO INJURY,31 Q/C COMPLETED - LOC VERIFIED,0 NO,08 EXIT RAMP,01 DAYLIGHT,01 CLEAR,01 DRY,01 LEVEL,1 STRAIGHT,ONE-WAY TRAFFICWAY,ONE-WAY TRAFFICWAY,TRAFFIC CONTROL SIGNAL,TRAFFIC CONTROL SIGNAL,2,NONE,NOT CODED,NOT CODED,NONE,NOT CODED,NOT CODED,14 MOTOR VEHICLE IN TRANSPORT,01 FRONT TO REAR,77 OTHER (SEE NARRATIVE),NOT CODED,NO CONTRIBUTING ACTION,00 NOT CODED,00 NOT CODED,00 NOT CODED,00 NOT CODED,01 NO,0,0,0,0,1,0,2,2,N,N,N,N,N,N,N,N,N,N,N,N,N,N,N,N,N,N,N,N,N,N,N,N,N,N,26.20369692,-80.14592051,585328.2774,2898523.139,O,,ARBM15Q1R2,26-Feb-22,155691,-8921803.359,3024332.225
2.01283E+12,2012,831937410,FHPL12OFF068982,FLORIDA HIGHWAY PATROL,04 FOURTH,BROWARD,8-Nov-12,1827,FRIDAY,8638 FT. LAUDERDALE,1038,Y,SR 9,CYPRESS CREEK RD,0.009,S,26.2033035,-80.1436706,26.2034147,-80.1429502,86070062,0.275,5340,SR 9,I 95,R RIGHT,X RAMP,N NORTH,07 RAMP URBAN,01 INTERSTATE,14 ENTRANCE/EXIT RAMP,03 SHOULDER,01 NOT AT INTERSECTION,01 PAVED,0,31-Dec-00,,15,PAVED,3,LAWN,9,,0,,7900,RCI,4,,,1 NO INJURY,31 Q/C COMPLETED - LOC VERIFIED,0 NO,08 EXIT RAMP,04 DARK-LIGHTED,01 CLEAR,01 DRY,01 LEVEL,3 CURVE LEFT,ONE-WAY TRAFFICWAY,,NO CONTROLS,NOT CODED,1,NONE,NOT CODED,NOT CODED,NONE,NOT CODED,NOT CODED,14 MOTOR VEHICLE IN TRANSPORT,77 OTHER (SEE NARRATIVE),01 STRAIGHT AHEAD,NO CONTRIBUTING ACTION,NOT CODED,00 NOT CODED,00 NOT CODED,00 NOT CODED,00 NOT CODED,01 NO,0,0,0,0,1,0,1,2,N,N,N,N,Y,N,N,N,N,N,N,N,N,N,N,N,N,N,N,N,N,N,N,N,N,N,26.2034227,-80.14295316,585624.9506,2898494.724,O,,ARBM15Q1R2,26-Feb-22,155693,-8921473.034,3024298.204
2.01291E+12,2012,914163190,1271866,CITY POLICE DEPARTMENT,04 FOURTH,BROWARD,22-Jun-12,2118,SATURDAY,8638 FT. LAUDERDALE,1038,Y,SR 838,15TH AVE NE,0.008,W,0,0,26.1371886,-80.1288627,86020000,1.493,1365,SR 5,US 1,R RIGHT,2 THRU LANE 2,E EAST,30 URBAN 6+LN 2WY DIVD RASD,03 STATE,01 NON-JUNCTION,01 ON ROADWAY,01 NOT AT INTERSECTION,03 CURB,36,31-Jan-11,14 URBAN PRIN ART OTHER,35,CURB&GUTTER,2,,0,,0,16,55000,RCI,4.3,,35,3 NO-INCAPACITATING INJURY,31 Q/C COMPLETED - LOC VERIFIED,0 NO,02 AT INTERSECTION,04 DARK-LIGHTED,03 RAIN,02 WET,01 LEVEL,1 STRAIGHT,"TWO-WAY, DIVIDED, POSITIVE MED","TWO-WAY, DIVIDED, POSITIVE MED",TRAFFIC CONTROL SIGNAL,TRAFFIC CONTROL SIGNAL,6,NONE,NOT CODED,NOT CODED,NONE,NOT CODED,NOT CODED,14 MOTOR VEHICLE IN TRANSPORT,01 FRONT TO REAR,14 SLOWING,FOLLOWED TOO CLOSELY,NO CONTRIBUTING ACTION,00 NOT CODED,00 NOT CODED,00 NOT CODED,00 NOT CODED,01 NO,3,0,0,0,2,0,2,4,N,N,N,Y,N,N,N,N,N,N,N,N,N,N,N,N,N,N,N,N,N,N,N,N,N,N,26.13718006,-80.12891997,587076.2271,2891167.413,R,,ARBM15Q1R2,26-Feb-22,157935,-8919910.866,3016081.819
2.01291E+12,2012,914171740,1283697,CITY POLICE DEPARTMENT,04 FOURTH,BROWARD,22-Jul-12,1325,MONDAY,8638 FT. LAUDERDALE,1038,Y,US 1,26TH ST NE,0,,0,0,26.1598136,-80.1166858,86020000,3.563,1385,SR 5,US 1,R RIGHT,L LEFT TURN,0,30 URBAN 6+LN 2WY DIVD RASD,02 U.S.,01 NON-JUNCTION,01 ON ROADWAY,77 OTHER (SEE NARRATIVE),03 CURB,28,12-May-08,14 URBAN PRIN ART OTHER,33,PAVED,3,CURB&GUTTER,2,,0,20,57000,RCI,1.7,,45,1 NO INJURY,31 Q/C COMPLETED - LOC VERIFIED,0 NO,02 AT INTERSECTION,01 DAYLIGHT,01 CLEAR,01 DRY,01 LEVEL,1 STRAIGHT,"TWO-WAY, DIVIDED, POSITIVE MED","TWO-WAY, DIVIDED, POSITIVE MED",TRAFFIC CONTROL SIGNAL,TRAFFIC CONTROL SIGNAL,6,NONE,NOT CODED,NOT CODED,NONE,NOT CODED,NOT CODED,14 MOTOR VEHICLE IN TRANSPORT,01 FRONT TO REAR,77 OTHER (SEE NARRATIVE),OTHER CONTRIBUTING ACTION,NO CONTRIBUTING ACTION,00 NOT CODED,00 NOT CODED,00 NOT CODED,00 NOT CODED,01 NO,0,0,0,0,2,0,2,2,N,N,N,Y,N,N,N,N,N,N,N,N,N,N,N,N,N,N,N,N,N,N,N,N,N,N,26.15975631,-80.11668702,588282.1461,2893676.072,R,,ARBM15Q1R2,26-Feb-22,157936,-8918549.1,3018881.533
2.01291E+12,2012,914184820,1215077,CITY POLICE DEPARTMENT,04 FOURTH,BROWARD,7-Feb-12,1128,WEDNESDAY,8638 FT. LAUDERDALE,1038,Y,FEDERAL HWY,26TH ST NE,0,,0,0,26.1598136,-80.1166858,86020000,3.563,1385,SR 5,US 1,L LEFT,3 THRU LANE 3,S SOUTH,30 URBAN 6+LN 2WY DIVD RASD,03 STATE,03 INTERSECTION-RELATED,01 ON ROADWAY,02 FOUR-WAY INTERSECTION,03 CURB,28,12-May-08,14 URBAN PRIN ART OTHER,33,PAVED,3,CURB&GUTTER,2,,0,20,57000,RCI,1.7,,45,1 NO INJURY,31 Q/C COMPLETED - LOC VERIFIED,0 NO,02 AT INTERSECTION,01 DAYLIGHT,02 CLOUDY,01 DRY,01 LEVEL,1 STRAIGHT,"TWO-WAY, DIVIDED, POSITIVE MED","TWO-WAY, DIVIDED, POSITIVE MED",TRAFFIC CONTROL SIGNAL,TRAFFIC CONTROL SIGNAL,6,NONE,NOT CODED,NOT CODED,NONE,NOT CODED,NOT CODED,14 MOTOR VEHICLE IN TRANSPORT,"04 SIDESWIPE, SAME DIRECTION",01 STRAIGHT AHEAD,NO CONTRIBUTING ACTION,NO CONTRIBUTING ACTION,00 NOT CODED,00 NOT CODED,00 NOT CODED,00 NOT CODED,01 NO,0,0,0,0,2,0,2,2,N,N,N,Y,N,N,N,N,N,N,N,N,N,N,N,Y,N,N,N,N,N,Y,Y,N,N,N,26.15990259,-80.11679642,588271.1014,2893692.199,L,,ARBM15Q1R2,26-Feb-22,157937,-8918561.278,3018899.674
2.01291E+12,2012,914170870,12078898,CITY POLICE DEPARTMENT,04 FOURTH,BROWARD,10-Jul-12,2119,WEDNESDAY,8638 FT. LAUDERDALE,1038,Y,US 1,26TH ST NE,0,,0,0,26.1598136,-80.1166858,86020000,3.563,1385,SR 5,US 1,L LEFT,3 THRU LANE 3,N NORTH,30 URBAN 6+LN 2WY DIVD RASD,01 INTERSTATE,02 INTERSECTION,01 ON ROADWAY,02 FOUR-WAY INTERSECTION,03 CURB,28,12-May-08,14 URBAN PRIN ART OTHER,33,PAVED,3,CURB&GUTTER,2,,0,20,57000,RCI,1.7,,45,1 NO INJURY,31 Q/C COMPLETED - LOC VERIFIED,1 ALC,02 AT INTERSECTION,01 DAYLIGHT,03 RAIN,02 WET,01 LEVEL,1 STRAIGHT,"TWO-WAY, DIVIDED, POSITIVE MED","TWO-WAY, DIVIDED, POSITIVE MED",TRAFFIC CONTROL SIGNAL,TRAFFIC CONTROL SIGNAL,6,"RD SURFC (WET, ICY, SNOW, ETC)",NOT CODED,NOT CODED,WEATHER CONDITIONS,NOT CODED,NOT CODED,14 MOTOR VEHICLE IN TRANSPORT,03 ANGLE,03 TURNING LEFT,OTHER CONTRIBUTING ACTION,OTHER CONTRIBUTING ACTION,00 NOT CODED,00 NOT CODED,00 NOT CODED,00 NOT CODED,01 NO,0,0,0,0,3,0,3,4,N,N,N,Y,N,N,N,Y,N,N,Y,N,N,N,N,N,N,N,N,N,N,N,N,N,N,N,26.15990259,-80.11679642,588271.1014,2893692.199,L,,ARBM15Q1R2,26-Feb-22,157938,-8918561.278,3018899.674
2.01284E+12,2012,836395060,12139198,CITY POLICE DEPARTMENT,04 FOURTH,BROWARD,9-Dec-12,1342,MONDAY,8638 FT. LAUDERDALE,1038,Y,SR 5,62ND ST NE,0.019,S,0,0,26.2037796,-80.108663,86020000,6.805,1411,SR 5,US 1,R RIGHT,1 THRU LANE 1,N NORTH,30 URBAN 6+LN 2WY DIVD RASD,03 STATE,01 NON-JUNCTION,01 ON ROADWAY,01 NOT AT INTERSECTION,03 CURB,36,31-Jan-11,14 URBAN PRIN ART OTHER,33,PAVED,3,CURB&GUTTER,2,,0,21,55500,RCI,3.6,,45,2 POSSIBLE INJURY,31 Q/C COMPLETED - LOC VERIFIED,0 NO,03 INFLUENCED BY INTERSECTION,01 DAYLIGHT,01 CLEAR,01 DRY,01 LEVEL,1 STRAIGHT,"TWO-WAY, DIVIDED, POSITIVE MED","TWO-WAY, DIVIDED, POSITIVE MED",TRAFFIC CONTROL SIGNAL,TRAFFIC CONTROL SIGNAL,6,NONE,NOT CODED,NOT CODED,NONE,NOT CODED,NOT CODED,14 MOTOR VEHICLE IN TRANSPORT,01 FRONT TO REAR,14 SLOWING,OTHER CONTRIBUTING ACTION,NO CONTRIBUTING ACTION,00 NOT CODED,00 NOT CODED,00 NOT CODED,00 NOT CODED,01 NO,2,0,0,0,3,0,3,5,N,N,N,Y,N,N,N,N,N,N,N,N,N,N,N,N,N,N,N,N,N,N,N,N,N,N,26.20373063,-80.10865546,589051.4613,2898551.917,R,,ARBM15Q1R2,26-Feb-22,157940,-8917655.031,3024336.409
2.01284E+12,2012,836023910,12111659,CITY POLICE DEPARTMENT,04 FOURTH,BROWARD,30-Sep-12,921,MONDAY,8638 FT. LAUDERDALE,1038,Y,FEDERAL HWY,26TH ST NE,0.019,N,0,0,26.1600804,-80.1166085,86020000,3.582,1385,SR 5,US 1,L LEFT,2 THRU LANE 2,S SOUTH,30 URBAN 6+LN 2WY DIVD RASD,03 STATE,01 NON-JUNCTION,01 ON ROADWAY,01 NOT AT INTERSECTION,03 CURB,28,12-May-08,14 URBAN PRIN ART OTHER,33,PAVED,3,CURB&GUTTER,2,,0,20,57000,RCI,1.7,,45,1 NO INJURY,31 Q/C COMPLETED - LOC VERIFIED,0 NO,03 INFLUENCED BY INTERSECTION,01 DAYLIGHT,02 CLOUDY,02 WET,01 LEVEL,1 STRAIGHT,"TWO-WAY, NOT DIVIDED","TWO-WAY, NOT DIVIDED",NO CONTROLS,NO CONTROLS,6,NONE,NOT CODED,NOT CODED,NONE,NOT CODED,NOT CODED,14 MOTOR VEHICLE IN TRANSPORT,"04 SIDESWIPE, SAME DIRECTION",01 STRAIGHT AHEAD,NO CONTRIBUTING ACTION,NO CONTRIBUTING ACTION,00 NOT CODED,00 NOT CODED,00 NOT CODED,00 NOT CODED,01 NO,0,0,0,0,2,0,2,2,N,N,N,Y,N,N,N,N,N,N,N,N,N,N,N,N,N,N,N,N,N,N,N,N,N,N,26.16016989,-80.11672418,588278.1208,2893721.852,L,,ARBM15Q1R2,26-Feb-22,158069,-8918553.236,3018932.826
2.01291E+12,2012,914164190,12077624,CITY POLICE DEPARTMENT,04 FOURTH,BROWARD,7-Jul-12,235,SUNDAY,8638 FT. LAUDERDALE,1038,Y,FEDERAL HWY,33TH ST NE,0.072,N,0,0,26.1706509,-80.1190374,86020000,4.371,1386,SR 5,US 1,R RIGHT,2 THRU LANE 2,N NORTH,30 URBAN 6+LN 2WY DIVD RASD,03 STATE,01 NON-JUNCTION,01 ON ROADWAY,01 NOT AT INTERSECTION,01 PAVED,36,31-Jan-11,14 URBAN PRIN ART OTHER,33,PAVED,3,CURB&GUTTER,2,,0,21,48000,RCI,5.9,2D3900,45,3 NO-INCAPACITATING INJURY,31 Q/C COMPLETED - LOC VERIFIED,0 NO,01 NOT AT INTERSECTION/RRX/BRIDGE,04 DARK-LIGHTED,01 CLEAR,01 DRY,01 LEVEL,1 STRAIGHT,"TWO-WAY, DIVIDED, UNPROTECTED","TWO-WAY, DIVIDED, UNPROTECTED",NO CONTROLS,TRAFFIC CONTROL SIGNAL,6,NONE,NOT CODED,NOT CODED,NONE,NOT CODED,NOT CODED,14 MOTOR VEHICLE IN TRANSPORT,01 FRONT TO REAR,01 STRAIGHT AHEAD,FOLLOWED TOO CLOSELY,NO CONTRIBUTING ACTION,00 NOT CODED,00 NOT CODED,00 NOT CODED,00 NOT CODED,01 NO,4,0,0,0,2,0,2,4,N,N,N,N,N,N,N,N,N,N,N,N,N,N,N,N,N,N,N,N,N,N,N,N,N,N,26.17058667,-80.11901562,588041.2702,2894874.001,R,,ARBM15Q1R2,26-Feb-22,158070,-8918808.319,3020224.814
2.01291E+12,2012,914191210,12047237,CITY POLICE DEPARTMENT,04 FOURTH,BROWARD,23-Apr-12,1629,TUESDAY,8638 FT. LAUDERDALE,1038,Y,SUNRISE BLVD,15TH AVE NE,0.011,W,0,0,26.1371873,-80.1289113,86020000,1.49,1365,SR 5,US 1,L LEFT,1 THRU LANE 1,W WEST,30 URBAN 6+LN 2WY DIVD RASD,03 STATE,18 THROUGH ROADWAY,01 ON ROADWAY,77 OTHER (SEE NARRATIVE),03 CURB,36,31-Jan-11,14 URBAN PRIN ART OTHER,35,CURB&GUTTER,2,,0,,0,16,55000,RCI,4.3,,35,1 NO INJURY,31 Q/C COMPLETED - LOC VERIFIED,0 NO,01 NOT AT INTERSECTION/RRX/BRIDGE,01 DAYLIGHT,01 CLEAR,01 DRY,01 LEVEL,1 STRAIGHT,"TWO-WAY, DIVIDED, POSITIVE MED","TWO-WAY, DIVIDED, POSITIVE MED",NO CONTROLS,NO CONTROLS,6,NONE,NOT CODED,NOT CODED,NONE,NOT CODED,NOT CODED,14 MOTOR VEHICLE IN TRANSPORT,01 FRONT TO REAR,77 OTHER (SEE NARRATIVE),OTHER CONTRIBUTING ACTION,NO CONTRIBUTING ACTION,00 NOT CODED,00 NOT CODED,00 NOT CODED,00 NOT CODED,01 NO,0,0,0,0,2,0,2,4,N,N,Y,N,N,N,N,N,N,N,N,N,N,N,N,N,N,N,N,N,N,N,N,N,N,N,26.13731165,-80.12911074,587057.0589,2891181.858,L,,ARBM15Q1R2,26-Feb-22,158071,-8919932.103,3016098.135
2.01284E+12,2012,838721100,12147416,CITY POLICE DEPARTMENT,04 FOURTH,BROWARD,30-Dec-12,1411,MONDAY,8638 FT. LAUDERDALE,1038,Y,SR 838,15TH AVE NE,0.019,W,0,0,26.1371837,-80.1290394,86020000,1.482,1365,SR 5,US 1,L LEFT,3 THRU LANE 3,W WEST,30 URBAN 6+LN 2WY DIVD RASD,03 STATE,01 NON-JUNCTION,01 ON ROADWAY,01 NOT AT INTERSECTION,03 CURB,36,31-Jan-11,14 URBAN PRIN ART OTHER,35,CURB&GUTTER,2,,0,,0,16,55000,RCI,4.3,,35,1 NO INJURY,31 Q/C COMPLETED - LOC VERIFIED,0 NO,03 INFLUENCED BY INTERSECTION,01 DAYLIGHT,01 CLEAR,01 DRY,01 LEVEL,1 STRAIGHT,"TWO-WAY, DIVIDED, POSITIVE MED","TWO-WAY, DIVIDED, POSITIVE MED",NO CONTROLS,NO CONTROLS,6,NONE,NOT CODED,NOT CODED,NONE,NOT CODED,NOT CODED,14 MOTOR VEHICLE IN TRANSPORT,03 ANGLE,03 TURNING LEFT,FAILED TO YIELD RIGHT-OF-WAY,NO CONTRIBUTING ACTION,00 NOT CODED,00 NOT CODED,00 NOT CODED,00 NOT CODED,01 NO,0,0,0,0,2,0,2,2,N,N,Y,Y,N,N,N,N,N,N,N,N,N,N,N,N,N,N,N,N,N,N,N,N,N,N,26.13730771,-80.12923926,587044.2135,2891181.336,L,,ARBM15Q1R2,26-Feb-22,158072,-8919946.41,3016097.647
2.01291E+12,2012,913824780,121815,CITY POLICE DEPARTMENT,04 FOURTH,BROWARD,4-Jan-12,1857,THURSDAY,8638 FT. LAUDERDALE,1038,Y,SR 838,15TH AVE NE,0.009,W,0,0,26.1371882,-80.1288787,86020000,1.492,1365,SR 5,US 1,R RIGHT,L LEFT TURN,E EAST,30 URBAN 6+LN 2WY DIVD RASD,03 STATE,01 NON-JUNCTION,01 ON ROADWAY,01 NOT AT INTERSECTION,03 CURB,36,31-Jan-11,14 URBAN PRIN ART OTHER,35,CURB&GUTTER,2,,0,,0,16,55000,RCI,4.3,,35,1 NO INJURY,31 Q/C COMPLETED - LOC VERIFIED,0 NO,02 AT INTERSECTION,01 DAYLIGHT,01 CLEAR,01 DRY,01 LEVEL,1 STRAIGHT,"TWO-WAY, DIVIDED, POSITIVE MED","TWO-WAY, DIVIDED, POSITIVE MED",TRAFFIC CONTROL SIGNAL,TRAFFIC CONTROL SIGNAL,6,NONE,NOT CODED,NOT CODED,NONE,NOT CODED,NOT CODED,14 MOTOR VEHICLE IN TRANSPORT,01 FRONT TO REAR,01 STRAIGHT AHEAD,OTHER CONTRIBUTING ACTION,NO CONTRIBUTING ACTION,00 NOT CODED,00 NOT CODED,00 NOT CODED,00 NOT CODED,01 NO,0,0,0,0,3,0,3,3,N,N,N,Y,N,N,N,N,N,N,N,N,N,N,N,N,N,N,N,N,Y,N,N,N,N,N,26.13717974,-80.12893606,587074.6186,2891167.365,R,,ARBM15Q1R2,26-Feb-22,159422,-8919912.658,3016081.778
2.01291E+12,2012,914183020,12049621,CITY POLICE DEPARTMENT,04 FOURTH,BROWARD,29-Apr-12,1530,MONDAY,8638 FT. LAUDERDALE,1038,Y,FEDERAL HWY,65TH ST NE,0.014,N,0,0,26.2088971,-80.1074219,86020000,7.166,1412,SR 5,US 1,L LEFT,2 THRU LANE 2,N NORTH,30 URBAN 6+LN 2WY DIVD RASD,02 U.S.,01 NON-JUNCTION,01 ON ROADWAY,77 OTHER (SEE NARRATIVE),03 CURB,36,31-Jan-11,14 URBAN PRIN ART OTHER,33,PAVED,3,CURB&GUTTER,2,,0,21,43000,RCI,3.5,,45,1 NO INJURY,31 Q/C COMPLETED - LOC VERIFIED,0 NO,01 NOT AT INTERSECTION/RRX/BRIDGE,01 DAYLIGHT,03 RAIN,02 WET,01 LEVEL,1 STRAIGHT,"TWO-WAY, DIVIDED, POSITIVE MED","TWO-WAY, DIVIDED, POSITIVE MED",NO CONTROLS,NO CONTROLS,6,NONE,NOT CODED,NOT CODED,NONE,NOT CODED,NOT CODED,14 MOTOR VEHICLE IN TRANSPORT,03 ANGLE,10 MAKING U-TURN,FAILED TO YIELD RIGHT-OF-WAY,NO CONTRIBUTING ACTION,00 NOT CODED,00 NOT CODED,00 NOT CODED,00 NOT CODED,01 NO,0,0,0,0,2,0,2,4,N,N,N,N,N,N,N,N,N,N,N,N,N,N,N,N,N,N,N,N,N,N,N,N,N,N,26.20896347,-80.10755878,589157.0463,2899132.233,L,,ARBM15Q1R2,26-Feb-22,159423,-8917532.949,3024985.662
2.01291E+12,2012,914183070,12033357,CITY POLICE DEPARTMENT,04 FOURTH,BROWARD,21-Mar-12,1140,THURSDAY,8638 FT. LAUDERDALE,1038,Y,US 1,13TH ST NE,0.002,N,0,0,26.1428016,-80.1200335,86020000,2.365,1373,SR 5,US 1,L LEFT,2 THRU LANE 2,S SOUTH,30 URBAN 6+LN 2WY DIVD RASD,02 U.S.,03 INTERSECTION-RELATED,01 ON ROADWAY,02 FOUR-WAY INTERSECTION,03 CURB,34,31-Jan-11,14 URBAN PRIN ART OTHER,33,PAVED,3,CURB&GUTTER,2,,0,21,53000,RCI,4.2,,45,3 NO-INCAPACITATING INJURY,31 Q/C COMPLETED - LOC VERIFIED,0 NO,02 AT INTERSECTION,01 DAYLIGHT,01 CLEAR,01 DRY,01 LEVEL,1 STRAIGHT,"TWO-WAY, DIVIDED, POSITIVE MED","TWO-WAY, DIVIDED, POSITIVE MED",TRAFFIC CONTROL SIGNAL,NO CONTROLS,6,NONE,NOT CODED,NOT CODED,NONE,NOT CODED,NOT CODED,14 MOTOR VEHICLE IN TRANSPORT,01 FRONT TO REAR,01 STRAIGHT AHEAD,OTHER CONTRIBUTING ACTION,NO CONTRIBUTING ACTION,00 NOT CODED,00 NOT CODED,00 NOT CODED,00 NOT CODED,01 NO,2,0,0,0,2,0,2,2,N,N,N,Y,N,N,N,N,N,N,Y,N,N,N,N,N,N,N,N,N,N,N,N,N,N,N,26.14290708,-80.12017878,587945.7779,2891807.584,L,,ARBM15Q1R2,26-Feb-22,159424,-8918937.801,3016791.984
2.01291E+12,2012,914182150,12043565,CITY POLICE DEPARTMENT,04 FOURTH,BROWARD,14-Apr-12,1818,SUNDAY,8638 FT. LAUDERDALE,1038,Y,SR 5,10TH AVE NE,0.005,E,0,0,26.1370617,-80.1334249,86020000,1.209,1360,SR 5,US 1,L LEFT,U UNKNOWN,W WEST,30 URBAN 6+LN 2WY DIVD RASD,03 STATE,01 NON-JUNCTION,01 ON ROADWAY,01 NOT AT INTERSECTION,03 CURB,36,31-Jan-11,14 URBAN PRIN ART OTHER,35,CURB&GUTTER,2,,0,,0,17,55000,RCI,4.3,,35,3 NO-INCAPACITATING INJURY,31 Q/C COMPLETED - LOC VERIFIED,0 NO,02 AT INTERSECTION,01 DAYLIGHT,01 CLEAR,01 DRY,01 LEVEL,1 STRAIGHT,"TWO-WAY, DIVIDED, POSITIVE MED","TWO-WAY, DIVIDED, POSITIVE MED",NO CONTROLS,NO CONTROLS,6,NONE,NOT CODED,NOT CODED,NONE,NOT CODED,NOT CODED,14 MOTOR VEHICLE IN TRANSPORT,01 FRONT TO REAR,01 STRAIGHT AHEAD,DROVE TOO FAST FOR CONDITIONS,NO CONTRIBUTING ACTION,00 NOT CODED,00 NOT CODED,00 NOT CODED,00 NOT CODED,01 NO,3,0,0,0,4,0,4,5,N,N,N,Y,N,Y,N,N,N,N,N,Y,N,N,N,N,N,N,N,N,N,N,N,N,N,N,26.13718166,-80.13362295,586606.0771,2891164.449,L,,ARBM15Q1R2,26-Feb-22,159554,-8920434.4,3016082.017
2.01291E+12,2012,914183860,12041846,CITY POLICE DEPARTMENT,04 FOURTH,BROWARD,10-Apr-12,1734,WEDNESDAY,8638 FT. LAUDERDALE,1038,Y,FEDERAL HWY,19TH ST NE,0,,0,0,26.1523551,-80.1188274,86020000,3.032,1382,SR 5,US 1,L LEFT,2 THRU LANE 2,N NORTH,30 URBAN 6+LN 2WY DIVD RASD,03 STATE,02 INTERSECTION,01 ON ROADWAY,02 FOUR-WAY INTERSECTION,03 CURB,34,31-Jan-11,14 URBAN PRIN ART OTHER,33,PAVED,3,CURB&GUTTER,2,,0,21,57000,RCI,1.7,,45,2 POSSIBLE INJURY,31 Q/C COMPLETED - LOC VERIFIED,0 NO,02 AT INTERSECTION,01 DAYLIGHT,01 CLEAR,01 DRY,01 LEVEL,1 STRAIGHT,ONE-WAY TRAFFICWAY,"TWO-WAY, DIVIDED, POSITIVE MED",TRAFFIC CONTROL SIGNAL,TRAFFIC CONTROL SIGNAL,6,NONE,NOT CODED,NOT CODED,NONE,NOT CODED,NOT CODED,14 MOTOR VEHICLE IN TRANSPORT,03 ANGLE,03 TURNING LEFT,FAILED TO YIELD RIGHT-OF-WAY,NO CONTRIBUTING ACTION,00 NOT CODED,00 NOT CODED,00 NOT CODED,00 NOT CODED,01 NO,2,0,0,0,2,0,2,3,N,N,N,Y,N,N,N,N,N,N,N,N,N,N,N,N,N,N,N,N,N,Y,N,N,Y,N,26.152452,-80.11894925,588061.5219,2892865.554,L,,ARBM15Q1R2,26-Feb-22,159555,-8918800.931,3017975.654