Crash Id,Calendar Year,FDOT Crash Number,Reporting Agency Case Number,Reporting Agency Type,FDOT Managing District,County Name,Crash Date,Crash Time,Day,DHSMV City,Crash Report City Code,In Town,On Roadway Name,Int Roadway Name,Reference Distance (Miles),Reference Direction,Officer Latitude,Officer Longitude,FDOT Latitude,FDOT Longitude,FDOT Roadway,Nearest Inventory MP,Nearest Node From Crash,State Road #,US Highway,Crash Side of Road,Accident Lane Number,Travel Direction Vehicle 1,FDOT Road Category,DHSMV Road System Id,Relation to Junction,Crash Harmful Event Location,Intersection Type,Shoulder Type,FDOT Roadway SKID Test Result,FDOT Roadway SKID Test Date,Functional Class,RCI Surface Width,RCI Shoulder Type First,RCI Shoulder Width First,RCI Shoulder Type Second,RCI Shoulder Width Second,RCI Shoulder Type Third,RCI Shoulder Width Third,RCI Median Width,Avg Daily Traffic,AADT Source,RCI Avg Per Truck Traffic,RCI Horiz Curve Condition,Posted Speed Limit,Highest Injury in Crash,CAR Status Code,Alcohols/Drug Involved,Site Location,Lighting,Weather,Road Surface,Roadway Grade,Roadway Alignment,Traffic Way Vehicle 1,Traffic Way Vehicle 2,Traffic Control Vehicle 1,Traffic Control Vehicle 2,Count of Lanes,Road Condition 1,Road Condition 2,Road Condition 3,Environment Condition 1,Environment Condition 2,Environment Condition 3,Crash Harmful Event,Manner of Collision,Vehicle Movement,Driver Action Vehicle 1,Driver Action Vehicle 2,Location Within Workzone,Type of Workzone,Workers Present in Workzone,Law Enforcement Present in Workzone,School Bus Related,Count of Nonfatal Injuries,Count of Traffic Fatalities,Count of Serious Injuries,Count of Pedestrians,Count of Drivers,Count of Bicyclists,Count of Vehicles,Count of Persons,Wrong Way,Workzone Inv,Commercial Vehicle Inv,Intersection Inv,Lane Departure,Speeding,Agressive Driving,Impaired Driver,Impaired Pedestrian,Impaired Bicyclist,Distracted Driver,Speeding or Aggressive Driving,Pedestrian Related,Bicyclist Related,Pedestrian or Bicyclist Related,Motorcycle Inv,No Belt,No Belt - Ages 1-4,No Belt - Ages 5-12,No Belt - Ages 13-17,Driver - Ages Teen,Driver - Ages 65 plus,Driver - Ages 65-69,Driver - Ages 70-74,Driver - Ages 75-79,Driver - Ages 80 plus,ARBM Latitude,ARBM Longitude,UTM Zone 17N X,UTM Zone 17N Y,ARBM Side of Road,Urban Rural Indicator,GIS Street Source,Extract Date,OBJECTID,x,y
2.01284E+12,2012,835824940,12101383,CITY POLICE DEPARTMENT,04 FOURTH,BROWARD,4-Sep-12,1540,WEDNESDAY,8638 FT. LAUDERDALE,1038,Y,US 1,SR 870,0.038,S,0,0,26.1889947,-80.1151367,86020000,5.707,5594,SR 5,US 1,R RIGHT,L LEFT TURN,W WEST,30 URBAN 6+LN 2WY DIVD RASD,02 U.S.,01 NON-JUNCTION,01 ON ROADWAY,01 NOT AT INTERSECTION,03 CURB,36,31-Jan-11,14 URBAN PRIN ART OTHER,33,PAVED,3,CURB&GUTTER,2,,0,30,43500,RCI,3.4,0D2700,45,1 NO INJURY,31 Q/C COMPLETED - LOC VERIFIED,0 NO,04 DRIVEWAY ACCESS,01 DAYLIGHT,02 CLOUDY,01 DRY,01 LEVEL,1 STRAIGHT,"TWO-WAY, DIVIDED, UNPROTECTED","TWO-WAY, DIVIDED, UNPROTECTED",NO CONTROLS,NO CONTROLS,6,NONE,NOT CODED,NOT CODED,NONE,NOT CODED,NOT CODED,14 MOTOR VEHICLE IN TRANSPORT,03 ANGLE,01 STRAIGHT AHEAD,FAILED TO YIELD RIGHT-OF-WAY,NO CONTRIBUTING ACTION,00 NOT CODED,00 NOT CODED,00 NOT CODED,00 NOT CODED,01 NO,0,0,0,0,2,0,2,2,N,N,N,N,N,N,N,N,N,N,N,N,N,N,N,N,N,N,N,N,N,N,N,N,N,N,26.1889474,-80.11515402,588413.3427,2896910.158,R,,ARBM15Q1R2,26-Feb-22,160662,-8918378.447,3022502.365
2.01284E+12,2012,835824250,1298418,CITY POLICE DEPARTMENT,04 FOURTH,BROWARD,28-Aug-12,950,WEDNESDAY,8638 FT. LAUDERDALE,1038,Y,FEDERAL HWY,43RD ST NE,0.095,S,0,0,26.1792267,-80.1195271,86020000,4.964,6627,SR 5,US 1,M MEDIAN,M MIDDLE,S SOUTH,30 URBAN 6+LN 2WY DIVD RASD,02 U.S.,01 NON-JUNCTION,04 MEDIAN,01 NOT AT INTERSECTION,03 CURB,36,31-Jan-11,14 URBAN PRIN ART OTHER,33,PAVED,3,CURB&GUTTER,2,,0,21,48000,RCI,5.9,,45,2 POSSIBLE INJURY,31 Q/C COMPLETED - LOC VERIFIED,0 NO,01 NOT AT INTERSECTION/RRX/BRIDGE,01 DAYLIGHT,01 CLEAR,01 DRY,01 LEVEL,1 STRAIGHT,"TWO-WAY, DIVIDED, POSITIVE MED",,NO CONTROLS,NOT CODED,6,NONE,NOT CODED,NOT CODED,NONE,NOT CODED,NOT CODED,24 CURB,77 OTHER (SEE NARRATIVE),01 STRAIGHT AHEAD,OTHER CONTRIBUTING ACTION,NOT CODED,00 NOT CODED,00 NOT CODED,00 NOT CODED,00 NOT CODED,01 NO,1,0,0,0,1,0,1,1,N,N,N,N,Y,N,N,N,N,N,N,N,N,N,N,N,N,N,N,N,N,Y,N,N,N,Y,26.17916506,-80.11950293,587986.1281,2895823.765,R,,ARBM15Q1R2,26-Feb-22,160663,-8918862.566,3021288.873
2.01283E+12,2012,832462480,FHPL12OFF074323,FLORIDA HIGHWAY PATROL,04 FOURTH,BROWARD,2-Dec-12,1749,MONDAY,8638 FT. LAUDERDALE,1038,Y,I 595,I 95,0,,26.0831233,-80.1733383,26.082902,-80.1728629,86095060,0.816,4076,SR 862,I 595,L LEFT,X RAMP,W WEST,07 RAMP URBAN,01 INTERSTATE,14 ENTRANCE/EXIT RAMP,01 ON ROADWAY,01 NOT AT INTERSECTION,02 UNPAVED,0,31-Dec-00,,24,PAVED,6,LAWN,12,,0,,27000,RCI,6.8,,,2 POSSIBLE INJURY,31 Q/C COMPLETED - LOC VERIFIED,0 NO,07 ENTRANCE RAMP,02 DUSK,01 CLEAR,01 DRY,01 LEVEL,1 STRAIGHT,ONE-WAY TRAFFICWAY,ONE-WAY TRAFFICWAY,NO CONTROLS,NO CONTROLS,2,NONE,NOT CODED,NOT CODED,NONE,NOT CODED,NOT CODED,14 MOTOR VEHICLE IN TRANSPORT,01 FRONT TO REAR,06 CHANGING LANES,OTHER CONTRIBUTING ACTION,NO CONTRIBUTING ACTION,00 NOT CODED,00 NOT CODED,00 NOT CODED,00 NOT CODED,01 NO,1,0,0,0,2,0,2,2,N,N,N,N,N,N,N,N,N,N,Y,N,N,N,N,N,N,N,N,N,N,N,N,N,N,N,26.08289523,-80.1728649,582721.3444,2885126.551,O,,ARBM15Q1R2,26-Feb-22,160732,-8924802.795,3009352.092
2.01283E+12,2012,828683130,FHPL12OFF002711,FLORIDA HIGHWAY PATROL,04 FOURTH,BROWARD,14-Jan-12,105,SUNDAY,8638 FT. LAUDERDALE,1038,Y,SR 862,SR 9,0.5,W,26.10048,-80.1685616,26.1043935,-80.1680212,86095062,1.967,5094,SR 862,I 595,R RIGHT,X RAMP,N NORTH,08 RAMP RURAL,01 INTERSTATE,14 ENTRANCE/EXIT RAMP,01 ON ROADWAY,01 NOT AT INTERSECTION,01 PAVED,0,31-Dec-00,,24,PAVED,10,LAWN,12,,0,,37000,RCI,6.8,,,4 INCAPACITATING INJURY,31 Q/C COMPLETED - LOC VERIFIED,1 ALC,08 EXIT RAMP,04 DARK-LIGHTED,01 CLEAR,01 DRY,01 LEVEL,1 STRAIGHT,"TWO-WAY, DIVIDED, POSITIVE MED",,NO CONTROLS,NOT CODED,2,NONE,NOT CODED,NOT CODED,NONE,NOT CODED,NOT CODED,30 CONCRETE TRAFFIC BARRIER,77 OTHER (SEE NARRATIVE),77 OTHER (SEE NARRATIVE),OPERATED MV IN CARLESS OR NEGL,NOT CODED,00 NOT CODED,00 NOT CODED,00 NOT CODED,00 NOT CODED,01 NO,1,0,1,0,1,0,1,1,N,N,N,N,Y,N,N,Y,N,N,N,N,N,N,N,N,N,N,N,N,N,N,N,N,N,N,26.10439946,-80.16801447,583191.2423,2887511.282,O,,ARBM15Q1R2,26-Feb-22,160733,-8924262.847,3012017.611
2.01283E+12,2012,828673530,FHPL12OFF014124,FLORIDA HIGHWAY PATROL,04 FOURTH,BROWARD,7-Mar-12,1041,THURSDAY,8638 FT. LAUDERDALE,1038,Y,SR 862,SR 9,0.5,W,26.1015883,-80.1683433,26.1043935,-80.1680212,86095062,1.967,5094,SR 862,I 595,R RIGHT,X RAMP,N NORTH,08 RAMP RURAL,01 INTERSTATE,14 ENTRANCE/EXIT RAMP,01 ON ROADWAY,01 NOT AT INTERSECTION,02 UNPAVED,0,31-Dec-00,,24,PAVED,10,LAWN,12,,0,,37000,RCI,6.8,,,1 NO INJURY,31 Q/C COMPLETED - LOC VERIFIED,0 NO,08 EXIT RAMP,01 DAYLIGHT,03 RAIN,02 WET,02 HILLCREST,1 STRAIGHT,ONE-WAY TRAFFICWAY,ONE-WAY TRAFFICWAY,NO CONTROLS,NO CONTROLS,2,NONE,NOT CODED,NOT CODED,NONE,NOT CODED,NOT CODED,14 MOTOR VEHICLE IN TRANSPORT,"04 SIDESWIPE, SAME DIRECTION",06 CHANGING LANES,NO CONTRIBUTING ACTION,NO CONTRIBUTING ACTION,00 NOT CODED,00 NOT CODED,00 NOT CODED,00 NOT CODED,01 NO,0,0,0,0,3,0,3,3,N,N,N,N,Y,N,N,N,N,N,N,N,N,N,N,N,N,N,N,N,N,N,N,N,N,N,26.10439946,-80.16801447,583191.2423,2887511.282,O,,ARBM15Q1R2,26-Feb-22,160734,-8924262.847,3012017.611
2.01283E+12,2012,828738680,FHPL12OFF005317,FLORIDA HIGHWAY PATROL,04 FOURTH,BROWARD,26-Jan-12,1507,FRIDAY,8638 FT. LAUDERDALE,1038,Y,SR 9,SR 736,0.25,E,26.1123,-80.1682816,26.1103842,-80.1680518,86095062,2.394,5447,SR 862,I 595,R RIGHT,X RAMP,N NORTH,08 RAMP RURAL,01 INTERSTATE,18 THROUGH ROADWAY,01 ON ROADWAY,01 NOT AT INTERSECTION,01 PAVED,0,31-Dec-00,,36,PAVED,12,LAWN,12,,0,,37000,RCI,6.8,,,2 POSSIBLE INJURY,31 Q/C COMPLETED - LOC VERIFIED,0 NO,07 ENTRANCE RAMP,01 DAYLIGHT,01 CLEAR,01 DRY,01 LEVEL,1 STRAIGHT,ONE-WAY TRAFFICWAY,ONE-WAY TRAFFICWAY,NO CONTROLS,NO CONTROLS,3,NONE,NOT CODED,NOT CODED,NONE,NOT CODED,NOT CODED,14 MOTOR VEHICLE IN TRANSPORT,03 ANGLE,06 CHANGING LANES,NO CONTRIBUTING ACTION,NO CONTRIBUTING ACTION,00 NOT CODED,00 NOT CODED,00 NOT CODED,00 NOT CODED,01 NO,2,0,0,0,2,0,2,2,N,N,N,N,Y,N,N,N,N,N,N,N,N,N,N,N,N,N,N,N,N,N,N,N,N,N,26.11054792,-80.16810269,583178.0688,2888192.183,O,,ARBM15Q1R2,26-Feb-22,160735,-8924272.668,3012779.823
2.01282E+12,2012,819788750,FHPL12OFF038291,FLORIDA HIGHWAY PATROL,04 FOURTH,BROWARD,23-Jun-12,1204,SUNDAY,8638 FT. LAUDERDALE,1038,N,SR 862,SR 7,0.7,E,26.0841533,-80.1940783,26.0837919,-80.1927593,86095000,8.949,3800,SR 862,I 595,L LEFT,1 THRU LANE 1,W WEST,01 INTERSTATE URBAN,01 INTERSTATE,01 NON-JUNCTION,01 ON ROADWAY,01 NOT AT INTERSECTION,01 PAVED,30,3-Jun-08,11 URBAN PRIN ART INT.,36,PAVED,10,VALLEY GUTR,3,,0,65,184000,RCI,4.6,,65,1 NO INJURY,31 Q/C COMPLETED - LOC VERIFIED,0 NO,01 NOT AT INTERSECTION/RRX/BRIDGE,01 DAYLIGHT,03 RAIN,02 WET,01 LEVEL,1 STRAIGHT,"TWO-WAY, DIVIDED, POSITIVE MED","TWO-WAY, DIVIDED, POSITIVE MED",OTHER (SEE NARRATIVE),OTHER (SEE NARRATIVE),7,NONE,NOT CODED,NOT CODED,NONE,NOT CODED,NOT CODED,14 MOTOR VEHICLE IN TRANSPORT,03 ANGLE,01 STRAIGHT AHEAD,NO CONTRIBUTING ACTION,NO CONTRIBUTING ACTION,04 ACTIVITY AREA,03 WORK ON SHOULDER OR MEDIAN,01 NO,01 NO,01 NO,0,0,0,0,2,0,2,4,N,Y,N,N,N,N,N,N,N,N,N,N,N,N,N,N,N,N,N,N,N,Y,N,Y,N,N,26.08408464,-80.19260483,580746.2662,2885245.897,L,,ARBM15Q1R2,26-Feb-22,160768,-8927000.235,3009499.51
2.01291E+12,2012,914194390,1265300,CITY POLICE DEPARTMENT,04 FOURTH,BROWARD,6-Jun-12,1807,THURSDAY,8638 FT. LAUDERDALE,1038,Y,SUNRISE BLVD,7TH AVE NE,0.003,E,0,0,26.1368585,-80.1362957,86020000,1.029,4191,SR 5,US 1,R RIGHT,3 THRU LANE 3,E EAST,30 URBAN 6+LN 2WY DIVD RASD,03 STATE,01 NON-JUNCTION,01 ON ROADWAY,01 NOT AT INTERSECTION,03 CURB,36,31-Jan-11,14 URBAN PRIN ART OTHER,35,CURB&GUTTER,2,,0,,0,17,38500,RCI,3.1,8D0000,35,1 NO INJURY,31 Q/C COMPLETED - LOC VERIFIED,0 NO,02 AT INTERSECTION,01 DAYLIGHT,01 CLEAR,01 DRY,01 LEVEL,1 STRAIGHT,"TWO-WAY, DIVIDED, POSITIVE MED","TWO-WAY, DIVIDED, POSITIVE MED",TRAFFIC CONTROL SIGNAL,TRAFFIC CONTROL SIGNAL,6,NONE,NOT CODED,NOT CODED,NONE,NOT CODED,NOT CODED,14 MOTOR VEHICLE IN TRANSPORT,03 ANGLE,01 STRAIGHT AHEAD,OTHER CONTRIBUTING ACTION,NO CONTRIBUTING ACTION,00 NOT CODED,00 NOT CODED,00 NOT CODED,00 NOT CODED,01 NO,0,0,0,0,2,0,2,3,N,N,N,Y,N,N,N,N,N,N,N,N,N,N,N,N,N,N,N,N,N,N,N,N,N,N,26.13682872,-80.13634683,586334.0362,2891123.548,R,,ARBM15Q1R2,26-Feb-22,160774,-8920737.62,3016038.252
2.01291E+12,2012,914180930,1230432,CITY POLICE DEPARTMENT,04 FOURTH,BROWARD,14-Mar-12,1631,THURSDAY,8638 FT. LAUDERDALE,1038,Y,US 1,59TH ST NE,0.002,S,0,0,26.2008176,-80.1095083,86020000,6.594,1409,SR 5,US 1,R RIGHT,2 THRU LANE 2,O OFF-ROAD,30 URBAN 6+LN 2WY DIVD RASD,03 STATE,01 NON-JUNCTION,01 ON ROADWAY,01 NOT AT INTERSECTION,03 CURB,36,31-Jan-11,14 URBAN PRIN ART OTHER,33,PAVED,3,CURB&GUTTER,2,,0,21,55500,RCI,3.6,1D0000,45,2 POSSIBLE INJURY,31 Q/C COMPLETED - LOC VERIFIED,0 NO,02 AT INTERSECTION,01 DAYLIGHT,02 CLOUDY,01 DRY,01 LEVEL,1 STRAIGHT,"TWO-WAY, DIVIDED, POSITIVE MED","TWO-WAY, DIVIDED, POSITIVE MED",STOP SIGN,TRAFFIC CONTROL SIGNAL,6,NONE,NOT CODED,NOT CODED,NONE,NOT CODED,NOT CODED,14 MOTOR VEHICLE IN TRANSPORT,01 FRONT TO REAR,17 ENTERING TRAFFIC LANE,FAILED TO YIELD RIGHT-OF-WAY,NO CONTRIBUTING ACTION,00 NOT CODED,00 NOT CODED,00 NOT CODED,00 NOT CODED,01 NO,1,0,0,0,2,0,2,6,N,N,N,Y,N,N,N,N,N,N,N,N,N,N,N,N,N,N,N,N,N,Y,N,N,Y,N,26.20076792,-80.10950621,588968.7134,2898223.198,R,,ARBM15Q1R2,26-Feb-22,160775,-8917749.736,3023968.829
2.01291E+12,2012,914193510,1258692,CITY POLICE DEPARTMENT,04 FOURTH,BROWARD,21-May-12,1800,TUESDAY,8638 FT. LAUDERDALE,1038,Y,FEDERAL HWY,26TH ST NE,0,,0,0,26.1598136,-80.1166858,86020000,3.563,1385,SR 5,US 1,R RIGHT,3 THRU LANE 3,N NORTH,30 URBAN 6+LN 2WY DIVD RASD,02 U.S.,01 NON-JUNCTION,01 ON ROADWAY,02 FOUR-WAY INTERSECTION,03 CURB,28,12-May-08,14 URBAN PRIN ART OTHER,33,PAVED,3,CURB&GUTTER,2,,0,20,57000,RCI,1.7,,45,1 NO INJURY,31 Q/C COMPLETED - LOC VERIFIED,0 NO,02 AT INTERSECTION,01 DAYLIGHT,03 RAIN,02 WET,01 LEVEL,3 CURVE LEFT,"TWO-WAY, DIVIDED, POSITIVE MED","TWO-WAY, DIVIDED, UNPROTECTED",TRAFFIC CONTROL SIGNAL,TRAFFIC CONTROL SIGNAL,6,NONE,NOT CODED,NOT CODED,NONE,NOT CODED,NOT CODED,14 MOTOR VEHICLE IN TRANSPORT,03 ANGLE,05 TURNING RIGHT,FAILED TO YIELD RIGHT-OF-WAY,NO CONTRIBUTING ACTION,00 NOT CODED,00 NOT CODED,00 NOT CODED,00 NOT CODED,01 NO,0,0,0,0,2,0,2,2,N,N,N,Y,N,N,N,N,N,N,N,N,N,N,N,N,N,N,N,N,N,N,N,N,N,N,26.15975631,-80.11668702,588282.1461,2893676.072,R,,ARBM15Q1R2,26-Feb-22,160776,-8918549.1,3018881.533
2.01291E+12,2012,914194860,1267763,CITY POLICE DEPARTMENT,04 FOURTH,BROWARD,12-Jun-12,1753,WEDNESDAY,8638 FT. LAUDERDALE,1038,Y,SR 5,26TH ST NE,0,S,0,0,26.1598136,-80.1166858,86020000,3.563,1385,SR 5,US 1,L LEFT,2 THRU LANE 2,S SOUTH,30 URBAN 6+LN 2WY DIVD RASD,03 STATE,01 NON-JUNCTION,01 ON ROADWAY,01 NOT AT INTERSECTION,03 CURB,28,12-May-08,14 URBAN PRIN ART OTHER,33,PAVED,3,CURB&GUTTER,2,,0,20,57000,RCI,1.7,,45,3 NO-INCAPACITATING INJURY,31 Q/C COMPLETED - LOC VERIFIED,0 NO,01 NOT AT INTERSECTION/RRX/BRIDGE,01 DAYLIGHT,01 CLEAR,01 DRY,01 LEVEL,1 STRAIGHT,"TWO-WAY, DIVIDED, POSITIVE MED","TWO-WAY, DIVIDED, POSITIVE MED",NO CONTROLS,NO CONTROLS,6,NONE,NOT CODED,NOT CODED,NONE,NOT CODED,NOT CODED,14 MOTOR VEHICLE IN TRANSPORT,03 ANGLE,06 CHANGING LANES,FAILED TO YIELD RIGHT-OF-WAY,NO CONTRIBUTING ACTION,00 NOT CODED,00 NOT CODED,00 NOT CODED,00 NOT CODED,01 NO,1,0,0,0,2,0,2,2,N,N,N,N,N,N,N,N,N,N,N,N,N,N,N,N,N,N,N,N,N,Y,Y,N,N,N,26.15990259,-80.11679642,588271.1014,2893692.199,L,,ARBM15Q1R2,26-Feb-22,160777,-8918561.278,3018899.674
2.01284E+12,2012,836390800,12129564,CITY POLICE DEPARTMENT,04 FOURTH,BROWARD,13-Nov-12,2002,WEDNESDAY,8638 FT. LAUDERDALE,1038,Y,US 1,SR 870,0,,0,0,26.1894848,-80.1148567,86020000,5.745,1399,SR 5,US 1,L LEFT,3 THRU LANE 3,S SOUTH,30 URBAN 6+LN 2WY DIVD RASD,03 STATE,01 NON-JUNCTION,01 ON ROADWAY,02 FOUR-WAY INTERSECTION,03 CURB,36,31-Jan-11,14 URBAN PRIN ART OTHER,33,PAVED,3,CURB&GUTTER,2,,0,30,43500,RCI,3.4,0D2700,45,1 NO INJURY,31 Q/C COMPLETED - LOC VERIFIED,0 NO,02 AT INTERSECTION,04 DARK-LIGHTED,01 CLEAR,01 DRY,01 LEVEL,1 STRAIGHT,"TWO-WAY, DIVIDED, POSITIVE MED","TWO-WAY, DIVIDED, POSITIVE MED",TRAFFIC CONTROL SIGNAL,TRAFFIC CONTROL SIGNAL,6,NONE,NOT CODED,NOT CODED,NONE,NOT CODED,NOT CODED,14 MOTOR VEHICLE IN TRANSPORT,01 FRONT TO REAR,01 STRAIGHT AHEAD,OTHER CONTRIBUTING ACTION,NO CONTRIBUTING ACTION,00 NOT CODED,00 NOT CODED,00 NOT CODED,00 NOT CODED,01 NO,0,0,0,0,2,0,2,2,N,N,N,Y,N,N,N,N,N,N,N,N,N,N,N,N,N,N,N,N,N,N,N,N,N,N,26.18956981,-80.11499988,588428.2745,2896979.199,L,,ARBM15Q1R2,26-Feb-22,160778,-8918361.289,3022579.579
2.01284E+12,2012,836393390,12135829,CITY POLICE DEPARTMENT,04 FOURTH,BROWARD,30-Nov-12,2132,SATURDAY,8638 FT. LAUDERDALE,1038,Y,SR 838,16TH AVE NE,0,,0,0,26.1372196,-80.1277858,86020000,1.56,1366,SR 5,US 1,R RIGHT,3 THRU LANE 3,W WEST,30 URBAN 6+LN 2WY DIVD RASD,03 STATE,01 NON-JUNCTION,01 ON ROADWAY,02 FOUR-WAY INTERSECTION,01 PAVED,36,31-Jan-11,14 URBAN PRIN ART OTHER,35,CURB&GUTTER,2,,0,,0,16,47500,RCI,4.4,,35,1 NO INJURY,31 Q/C COMPLETED - LOC VERIFIED,0 NO,02 AT INTERSECTION,04 DARK-LIGHTED,01 CLEAR,01 DRY,01 LEVEL,1 STRAIGHT,"TWO-WAY, DIVIDED, POSITIVE MED","TWO-WAY, DIVIDED, POSITIVE MED",TRAFFIC CONTROL SIGNAL,TRAFFIC CONTROL SIGNAL,6,NONE,NOT CODED,NOT CODED,NONE,NOT CODED,NOT CODED,14 MOTOR VEHICLE IN TRANSPORT,"04 SIDESWIPE, SAME DIRECTION",01 STRAIGHT AHEAD,FAILED TO KEEP IN PROPER LANE,NO CONTRIBUTING ACTION,00 NOT CODED,00 NOT CODED,00 NOT CODED,00 NOT CODED,01 NO,0,0,0,0,2,0,2,3,N,N,N,Y,N,N,N,N,N,N,N,N,N,N,N,N,N,N,N,N,N,Y,Y,N,N,N,26.13720241,-80.12784241,587183.9331,2891170.609,R,,ARBM15Q1R2,26-Feb-22,160779,-8919790.912,3016084.589
2.01284E+12,2012,836027840,12125709,CITY POLICE DEPARTMENT,04 FOURTH,BROWARD,4-Nov-12,845,MONDAY,8638 FT. LAUDERDALE,1038,Y,US 1,SR 870,0.009,S,0,0,26.1893687,-80.114923,86020000,5.736,5594,SR 5,US 1,R RIGHT,1 THRU LANE 1,N NORTH,30 URBAN 6+LN 2WY DIVD RASD,02 U.S.,01 NON-JUNCTION,01 ON ROADWAY,01 NOT AT INTERSECTION,03 CURB,36,31-Jan-11,14 URBAN PRIN ART OTHER,33,PAVED,3,CURB&GUTTER,2,,0,30,43500,RCI,3.4,0D2700,45,1 NO INJURY,31 Q/C COMPLETED - LOC VERIFIED,0 NO,02 AT INTERSECTION,01 DAYLIGHT,01 CLEAR,01 DRY,01 LEVEL,1 STRAIGHT,"TWO-WAY, DIVIDED, POSITIVE MED","TWO-WAY, DIVIDED, POSITIVE MED",OTHER (SEE NARRATIVE),NO CONTROLS,6,NONE,NOT CODED,NOT CODED,NONE,NOT CODED,NOT CODED,14 MOTOR VEHICLE IN TRANSPORT,"04 SIDESWIPE, SAME DIRECTION",77 OTHER (SEE NARRATIVE),OTHER CONTRIBUTING ACTION,OTHER CONTRIBUTING ACTION,00 NOT CODED,00 NOT CODED,00 NOT CODED,00 NOT CODED,01 NO,0,0,0,0,3,0,3,3,N,N,Y,Y,N,N,N,N,N,N,N,N,N,N,N,N,N,N,N,N,N,Y,Y,N,N,N,26.1893173,-80.11493208,588435.2404,2896951.277,R,,ARBM15Q1R2,26-Feb-22,160780,-8918353.741,3022548.253
2.01291E+12,2012,914195630,1274072,CITY POLICE DEPARTMENT,04 FOURTH,BROWARD,28-Jun-12,942,FRIDAY,8638 FT. LAUDERDALE,1038,Y,US 1,62ND ST NE,0.002,N,0,0,26.2040776,-80.1085906,86020000,6.826,1411,SR 5,US 1,R RIGHT,2 THRU LANE 2,N NORTH,30 URBAN 6+LN 2WY DIVD RASD,02 U.S.,01 NON-JUNCTION,01 ON ROADWAY,01 NOT AT INTERSECTION,01 PAVED,36,31-Jan-11,14 URBAN PRIN ART OTHER,33,PAVED,3,CURB&GUTTER,2,,0,21,55500,RCI,3.6,,45,1 NO INJURY,31 Q/C COMPLETED - LOC VERIFIED,0 NO,02 AT INTERSECTION,01 DAYLIGHT,01 CLEAR,01 DRY,01 LEVEL,1 STRAIGHT,"TWO-WAY, DIVIDED, POSITIVE MED","TWO-WAY, DIVIDED, POSITIVE MED",NO CONTROLS,NO CONTROLS,6,NONE,NOT CODED,NOT CODED,NONE,NOT CODED,NOT CODED,14 MOTOR VEHICLE IN TRANSPORT,"04 SIDESWIPE, SAME DIRECTION",17 ENTERING TRAFFIC LANE,OTHER CONTRIBUTING ACTION,NO CONTRIBUTING ACTION,00 NOT CODED,00 NOT CODED,00 NOT CODED,00 NOT CODED,01 NO,0,0,0,0,2,0,2,2,N,N,Y,Y,N,N,N,N,N,N,Y,N,N,N,N,N,N,N,N,N,N,N,N,N,N,N,26.20402974,-80.10858692,589058.0823,2898585.092,R,,ARBM15Q1R2,26-Feb-22,160781,-8917647.401,3024373.519
2.01284E+12,2012,836020070,12107517,CITY POLICE DEPARTMENT,04 FOURTH,BROWARD,19-Sep-12,1725,THURSDAY,8638 FT. LAUDERDALE,1038,Y,US 1,26TH ST NE,0,,0,0,26.1598136,-80.1166858,86020000,3.563,1385,SR 5,US 1,L LEFT,1 THRU LANE 1,0,30 URBAN 6+LN 2WY DIVD RASD,02 U.S.,02 INTERSECTION,01 ON ROADWAY,02 FOUR-WAY INTERSECTION,03 CURB,28,12-May-08,14 URBAN PRIN ART OTHER,33,PAVED,3,CURB&GUTTER,2,,0,20,57000,RCI,1.7,,45,3 NO-INCAPACITATING INJURY,31 Q/C COMPLETED - LOC VERIFIED,0 NO,02 AT INTERSECTION,01 DAYLIGHT,01 CLEAR,01 DRY,01 LEVEL,1 STRAIGHT,"TWO-WAY, DIVIDED, POSITIVE MED","TWO-WAY, DIVIDED, POSITIVE MED",TRAFFIC CONTROL SIGNAL,TRAFFIC CONTROL SIGNAL,6,NONE,NOT CODED,NOT CODED,NONE,NOT CODED,NOT CODED,14 MOTOR VEHICLE IN TRANSPORT,03 ANGLE,05 TURNING RIGHT,OTHER CONTRIBUTING ACTION,NO CONTRIBUTING ACTION,00 NOT CODED,00 NOT CODED,00 NOT CODED,00 NOT CODED,01 NO,1,0,0,0,2,0,2,2,N,N,N,Y,N,N,N,N,N,N,N,N,N,N,N,N,N,N,N,N,N,N,N,N,N,N,26.15990259,-80.11679642,588271.1014,2893692.199,L,,ARBM15Q1R2,26-Feb-22,160796,-8918561.278,3018899.674
2.01284E+12,2012,836023200,12117703,CITY POLICE DEPARTMENT,04 FOURTH,BROWARD,15-Oct-12,1110,TUESDAY,8638 FT. LAUDERDALE,1038,Y,FEDERAL HWY,BAYVIEW DR,0.011,N,0,0,26.2042052,-80.1085596,86020000,6.835,1411,SR 5,US 1,L LEFT,1 THRU LANE 1,S SOUTH,30 URBAN 6+LN 2WY DIVD RASD,03 STATE,01 NON-JUNCTION,01 ON ROADWAY,02 FOUR-WAY INTERSECTION,03 CURB,36,31-Jan-11,14 URBAN PRIN ART OTHER,33,PAVED,3,CURB&GUTTER,2,,0,21,43000,RCI,3.5,,45,2 POSSIBLE INJURY,31 Q/C COMPLETED - LOC VERIFIED,0 NO,03 INFLUENCED BY INTERSECTION,01 DAYLIGHT,01 CLEAR,01 DRY,01 LEVEL,1 STRAIGHT,"TWO-WAY, DIVIDED, POSITIVE MED","TWO-WAY, DIVIDED, POSITIVE MED",TRAFFIC CONTROL SIGNAL,TRAFFIC CONTROL SIGNAL,6,NONE,NOT CODED,NOT CODED,NONE,NOT CODED,NOT CODED,14 MOTOR VEHICLE IN TRANSPORT,01 FRONT TO REAR,01 STRAIGHT AHEAD,OTHER CONTRIBUTING ACTION,NO CONTRIBUTING ACTION,00 NOT CODED,00 NOT CODED,00 NOT CODED,00 NOT CODED,01 NO,1,0,0,0,2,0,2,2,N,N,N,Y,N,N,N,N,N,N,Y,N,N,N,N,N,N,N,N,N,N,Y,N,Y,N,N,26.20427554,-80.10869916,589046.6812,2898612.238,L,,ARBM15Q1R2,26-Feb-22,160797,-8917659.895,3024404.016