Crash Id,Calendar Year,FDOT Crash Number,Reporting Agency Case Number,Reporting Agency Type,FDOT Managing District,County Name,Crash Date,Crash Time,Day,DHSMV City,Crash Report City Code,In Town,On Roadway Name,Int Roadway Name,Reference Distance (Miles),Reference Direction,Officer Latitude,Officer Longitude,FDOT Latitude,FDOT Longitude,FDOT Roadway,Nearest Inventory MP,Nearest Node From Crash,State Road #,US Highway,Crash Side of Road,Accident Lane Number,Travel Direction Vehicle 1,FDOT Road Category,DHSMV Road System Id,Relation to Junction,Crash Harmful Event Location,Intersection Type,Shoulder Type,FDOT Roadway SKID Test Result,FDOT Roadway SKID Test Date,Functional Class,RCI Surface Width,RCI Shoulder Type First,RCI Shoulder Width First,RCI Shoulder Type Second,RCI Shoulder Width Second,RCI Shoulder Type Third,RCI Shoulder Width Third,RCI Median Width,Avg Daily Traffic,AADT Source,RCI Avg Per Truck Traffic,RCI Horiz Curve Condition,Posted Speed Limit,Highest Injury in Crash,CAR Status Code,Alcohols/Drug Involved,Site Location,Lighting,Weather,Road Surface,Roadway Grade,Roadway Alignment,Traffic Way Vehicle 1,Traffic Way Vehicle 2,Traffic Control Vehicle 1,Traffic Control Vehicle 2,Count of Lanes,Road Condition 1,Road Condition 2,Road Condition 3,Environment Condition 1,Environment Condition 2,Environment Condition 3,Crash Harmful Event,Manner of Collision,Vehicle Movement,Driver Action Vehicle 1,Driver Action Vehicle 2,Location Within Workzone,Type of Workzone,Workers Present in Workzone,Law Enforcement Present in Workzone,School Bus Related,Count of Nonfatal Injuries,Count of Traffic Fatalities,Count of Serious Injuries,Count of Pedestrians,Count of Drivers,Count of Bicyclists,Count of Vehicles,Count of Persons,Wrong Way,Workzone Inv,Commercial Vehicle Inv,Intersection Inv,Lane Departure,Speeding,Agressive Driving,Impaired Driver,Impaired Pedestrian,Impaired Bicyclist,Distracted Driver,Speeding or Aggressive Driving,Pedestrian Related,Bicyclist Related,Pedestrian or Bicyclist Related,Motorcycle Inv,No Belt,No Belt - Ages 1-4,No Belt - Ages 5-12,No Belt - Ages 13-17,Driver - Ages Teen,Driver - Ages 65 plus,Driver - Ages 65-69,Driver - Ages 70-74,Driver - Ages 75-79,Driver - Ages 80 plus,ARBM Latitude,ARBM Longitude,UTM Zone 17N X,UTM Zone 17N Y,ARBM Side of Road,Urban Rural Indicator,GIS Street Source,Extract Date,OBJECTID,x,y
2.01283E+12,2012,832257110,FHPL12OFF066825,FLORIDA HIGHWAY PATROL,04 FOURTH,BROWARD,29-Oct-12,1156,TUESDAY,8638 FT. LAUDERDALE,1038,Y,I 595,US 1,0.25,N,26.0837033,-80.1356266,26.0828489,-80.135593,86095063,0.056,717,SR 862,I 595,L LEFT,X RAMP,S SOUTH,07 RAMP URBAN,01 INTERSTATE,14 ENTRANCE/EXIT RAMP,01 ON ROADWAY,01 NOT AT INTERSECTION,01 PAVED,0,31-Dec-00,,16,PAVED,4,LAWN,12,,0,,18500,RCI,21.6,,,2 POSSIBLE INJURY,31 Q/C COMPLETED - LOC VERIFIED,0 NO,07 ENTRANCE RAMP,01 DAYLIGHT,01 CLEAR,01 DRY,01 LEVEL,1 STRAIGHT,ONE-WAY TRAFFICWAY,ONE-WAY TRAFFICWAY,NO CONTROLS,NO CONTROLS,1,NONE,NOT CODED,NOT CODED,NONE,NOT CODED,NOT CODED,14 MOTOR VEHICLE IN TRANSPORT,01 FRONT TO REAR,01 STRAIGHT AHEAD,OPERATED MV IN CARLESS OR NEGL,NO CONTRIBUTING ACTION,00 NOT CODED,00 NOT CODED,00 NOT CODED,00 NOT CODED,01 NO,1,0,0,0,2,0,2,3,N,N,N,N,N,N,N,N,N,N,N,N,N,N,N,N,N,N,N,N,N,N,N,N,N,N,26.08297023,-80.13555983,586452.3209,2885159.075,O,,ARBM15Q1R2,26-Feb-22,161975,-8920650.012,3009361.387
2.01283E+12,2012,832315310,FHPL12OFF066027,FLORIDA HIGHWAY PATROL,04 FOURTH,BROWARD,25-Oct-12,1256,FRIDAY,8638 FT. LAUDERDALE,1038,Y,SR 862,SR 7,0.622,E,26.0838333,-80.1903866,26.0837919,-80.1931442,86095000,8.925,3799,SR 862,I 595,M MEDIAN,M MIDDLE,E EAST,01 INTERSTATE URBAN,01 INTERSTATE,18 THROUGH ROADWAY,03 SHOULDER,01 NOT AT INTERSECTION,01 PAVED,30,3-Jun-08,11 URBAN PRIN ART INT.,36,PAVED,10,VALLEY GUTR,3,,0,65,184000,RCI,4.6,,65,1 NO INJURY,31 Q/C COMPLETED - LOC VERIFIED,0 NO,01 NOT AT INTERSECTION/RRX/BRIDGE,01 DAYLIGHT,03 RAIN,02 WET,01 LEVEL,1 STRAIGHT,"TWO-WAY, DIVIDED, POSITIVE MED",,NO CONTROLS,NOT CODED,7,NONE,NOT CODED,NOT CODED,NONE,NOT CODED,NOT CODED,30 CONCRETE TRAFFIC BARRIER,77 OTHER (SEE NARRATIVE),01 STRAIGHT AHEAD,SWERVED OR AVOIDED:  DUE TO WI,NOT CODED,00 NOT CODED,00 NOT CODED,00 NOT CODED,00 NOT CODED,01 NO,0,0,0,0,1,0,1,1,N,N,N,N,Y,N,N,N,N,N,N,N,N,N,N,N,N,N,N,N,N,N,N,N,N,N,26.08377782,-80.19284955,580722.0022,2885211.765,R,,ARBM15Q1R2,26-Feb-22,161989,-8927027.476,3009461.482
2.01283E+12,2012,832394260,FHPL12OFF071208,FLORIDA HIGHWAY PATROL,04 FOURTH,BROWARD,18-Nov-12,2232,MONDAY,8638 FT. LAUDERDALE,1038,Y,I 595,SR 9,0.095,E,26.08222,-80.1685499,26.0817436,-80.1667611,86095000,10.58,4083,SR 862,I 595,R RIGHT,4 THRU LANE 4,E EAST,01 INTERSTATE URBAN,01 INTERSTATE,18 THROUGH ROADWAY,01 ON ROADWAY,01 NOT AT INTERSECTION,01 PAVED,36,21-Oct-09,11 URBAN PRIN ART INT.,24,PAVED WARN,10,LAWN,12,,0,60,98500,RCI,22,0D12,65,1 NO INJURY,31 Q/C COMPLETED - LOC VERIFIED,0 NO,01 NOT AT INTERSECTION/RRX/BRIDGE,04 DARK-LIGHTED,01 CLEAR,01 DRY,01 LEVEL,1 STRAIGHT,"TWO-WAY, DIVIDED, POSITIVE MED","TWO-WAY, DIVIDED, POSITIVE MED",NO CONTROLS,NO CONTROLS,5,NONE,NOT CODED,NOT CODED,NONE,NOT CODED,NOT CODED,14 MOTOR VEHICLE IN TRANSPORT,01 FRONT TO REAR,01 STRAIGHT AHEAD,FOLLOWED TOO CLOSELY,NO CONTRIBUTING ACTION,00 NOT CODED,00 NOT CODED,00 NOT CODED,00 NOT CODED,01 NO,0,0,0,0,2,0,2,2,N,N,N,N,N,N,N,N,N,N,N,N,N,N,N,N,N,N,N,N,N,Y,Y,N,N,N,26.08170706,-80.16640315,583368.4503,2884999.076,R,,ARBM15Q1R2,26-Feb-22,161990,-8924083.476,3009204.827
2.01283E+12,2012,832400130,FHPL12OFF075876,FLORIDA HIGHWAY PATROL,04 FOURTH,BROWARD,9-Dec-12,1659,MONDAY,8638 FT. LAUDERDALE,1038,N,I 595,I 95,0.25,W,26.0842316,-80.1854816,26.0828529,-80.1758506,86095000,10.008,3803,SR 862,I 595,L LEFT,4 THRU LANE 4,W WEST,01 INTERSTATE URBAN,01 INTERSTATE,01 NON-JUNCTION,01 ON ROADWAY,01 NOT AT INTERSECTION,01 PAVED,36,21-Oct-09,11 URBAN PRIN ART INT.,24,PAVED WARN,10,LAWN,5,,0,63,184000,RCI,4.6,,65,1 NO INJURY,31 Q/C COMPLETED - LOC VERIFIED,0 NO,01 NOT AT INTERSECTION/RRX/BRIDGE,01 DAYLIGHT,01 CLEAR,01 DRY,01 LEVEL,1 STRAIGHT,"TWO-WAY, DIVIDED, POSITIVE MED","TWO-WAY, DIVIDED, POSITIVE MED",NO CONTROLS,NO CONTROLS,5,NONE,NOT CODED,NOT CODED,NONE,NOT CODED,NOT CODED,14 MOTOR VEHICLE IN TRANSPORT,"04 SIDESWIPE, SAME DIRECTION",06 CHANGING LANES,OPERATED MV IN CARLESS OR NEGL,NO CONTRIBUTING ACTION,00 NOT CODED,00 NOT CODED,00 NOT CODED,00 NOT CODED,01 NO,0,0,0,0,2,0,2,2,N,N,Y,N,Y,N,N,N,N,N,N,N,N,N,N,N,N,N,N,N,N,N,N,N,N,N,26.08310299,-80.17568296,582439.3541,2885147.774,L,,ARBM15Q1R2,26-Feb-22,161992,-8925116.5,3009377.841
2.01283E+12,2012,832399820,FHPL12OFF066686,FLORIDA HIGHWAY PATROL,04 FOURTH,BROWARD,28-Oct-12,1500,MONDAY,8638 FT. LAUDERDALE,1038,N,I 595,I 95,0.5,W,26.0842199,-80.1851266,26.0833677,-80.1798177,86095000,9.758,3802,SR 862,I 595,L LEFT,3 THRU LANE 3,W WEST,01 INTERSTATE URBAN,01 INTERSTATE,01 NON-JUNCTION,01 ON ROADWAY,01 NOT AT INTERSECTION,01 PAVED,51,13-Oct-03,11 URBAN PRIN ART INT.,36,PAVED,11,,0,,0,65,184000,RCI,4.6,,65,1 NO INJURY,31 Q/C COMPLETED - LOC VERIFIED,0 NO,01 NOT AT INTERSECTION/RRX/BRIDGE,01 DAYLIGHT,01 CLEAR,01 DRY,01 LEVEL,1 STRAIGHT,"TWO-WAY, DIVIDED, POSITIVE MED","TWO-WAY, DIVIDED, POSITIVE MED",NO CONTROLS,NO CONTROLS,6,NONE,NOT CODED,NOT CODED,NONE,NOT CODED,NOT CODED,14 MOTOR VEHICLE IN TRANSPORT,"04 SIDESWIPE, SAME DIRECTION",06 CHANGING LANES,FAILED TO KEEP IN PROPER LANE,NO CONTRIBUTING ACTION,00 NOT CODED,00 NOT CODED,00 NOT CODED,00 NOT CODED,01 NO,0,0,0,0,2,0,2,2,N,N,Y,N,Y,N,N,N,N,N,N,N,N,N,N,N,N,N,N,N,N,Y,Y,N,N,N,26.08360208,-80.1796569,582041.5588,2885200.541,L,,ARBM15Q1R2,26-Feb-22,161996,-8925558.876,3009439.7
2.01282E+12,2012,819882300,FHPL12OFF067464,FLORIDA HIGHWAY PATROL,04 FOURTH,BROWARD,1-Nov-12,1145,FRIDAY,8638 FT. LAUDERDALE,1038,Y,SR 9,BROWARD BLVD,0.066,N,26.1732116,-80.1678316,26.1228509,-80.1682618,86070041,0.066,5365,SR 9,I 95,R RIGHT,X RAMP,N NORTH,08 RAMP RURAL,01 INTERSTATE,14 ENTRANCE/EXIT RAMP,01 ON ROADWAY,01 NOT AT INTERSECTION,01 PAVED,0,31-Dec-00,,17,PAVED,3,LAWN,5,,0,,7000,RCI,8.2,,,1 NO INJURY,31 Q/C COMPLETED - LOC VERIFIED,0 NO,07 ENTRANCE RAMP,01 DAYLIGHT,01 CLEAR,01 DRY,01 LEVEL,1 STRAIGHT,ONE-WAY TRAFFICWAY,ONE-WAY TRAFFICWAY,NO CONTROLS,NO CONTROLS,1,NONE,NOT CODED,NOT CODED,NONE,NOT CODED,NOT CODED,18 OTHER NON-FIXED OBJECT,77 OTHER (SEE NARRATIVE),01 STRAIGHT AHEAD,NO CONTRIBUTING ACTION,NO CONTRIBUTING ACTION,00 NOT CODED,00 NOT CODED,00 NOT CODED,00 NOT CODED,01 NO,0,0,0,0,2,0,2,4,N,N,Y,N,N,N,N,N,N,N,N,N,N,N,N,N,N,N,N,N,N,N,N,N,N,N,26.12273094,-80.16824397,583155.3192,2889541.395,O,,ARBM15Q1R2,26-Feb-22,162003,-8924288.395,3014290.245
2.01284E+12,2012,836028970,12128356,CITY POLICE DEPARTMENT,04 FOURTH,BROWARD,10-Nov-12,1942,SUNDAY,8638 FT. LAUDERDALE,1038,Y,US 1,SR 816,0,,0,0,26.1671847,-80.1167921,86020000,4.093,587,SR 5,US 1,R RIGHT,R RIGHT TURN,E EAST,30 URBAN 6+LN 2WY DIVD RASD,02 U.S.,02 INTERSECTION,04 MEDIAN,02 FOUR-WAY INTERSECTION,03 CURB,33,31-Jan-11,14 URBAN PRIN ART OTHER,33,CURB&GUTTER,2,,0,,0,29,57000,RCI,1.7,2D5700,45,1 NO INJURY,31 Q/C COMPLETED - LOC VERIFIED,1 ALC,02 AT INTERSECTION,04 DARK-LIGHTED,01 CLEAR,01 DRY,01 LEVEL,1 STRAIGHT,"TWO-WAY, DIVIDED, POSITIVE MED","TWO-WAY, DIVIDED, POSITIVE MED",TRAFFIC CONTROL SIGNAL,TRAFFIC CONTROL SIGNAL,6,NONE,NOT CODED,NOT CODED,NONE,NOT CODED,NOT CODED,24 CURB,02 FRONT TO FRONT,03 TURNING LEFT,OPERATED MV IN CARLESS OR NEGL,NO CONTRIBUTING ACTION,00 NOT CODED,00 NOT CODED,00 NOT CODED,00 NOT CODED,01 NO,0,0,0,0,2,0,2,4,N,N,N,Y,N,N,N,Y,N,N,N,N,N,N,N,N,N,N,N,N,N,N,N,N,N,N,26.16713116,-80.11673837,588271.4611,2894492.833,R,,ARBM15Q1R2,26-Feb-22,162015,-8918554.816,3019796.215
2.01291E+12,2012,913842210,123730,CITY POLICE DEPARTMENT,04 FOURTH,BROWARD,9-Jan-12,1540,TUESDAY,8638 FT. LAUDERDALE,1038,Y,US 1,SR 870,0.057,N,0,0,26.1902286,-80.1144563,86020000,5.802,1400,SR 5,US 1,L LEFT,2 THRU LANE 2,S SOUTH,30 URBAN 6+LN 2WY DIVD RASD,02 U.S.,01 NON-JUNCTION,01 ON ROADWAY,01 NOT AT INTERSECTION,03 CURB,36,31-Jan-11,14 URBAN PRIN ART OTHER,33,PAVED,3,CURB&GUTTER,2,,0,30,55500,RCI,3.6,0D2700,45,2 POSSIBLE INJURY,31 Q/C COMPLETED - LOC VERIFIED,0 NO,01 NOT AT INTERSECTION/RRX/BRIDGE,01 DAYLIGHT,01 CLEAR,01 DRY,01 LEVEL,1 STRAIGHT,"TWO-WAY, DIVIDED, UNPROTECTED","TWO-WAY, DIVIDED, UNPROTECTED",TRAFFIC CONTROL SIGNAL,TRAFFIC CONTROL SIGNAL,6,NONE,NOT CODED,NOT CODED,NONE,NOT CODED,NOT CODED,14 MOTOR VEHICLE IN TRANSPORT,01 FRONT TO REAR,01 STRAIGHT AHEAD,OTHER CONTRIBUTING ACTION,NO CONTRIBUTING ACTION,00 NOT CODED,00 NOT CODED,00 NOT CODED,00 NOT CODED,01 NO,1,0,0,0,2,0,2,4,N,N,N,N,N,N,N,N,N,N,N,N,N,N,N,N,N,N,N,N,N,N,N,N,N,N,26.1903092,-80.11459148,588468.5248,2897061.368,L,,ARBM15Q1R2,26-Feb-22,162016,-8918315.826,3022671.304
2.01291E+12,2012,914181610,1270096,CITY POLICE DEPARTMENT,04 FOURTH,BROWARD,18-Jun-12,1247,TUESDAY,8638 FT. LAUDERDALE,1038,Y,FEDERAL HWY,OAKLAND PARK BLVD,0.087,N,0,0,26.1682309,-80.1175736,86020000,4.18,5125,SR 5,US 1,R RIGHT,1 THRU LANE 1,N NORTH,30 URBAN 6+LN 2WY DIVD RASD,03 STATE,01 NON-JUNCTION,01 ON ROADWAY,01 NOT AT INTERSECTION,03 CURB,33,31-Jan-11,14 URBAN PRIN ART OTHER,33,CURB&GUTTER,2,,0,,0,29,48000,RCI,5.9,,45,3 NO-INCAPACITATING INJURY,31 Q/C COMPLETED - LOC VERIFIED,0 NO,04 DRIVEWAY ACCESS,01 DAYLIGHT,01 CLEAR,01 DRY,01 LEVEL,1 STRAIGHT,"TWO-WAY, DIVIDED, POSITIVE MED","TWO-WAY, DIVIDED, POSITIVE MED",NO CONTROLS,NO CONTROLS,6,NONE,NOT CODED,NOT CODED,NONE,NOT CODED,NOT CODED,14 MOTOR VEHICLE IN TRANSPORT,01 FRONT TO REAR,01 STRAIGHT AHEAD,OTHER CONTRIBUTING ACTION,NO CONTRIBUTING ACTION,00 NOT CODED,00 NOT CODED,00 NOT CODED,00 NOT CODED,01 NO,1,0,0,0,4,0,4,5,N,N,N,N,N,N,N,N,N,N,N,N,N,N,N,N,N,N,N,N,Y,N,N,N,N,N,26.16817881,-80.11751824,588192.7303,2894608.335,R,,ARBM15Q1R2,26-Feb-22,162018,-8918641.631,3019926.158
2.01291E+12,2012,914192820,12054694,CITY POLICE DEPARTMENT,04 FOURTH,BROWARD,11-May-12,1343,SATURDAY,8638 FT. LAUDERDALE,1038,Y,SUNRISE BLVD,9TH AVE NE,0.001,E,0,0,26.1370331,-80.1344529,86020000,1.145,1359,SR 5,US 1,L LEFT,1 THRU LANE 1,U UNNWN,30 URBAN 6+LN 2WY DIVD RASD,03 STATE,01 NON-JUNCTION,01 ON ROADWAY,01 NOT AT INTERSECTION,01 PAVED,36,31-Jan-11,14 URBAN PRIN ART OTHER,35,CURB&GUTTER,2,,0,,0,17,55000,RCI,4.3,,35,2 POSSIBLE INJURY,31 Q/C COMPLETED - LOC VERIFIED,0 NO,02 AT INTERSECTION,01 DAYLIGHT,01 CLEAR,01 DRY,01 LEVEL,1 STRAIGHT,"TWO-WAY, DIVIDED, UNPROTECTED","TWO-WAY, DIVIDED, UNPROTECTED",TRAFFIC CONTROL SIGNAL,TRAFFIC CONTROL SIGNAL,6,NONE,NOT CODED,NOT CODED,NONE,NOT CODED,NOT CODED,14 MOTOR VEHICLE IN TRANSPORT,77 OTHER (SEE NARRATIVE),01 STRAIGHT AHEAD,OTHER CONTRIBUTING ACTION,NO CONTRIBUTING ACTION,00 NOT CODED,00 NOT CODED,00 NOT CODED,00 NOT CODED,01 NO,1,0,0,0,4,0,4,6,N,N,N,Y,N,N,N,N,N,N,N,N,N,N,N,N,N,N,N,N,N,Y,Y,N,N,Y,26.1371495,-80.13465064,586503.3646,2891160.203,L,,ARBM15Q1R2,26-Feb-22,162019,-8920548.802,3016078.028
2.01291E+12,2012,914193240,12057666,CITY POLICE DEPARTMENT,04 FOURTH,BROWARD,19-May-12,516,SUNDAY,8638 FT. LAUDERDALE,1038,Y,SR 838,FEDERAL HWY,0,,0,0,26.1368417,-80.1363392,86020000,1.026,424,SR 5,US 1,L LEFT,S SIDE OF ROAD,W WEST,30 URBAN 6+LN 2WY DIVD RASD,03 STATE,01 NON-JUNCTION,01 ON ROADWAY,03 T-INTERSECTION,03 CURB,36,31-Jan-11,14 URBAN PRIN ART OTHER,35,CURB&GUTTER,2,,0,,0,17,38500,RCI,3.1,8D0000,35,4 INCAPACITATING INJURY,31 Q/C COMPLETED - LOC VERIFIED,0 NO,02 AT INTERSECTION,04 DARK-LIGHTED,03 RAIN,02 WET,01 LEVEL,1 STRAIGHT,UNKNOWN,,TRAFFIC CONTROL SIGNAL,NOT CODED,6,NONE,NOT CODED,NOT CODED,NONE,NOT CODED,NOT CODED,14 MOTOR VEHICLE IN TRANSPORT,03 ANGLE,05 TURNING RIGHT,IMPROPER TURN,NOT CODED,00 NOT CODED,00 NOT CODED,00 NOT CODED,00 NOT CODED,01 NO,4,0,2,0,1,0,1,5,N,N,N,Y,N,N,N,N,N,N,N,N,N,N,N,N,Y,N,N,Y,Y,N,N,N,N,N,26.13689066,-80.13652236,586316.4427,2891130.292,L,,ARBM15Q1R2,26-Feb-22,162021,-8920757.161,3016045.933
2.01291E+12,2012,914182490,1241651,CITY POLICE DEPARTMENT,04 FOURTH,BROWARD,10-Apr-12,851,WEDNESDAY,8638 FT. LAUDERDALE,1038,Y,FEDERAL HWY,45TH ST NE R,0.019,S,0,0,26.1836786,-80.1186021,86020000,5.282,1394,SR 5,US 1,R RIGHT,L LEFT TURN,N NORTH,30 URBAN 6+LN 2WY DIVD RASD,03 STATE,03 INTERSECTION-RELATED,01 ON ROADWAY,02 FOUR-WAY INTERSECTION,03 CURB,36,31-Jan-11,14 URBAN PRIN ART OTHER,33,PAVED,3,CURB&GUTTER,2,,0,20,43500,RCI,3.4,,45,3 NO-INCAPACITATING INJURY,31 Q/C COMPLETED - LOC VERIFIED,0 NO,03 INFLUENCED BY INTERSECTION,01 DAYLIGHT,01 CLEAR,01 DRY,01 LEVEL,1 STRAIGHT,"TWO-WAY, DIVIDED, POSITIVE MED","TWO-WAY, DIVIDED, POSITIVE MED",TRAFFIC CONTROL SIGNAL,TRAFFIC CONTROL SIGNAL,6,NONE,NOT CODED,NOT CODED,NONE,NOT CODED,NOT CODED,14 MOTOR VEHICLE IN TRANSPORT,01 FRONT TO REAR,01 STRAIGHT AHEAD,OTHER CONTRIBUTING ACTION,NO CONTRIBUTING ACTION,00 NOT CODED,00 NOT CODED,00 NOT CODED,00 NOT CODED,01 NO,1,0,0,0,3,0,3,3,N,N,N,Y,N,N,N,N,N,N,Y,N,N,N,N,N,N,N,N,N,N,N,N,N,N,N,26.18362993,-80.11861826,588071.1787,2896318.869,R,,ARBM15Q1R2,26-Feb-22,162022,-8918764.085,3021842.724
2.01284E+12,2012,835829160,12109458,CITY POLICE DEPARTMENT,04 FOURTH,BROWARD,24-Sep-12,1729,TUESDAY,8638 FT. LAUDERDALE,1038,Y,SR 838,14TH ST NE,0.031,N,0,0,26.1371783,-80.1292326,86020000,1.47,1364,SR 5,US 1,R RIGHT,L LEFT TURN,E EAST,30 URBAN 6+LN 2WY DIVD RASD,03 STATE,01 NON-JUNCTION,01 ON ROADWAY,01 NOT AT INTERSECTION,01 PAVED,36,31-Jan-11,14 URBAN PRIN ART OTHER,35,CURB&GUTTER,2,,0,,0,16,55000,RCI,4.3,,35,1 NO INJURY,31 Q/C COMPLETED - LOC VERIFIED,0 NO,01 NOT AT INTERSECTION/RRX/BRIDGE,01 DAYLIGHT,01 CLEAR,01 DRY,01 LEVEL,1 STRAIGHT,"TWO-WAY, NOT DIVIDED","TWO-WAY, NOT DIVIDED",NO CONTROLS,NO CONTROLS,6,NONE,NOT CODED,NOT CODED,NONE,NOT CODED,NOT CODED,14 MOTOR VEHICLE IN TRANSPORT,"04 SIDESWIPE, SAME DIRECTION",01 STRAIGHT AHEAD,OTHER CONTRIBUTING ACTION,NO CONTRIBUTING ACTION,00 NOT CODED,00 NOT CODED,00 NOT CODED,00 NOT CODED,01 NO,0,0,0,0,2,0,2,4,N,N,Y,N,Y,N,N,N,N,N,N,N,N,N,N,N,N,N,N,N,N,N,N,N,N,N,26.13717251,-80.12929009,587039.2329,2891166.328,R,,ARBM15Q1R2,26-Feb-22,162037,-8919952.068,3016080.882
2.01284E+12,2012,835827540,12104674,CITY POLICE DEPARTMENT,04 FOURTH,BROWARD,12-Sep-12,2045,THURSDAY,8638 FT. LAUDERDALE,1038,Y,FEDERAL HWY,26TH ST NE,0,,0,0,26.1598136,-80.1166858,86020000,3.563,1385,SR 5,US 1,L LEFT,1 THRU LANE 1,W WEST,30 URBAN 6+LN 2WY DIVD RASD,03 STATE,01 NON-JUNCTION,01 ON ROADWAY,02 FOUR-WAY INTERSECTION,03 CURB,28,12-May-08,14 URBAN PRIN ART OTHER,33,PAVED,3,CURB&GUTTER,2,,0,20,57000,RCI,1.7,,45,2 POSSIBLE INJURY,31 Q/C COMPLETED - LOC VERIFIED,0 NO,02 AT INTERSECTION,04 DARK-LIGHTED,01 CLEAR,01 DRY,01 LEVEL,1 STRAIGHT,"TWO-WAY, NOT DIVIDED","TWO-WAY, DIVIDED, POSITIVE MED",TRAFFIC CONTROL SIGNAL,TRAFFIC CONTROL SIGNAL,6,NONE,NOT CODED,NOT CODED,NONE,NOT CODED,NOT CODED,14 MOTOR VEHICLE IN TRANSPORT,03 ANGLE,03 TURNING LEFT,NO CONTRIBUTING ACTION,NO CONTRIBUTING ACTION,00 NOT CODED,00 NOT CODED,00 NOT CODED,00 NOT CODED,01 NO,2,0,0,0,2,0,2,3,N,N,N,Y,N,N,N,N,N,N,N,N,N,N,N,N,N,N,N,N,Y,N,N,N,N,N,26.15990259,-80.11679642,588271.1014,2893692.199,L,,ARBM15Q1R2,26-Feb-22,162038,-8918561.278,3018899.674
2.01283E+12,2012,831959050,FHPL12OFF053070,FLORIDA HIGHWAY PATROL,04 FOURTH,BROWARD,27-Aug-12,1740,TUESDAY,8638 FT. LAUDERDALE,1038,N,SR 862,SR 9,0,,26.1138699,-80.3135416,26.0857286,-80.1692946,86095055,0,5058,SR 862,I 595,L LEFT,X RAMP,S SOUTH,08 RAMP RURAL,01 INTERSTATE,14 ENTRANCE/EXIT RAMP,01 ON ROADWAY,01 NOT AT INTERSECTION,01 PAVED,0,31-Dec-00,,24,PAVED,6,LAWN,5,,0,,30500,RCI,6.8,,,1 NO INJURY,31 Q/C COMPLETED - LOC VERIFIED,0 NO,07 ENTRANCE RAMP,01 DAYLIGHT,01 CLEAR,01 DRY,01 LEVEL,1 STRAIGHT,ONE-WAY TRAFFICWAY,ONE-WAY TRAFFICWAY,NO CONTROLS,NO CONTROLS,2,NONE,NOT CODED,NOT CODED,NONE,NOT CODED,NOT CODED,14 MOTOR VEHICLE IN TRANSPORT,01 FRONT TO REAR,01 STRAIGHT AHEAD,OPERATED MV IN CARLESS OR NEGL,NO CONTRIBUTING ACTION,00 NOT CODED,00 NOT CODED,00 NOT CODED,00 NOT CODED,01 NO,0,0,0,0,2,0,2,2,N,N,N,N,N,N,N,N,N,N,N,N,N,N,N,N,N,N,N,N,N,N,N,N,N,N,26.08573174,-80.16931068,583074.8125,2885442.961,O,,ARBM15Q1R2,26-Feb-22,162107,-8924407.141,3009703.658
2.01282E+12,2012,819810440,FHPL12OFF065808,FLORIDA HIGHWAY PATROL,04 FOURTH,BROWARD,24-Oct-12,1612,THURSDAY,8638 FT. LAUDERDALE,1038,N,SR 9,DAVIE BLVD,0,,26.1121583,-80.1693716,26.1131094,-80.1692203,86095056,0,4528,SR 862,I 595,L LEFT,X RAMP,S SOUTH,07 RAMP URBAN,01 INTERSTATE,01 NON-JUNCTION,01 ON ROADWAY,01 NOT AT INTERSECTION,01 PAVED,0,31-Dec-00,,36,PAVED,7,VALLEY GUTR,3,,0,,13000,RCI,6.8,,,1 NO INJURY,31 Q/C COMPLETED - LOC VERIFIED,0 NO,08 EXIT RAMP,01 DAYLIGHT,03 RAIN,02 WET,01 LEVEL,1 STRAIGHT,"TWO-WAY, DIVIDED, POSITIVE MED","TWO-WAY, DIVIDED, POSITIVE MED",NO CONTROLS,NO CONTROLS,3,NONE,NOT CODED,NOT CODED,NONE,NOT CODED,NOT CODED,14 MOTOR VEHICLE IN TRANSPORT,01 FRONT TO REAR,01 STRAIGHT AHEAD,OPERATED MV IN CARLESS OR NEGL,NO CONTRIBUTING ACTION,00 NOT CODED,00 NOT CODED,00 NOT CODED,00 NOT CODED,01 NO,0,0,0,0,2,0,2,5,N,N,Y,N,N,N,N,N,N,N,N,N,N,N,N,N,N,N,N,N,N,N,N,N,N,N,26.11310993,-80.16919105,583067.4327,2888475.238,O,,ARBM15Q1R2,26-Feb-22,162108,-8924393.824,3013097.443