Crash Id,Calendar Year,FDOT Crash Number,Reporting Agency Case Number,Reporting Agency Type,FDOT Managing District,County Name,Crash Date,Crash Time,Day,DHSMV City,Crash Report City Code,In Town,On Roadway Name,Int Roadway Name,Reference Distance (Miles),Reference Direction,Officer Latitude,Officer Longitude,FDOT Latitude,FDOT Longitude,FDOT Roadway,Nearest Inventory MP,Nearest Node From Crash,State Road #,US Highway,Crash Side of Road,Accident Lane Number,Travel Direction Vehicle 1,FDOT Road Category,DHSMV Road System Id,Relation to Junction,Crash Harmful Event Location,Intersection Type,Shoulder Type,FDOT Roadway SKID Test Result,FDOT Roadway SKID Test Date,Functional Class,RCI Surface Width,RCI Shoulder Type First,RCI Shoulder Width First,RCI Shoulder Type Second,RCI Shoulder Width Second,RCI Shoulder Type Third,RCI Shoulder Width Third,RCI Median Width,Avg Daily Traffic,AADT Source,RCI Avg Per Truck Traffic,RCI Horiz Curve Condition,Posted Speed Limit,Highest Injury in Crash,CAR Status Code,Alcohols/Drug Involved,Site Location,Lighting,Weather,Road Surface,Roadway Grade,Roadway Alignment,Traffic Way Vehicle 1,Traffic Way Vehicle 2,Traffic Control Vehicle 1,Traffic Control Vehicle 2,Count of Lanes,Road Condition 1,Road Condition 2,Road Condition 3,Environment Condition 1,Environment Condition 2,Environment Condition 3,Crash Harmful Event,Manner of Collision,Vehicle Movement,Driver Action Vehicle 1,Driver Action Vehicle 2,Location Within Workzone,Type of Workzone,Workers Present in Workzone,Law Enforcement Present in Workzone,School Bus Related,Count of Nonfatal Injuries,Count of Traffic Fatalities,Count of Serious Injuries,Count of Pedestrians,Count of Drivers,Count of Bicyclists,Count of Vehicles,Count of Persons,Wrong Way,Workzone Inv,Commercial Vehicle Inv,Intersection Inv,Lane Departure,Speeding,Agressive Driving,Impaired Driver,Impaired Pedestrian,Impaired Bicyclist,Distracted Driver,Speeding or Aggressive Driving,Pedestrian Related,Bicyclist Related,Pedestrian or Bicyclist Related,Motorcycle Inv,No Belt,No Belt - Ages 1-4,No Belt - Ages 5-12,No Belt - Ages 13-17,Driver - Ages Teen,Driver - Ages 65 plus,Driver - Ages 65-69,Driver - Ages 70-74,Driver - Ages 75-79,Driver - Ages 80 plus,ARBM Latitude,ARBM Longitude,UTM Zone 17N X,UTM Zone 17N Y,ARBM Side of Road,Urban Rural Indicator,GIS Street Source,Extract Date,OBJECTID,x,y
2.01291E+12,2012,914184610,12014206,CITY POLICE DEPARTMENT,04 FOURTH,BROWARD,5-Feb-12,945,MONDAY,8638 FT. LAUDERDALE,1038,Y,SUNRISE BLVD,SR 845,0.189,W,0,0,26.1364778,-80.1569632,86110000,6.861,400,SR 838,,R RIGHT,2 THRU LANE 2,E EAST,30 URBAN 6+LN 2WY DIVD RASD,03 STATE,01 NON-JUNCTION,01 ON ROADWAY,01 NOT AT INTERSECTION,03 CURB,32,9-Jul-12,14 URBAN PRIN ART OTHER,32,PAVED,3,CURB&GUTTER,2,,0,16,63000,RCI,5.5,,40,1 NO INJURY,31 Q/C COMPLETED - LOC VERIFIED,0 NO,01 NOT AT INTERSECTION/RRX/BRIDGE,01 DAYLIGHT,02 CLOUDY,01 DRY,01 LEVEL,1 STRAIGHT,"TWO-WAY, DIVIDED, POSITIVE MED","TWO-WAY, DIVIDED, POSITIVE MED",NO CONTROLS,NO CONTROLS,6,NONE,NOT CODED,NOT CODED,NONE,NOT CODED,NOT CODED,14 MOTOR VEHICLE IN TRANSPORT,01 FRONT TO REAR,88 UNKNOWN,OTHER CONTRIBUTING ACTION,OTHER CONTRIBUTING ACTION,00 NOT CODED,00 NOT CODED,00 NOT CODED,00 NOT CODED,01 NO,0,0,0,0,3,0,3,4,N,N,N,N,N,N,N,N,N,N,N,N,N,N,N,N,N,N,N,N,N,Y,N,N,Y,N,26.13646517,-80.15668571,584301.0543,2891069.941,R,,ARBM15Q1R2,26-Feb-22,184694,-8923001.735,3015993.173
2.01291E+12,2012,913842770,12006681,CITY POLICE DEPARTMENT,04 FOURTH,BROWARD,17-Jan-12,1125,WEDNESDAY,8638 FT. LAUDERDALE,1038,Y,SR 838,11TH AVE NW R,0,,0,0,26.1364761,-80.1567696,86110000,6.873,400,SR 838,,R RIGHT,3 THRU LANE 3,E EAST,30 URBAN 6+LN 2WY DIVD RASD,03 STATE,02 INTERSECTION,01 ON ROADWAY,03 T-INTERSECTION,03 CURB,32,9-Jul-12,14 URBAN PRIN ART OTHER,32,PAVED,3,CURB&GUTTER,2,,0,16,63000,RCI,5.5,,40,3 NO-INCAPACITATING INJURY,31 Q/C COMPLETED - LOC VERIFIED,0 NO,02 AT INTERSECTION,01 DAYLIGHT,01 CLEAR,01 DRY,01 LEVEL,1 STRAIGHT,"TWO-WAY, DIVIDED, POSITIVE MED","TWO-WAY, DIVIDED, POSITIVE MED",NO CONTROLS,NO CONTROLS,6,NONE,NOT CODED,NOT CODED,NONE,NOT CODED,NOT CODED,14 MOTOR VEHICLE IN TRANSPORT,01 FRONT TO REAR,01 STRAIGHT AHEAD,OPERATED MV IN CARLESS OR NEGL,NO CONTRIBUTING ACTION,00 NOT CODED,00 NOT CODED,00 NOT CODED,00 NOT CODED,01 NO,4,0,0,0,3,0,3,4,N,N,N,Y,N,N,N,N,N,N,N,N,N,N,N,N,N,N,N,N,N,N,N,N,N,N,26.13645964,-80.15649216,584320.407,2891069.454,R,,ARBM15Q1R2,26-Feb-22,184695,-8922980.189,3015992.487
2.01284E+12,2012,836023980,12118658,CITY POLICE DEPARTMENT,04 FOURTH,BROWARD,17-Oct-12,1735,THURSDAY,8638 FT. LAUDERDALE,1038,Y,7TH AVE NW,SR 838,0,,0,0,26.1365771,-80.1510251,86110000,7.23,3402,SR 838,,S SIDE RD RIGHT,1 THRU LANE 1,N NORTH,30 URBAN 6+LN 2WY DIVD RASD,03 STATE,01 NON-JUNCTION,01 ON ROADWAY,01 NOT AT INTERSECTION,03 CURB,35,9-Jul-12,14 URBAN PRIN ART OTHER,32,PAVED,3,CURB&GUTTER,2,,0,16,59000,RCI,5.5,,40,1 NO INJURY,31 Q/C COMPLETED - LOC VERIFIED,0 NO,02 AT INTERSECTION,01 DAYLIGHT,01 CLEAR,01 DRY,01 LEVEL,1 STRAIGHT,"TWO-WAY, NOT DIV, W/CONT LTURN","TWO-WAY, NOT DIVIDED",TRAFFIC CONTROL SIGNAL,TRAFFIC CONTROL SIGNAL,6,NONE,NOT CODED,NOT CODED,NONE,NOT CODED,NOT CODED,14 MOTOR VEHICLE IN TRANSPORT,01 FRONT TO REAR,01 STRAIGHT AHEAD,OPERATED MV IN CARLESS OR NEGL,NO CONTRIBUTING ACTION,00 NOT CODED,00 NOT CODED,00 NOT CODED,00 NOT CODED,01 NO,0,0,0,0,2,0,2,2,N,N,N,Y,N,N,N,N,N,N,N,N,N,N,N,N,N,N,N,N,N,N,N,N,N,N,26.13657008,-80.15073208,584896.1532,2891085.433,R,,ARBM15Q1R2,26-Feb-22,184696,-8922338.98,3016006.181
2.01284E+12,2012,836392390,12133268,CITY POLICE DEPARTMENT,04 FOURTH,BROWARD,24-Nov-12,430,SUNDAY,8638 FT. LAUDERDALE,1038,Y,SR 838,SR 9,0,,0,0,26.1365034,-80.166878,86110000,6.245,2084,SR 838,,L LEFT,3 THRU LANE 3,N NORTH,30 URBAN 6+LN 2WY DIVD RASD,04 COUNTY,02 INTERSECTION,01 ON ROADWAY,77 OTHER (SEE NARRATIVE),01 PAVED,32,9-Jul-12,14 URBAN PRIN ART OTHER,36,PAVED,3,CURB&GUTTER,2,,0,41,63000,RCI,5.5,D12'0.,40,2 POSSIBLE INJURY,31 Q/C COMPLETED - LOC VERIFIED,1 ALC,02 AT INTERSECTION,04 DARK-LIGHTED,01 CLEAR,01 DRY,01 LEVEL,3 CURVE LEFT,ONE-WAY TRAFFICWAY,"TWO-WAY, DIVIDED, POSITIVE MED",TRAFFIC CONTROL SIGNAL,NO CONTROLS,6,NONE,NOT CODED,NOT CODED,NONE,NOT CODED,NOT CODED,14 MOTOR VEHICLE IN TRANSPORT,03 ANGLE,03 TURNING LEFT,OPERATED MV IN CARLESS OR NEGL,NO CONTRIBUTING ACTION,00 NOT CODED,00 NOT CODED,00 NOT CODED,00 NOT CODED,01 NO,1,0,0,0,2,0,2,3,N,N,N,Y,N,N,N,N,N,N,N,N,N,N,N,N,N,N,N,N,N,N,N,N,N,N,26.13668282,-80.16663998,583305.788,2891087.631,L,,ARBM15Q1R2,26-Feb-22,184697,-8924109.839,3016020.16
2.01291E+12,2012,914173810,1235024,CITY POLICE DEPARTMENT,04 FOURTH,BROWARD,25-Mar-12,0,MONDAY,8638 FT. LAUDERDALE,1038,Y,4TH AVE NE,SUNRISE BLVD,0.009,S,0,0,26.136875,-80.1405012,86110000,7.884,418,SR 838,,S SIDE RD RIGHT,L LEFT TURN,N NORTH,30 URBAN 6+LN 2WY DIVD RASD,03 STATE,01 NON-JUNCTION,01 ON ROADWAY,01 NOT AT INTERSECTION,01 PAVED,35,9-Jul-12,14 URBAN PRIN ART OTHER,32,PAVED,3,CURB&GUTTER,2,,0,16,42500,RCI,5.5,,40,1 NO INJURY,31 Q/C COMPLETED - LOC VERIFIED,0 NO,02 AT INTERSECTION,01 DAYLIGHT,01 CLEAR,01 DRY,01 LEVEL,1 STRAIGHT,"TWO-WAY, DIVIDED, UNPROTECTED","TWO-WAY, DIVIDED, UNPROTECTED",NO CONTROLS,NO CONTROLS,6,NONE,NOT CODED,NOT CODED,NONE,NOT CODED,NOT CODED,14 MOTOR VEHICLE IN TRANSPORT,01 FRONT TO REAR,01 STRAIGHT AHEAD,FOLLOWED TOO CLOSELY,NO CONTRIBUTING ACTION,00 NOT CODED,00 NOT CODED,00 NOT CODED,00 NOT CODED,01 NO,0,0,0,0,2,0,2,2,N,N,N,Y,N,N,N,N,N,N,N,N,N,N,N,N,N,N,N,N,N,N,N,N,N,N,26.13686415,-80.1401831,585950.5043,2891124.931,R,,ARBM15Q1R2,26-Feb-22,184698,-8921164.672,3016042.645
2.01283E+12,2012,828889920,FHPL12OFF011292,FLORIDA HIGHWAY PATROL,04 FOURTH,BROWARD,23-Feb-12,1601,FRIDAY,8638 FT. LAUDERDALE,1038,Y,SR 862,SR 9,0,,26.0819616,-80.1655816,26.0820098,-80.1654019,86095057,0,4083,SR 862,I 595,L LEFT,X RAMP,N NORTH,07 RAMP URBAN,01 INTERSTATE,01 NON-JUNCTION,01 ON ROADWAY,01 NOT AT INTERSECTION,01 PAVED,0,31-Dec-00,,24,PAVED,8,LAWN,12,,0,,13500,RCI,6.8,,,1 NO INJURY,31 Q/C COMPLETED - LOC VERIFIED,0 NO,08 EXIT RAMP,01 DAYLIGHT,01 CLEAR,01 DRY,01 LEVEL,2 CURVE RIGHT,ONE-WAY TRAFFICWAY,ONE-WAY TRAFFICWAY,NO CONTROLS,NO CONTROLS,2,NONE,NOT CODED,NOT CODED,NONE,NOT CODED,NOT CODED,14 MOTOR VEHICLE IN TRANSPORT,"04 SIDESWIPE, SAME DIRECTION",06 CHANGING LANES,NOT CODED,NO CONTRIBUTING ACTION,00 NOT CODED,00 NOT CODED,00 NOT CODED,00 NOT CODED,01 NO,0,0,0,0,1,0,2,1,N,N,N,N,Y,N,N,N,N,N,N,N,N,N,N,N,N,N,N,N,N,N,N,N,N,N,26.08201467,-80.16540251,583468.3107,2885033.785,O,,ARBM15Q1R2,26-Feb-22,184710,-8923972.086,3009242.953
2.01291E+12,2012,914163690,1275982,CITY POLICE DEPARTMENT,04 FOURTH,BROWARD,3-Jul-12,243,WEDNESDAY,8638 FT. LAUDERDALE,1038,Y,16TH ST SW,SR 7,0.023,E,0,0,26.1004385,-80.2012456,86100000,8.861,966,SR 7,US 441,S SIDE RD RIGHT,S SIDE OF ROAD,N NORTH,30 URBAN 6+LN 2WY DIVD RASD,03 STATE,01 NON-JUNCTION,02 OFF ROADWAY,03 T-INTERSECTION,03 CURB,31,6-Jun-11,14 URBAN PRIN ART OTHER,36,PAVED,4,CURB&GUTTER,2,,0,19,50500,RCI,5.5,,45,1 NO INJURY,31 Q/C COMPLETED - LOC VERIFIED,0 NO,01 NOT AT INTERSECTION/RRX/BRIDGE,04 DARK-LIGHTED,01 CLEAR,01 DRY,01 LEVEL,1 STRAIGHT,"TWO-WAY, DIVIDED, UNPROTECTED",UNKNOWN,NO CONTROLS,NO CONTROLS,6,NONE,NOT CODED,NOT CODED,NONE,NOT CODED,NOT CODED,24 CURB,77 OTHER (SEE NARRATIVE),01 STRAIGHT AHEAD,OTHER CONTRIBUTING ACTION,NOT CODED,00 NOT CODED,00 NOT CODED,00 NOT CODED,00 NOT CODED,01 NO,0,0,0,0,1,0,3,1,N,N,N,N,Y,N,N,N,N,N,N,N,N,N,N,N,N,N,N,N,N,N,N,N,N,N,26.10042814,-80.20123739,579871.8047,2887050.647,R,,ARBM15Q1R2,26-Feb-22,184789,-8927961.206,3011525.316
2.01283E+12,2012,828915060,FHPL12OFF035725,FLORIDA HIGHWAY PATROL,04 FOURTH,BROWARD,12-Jun-12,855,WEDNESDAY,8638 FT. LAUDERDALE,1038,Y,I 95,SR 84 WB,0,,26.0925666,-80.1688716,26.0925824,-80.1684992,86070000,8.275,1495,SR 9,I 95,L LEFT,6 THRU LANE 6,S SOUTH,01 INTERSTATE URBAN,01 INTERSTATE,18 THROUGH ROADWAY,01 ON ROADWAY,01 NOT AT INTERSECTION,01 PAVED,36,2-Dec-08,11 URBAN PRIN ART INT.,52,PAVED,8,VALLEY GUTR,3,,0,22,299000,RCI,6.8,0D3000,65,2 POSSIBLE INJURY,31 Q/C COMPLETED - LOC VERIFIED,0 NO,02 AT INTERSECTION,01 DAYLIGHT,01 CLEAR,01 DRY,04 DOWNHILL,1 STRAIGHT,"TWO-WAY, DIVIDED, POSITIVE MED","TWO-WAY, DIVIDED, POSITIVE MED",NO CONTROLS,NO CONTROLS,8,NONE,NOT CODED,NOT CODED,NONE,NOT CODED,NOT CODED,14 MOTOR VEHICLE IN TRANSPORT,01 FRONT TO REAR,01 STRAIGHT AHEAD,OPERATED MV IN CARLESS OR NEGL,NO CONTRIBUTING ACTION,00 NOT CODED,00 NOT CODED,00 NOT CODED,00 NOT CODED,01 NO,1,0,0,0,2,0,2,2,N,N,N,Y,N,N,N,N,N,N,N,N,N,N,N,N,N,N,N,N,N,N,N,N,N,N,26.09252357,-80.16872032,583129.0553,2886195.548,L,,ARBM15Q1R2,26-Feb-22,184797,-8924341.422,3010545.495
2.01283E+12,2012,829112050,FHPL12OFF041193,FLORIDA HIGHWAY PATROL,04 FOURTH,BROWARD,6-Jul-12,1610,SATURDAY,8638 FT. LAUDERDALE,1038,Y,I 95,SR 84 WB,0.25,N,26.095475,-80.1689616,26.0923799,-80.1684862,86070000,8.261,1505,SR 9,I 95,L LEFT,4 THRU LANE 4,S SOUTH,01 INTERSTATE URBAN,01 INTERSTATE,18 THROUGH ROADWAY,01 ON ROADWAY,01 NOT AT INTERSECTION,01 PAVED,36,2-Dec-08,11 URBAN PRIN ART INT.,52,PAVED,8,VALLEY GUTR,3,,0,22,299000,RCI,6.8,0D3000,65,4 INCAPACITATING INJURY,31 Q/C COMPLETED - LOC VERIFIED,0 NO,01 NOT AT INTERSECTION/RRX/BRIDGE,01 DAYLIGHT,01 CLEAR,01 DRY,01 LEVEL,1 STRAIGHT,"TWO-WAY, DIVIDED, POSITIVE MED","TWO-WAY, DIVIDED, POSITIVE MED",NO CONTROLS,NO CONTROLS,8,NONE,NOT CODED,NOT CODED,NONE,NOT CODED,NOT CODED,14 MOTOR VEHICLE IN TRANSPORT,01 FRONT TO REAR,01 STRAIGHT AHEAD,OPERATED MV IN CARLESS OR NEGL,NO CONTRIBUTING ACTION,00 NOT CODED,00 NOT CODED,00 NOT CODED,00 NOT CODED,01 NO,1,0,1,0,2,0,2,4,N,N,N,N,N,N,N,N,N,N,Y,N,N,N,N,N,N,N,N,N,N,N,N,N,N,N,26.09232061,-80.16870403,583130.8285,2886173.08,L,,ARBM15Q1R2,26-Feb-22,184799,-8924339.608,3010520.337
2.01212E+12,2012,120959610,1248501,CITY POLICE DEPARTMENT,04 FOURTH,BROWARD,26-Apr-12,1633,FRIDAY,8638 FT. LAUDERDALE,1038,Y,DAVIE BLVD,27TH AVE SW,0.016,E,0,0,26.1063822,-80.1773923,86210000,1.502,348,SR 736,,L LEFT,2 THRU LANE 2,U UNNWN,21 URBAN 4-5LN 2WY DIVD PAVD,05 LOCAL,04 DRIVEWAY/ALLEY ACCESS RELATED,03 SHOULDER,01 NOT AT INTERSECTION,03 CURB,32,11-Jan-12,16 URBAN MINOR ART,24,PAVED,4,CURB&GUTTER,2,,0,13,35000,RCI,3.2,,40,3 NO-INCAPACITATING INJURY,31 Q/C COMPLETED - LOC VERIFIED,0 NO,04 DRIVEWAY ACCESS,01 DAYLIGHT,01 CLEAR,01 DRY,01 LEVEL,1 STRAIGHT,"TWO-WAY, DIVIDED, POSITIVE MED","TWO-WAY, DIVIDED, POSITIVE MED",OTHER (SEE NARRATIVE),NO CONTROLS,4,NONE,NOT CODED,NOT CODED,NONE,NOT CODED,NOT CODED,14 MOTOR VEHICLE IN TRANSPORT,02 FRONT TO FRONT,01 STRAIGHT AHEAD,WRONG SIDE OF WRONG WAY,NO CONTRIBUTING ACTION,00 NOT CODED,00 NOT CODED,00 NOT CODED,00 NOT CODED,01 NO,1,0,0,0,2,0,2,2,Y,N,N,N,Y,N,N,N,N,N,N,N,N,N,N,N,N,N,N,N,N,N,N,N,N,N,26.10644223,-80.17739688,582251.6146,2887731.563,C,,ARBM15Q1R2,26-Feb-22,184835,-8925307.292,3012270.845
2.01282E+12,2012,819810240,FHPL12OFF058583,FLORIDA HIGHWAY PATROL,04 FOURTH,BROWARD,21-Sep-12,1818,SATURDAY,8638 FT. LAUDERDALE,1038,N,SR 9,SR 862,0.019,W,26.0788033,-80.1692616,26.0817726,-80.1614708,86095058,0.019,4085,SR 862,I 595,L LEFT,X RAMP,S SOUTH,07 RAMP URBAN,01 INTERSTATE,01 NON-JUNCTION,04 MEDIAN,01 NOT AT INTERSECTION,01 PAVED,0,31-Dec-00,,24,PAVED,11,LAWN,12,,0,,13500,RCI,6.8,,,1 NO INJURY,31 Q/C COMPLETED - LOC VERIFIED,0 NO,07 ENTRANCE RAMP,03 DAWN,03 RAIN,02 WET,04 DOWNHILL,2 CURVE RIGHT,ONE-WAY TRAFFICWAY,,NO CONTROLS,NOT CODED,2,NONE,NOT CODED,NOT CODED,NONE,NOT CODED,NOT CODED,30 CONCRETE TRAFFIC BARRIER,77 OTHER (SEE NARRATIVE),06 CHANGING LANES,DROVE TOO FAST FOR CONDITIONS,NOT CODED,00 NOT CODED,00 NOT CODED,00 NOT CODED,00 NOT CODED,01 NO,0,0,0,0,1,0,1,1,N,N,N,N,Y,Y,N,N,N,N,N,Y,N,N,N,N,N,N,N,N,N,N,N,N,N,N,26.08176448,-80.16147011,583861.7871,2885008.6,O,,ARBM15Q1R2,26-Feb-22,184837,-8923534.332,3009211.944
2.01283E+12,2012,828973130,FHPL12OFF015763,FLORIDA HIGHWAY PATROL,04 FOURTH,BROWARD,14-Mar-12,903,THURSDAY,8638 FT. LAUDERDALE,1038,Y,SR 862,SR 9,0.019,E,26.1013416,-80.1684099,26.0827371,-80.176821,86095062,0.019,3801,SR 862,I 595,R RIGHT,X RAMP,N NORTH,08 RAMP RURAL,01 INTERSTATE,01 NON-JUNCTION,01 ON ROADWAY,01 NOT AT INTERSECTION,01 PAVED,0,31-Dec-00,,24,PAVED,12,,0,,0,,37000,RCI,6.8,,,3 NO-INCAPACITATING INJURY,31 Q/C COMPLETED - LOC VERIFIED,0 NO,08 EXIT RAMP,01 DAYLIGHT,03 RAIN,02 WET,04 DOWNHILL,1 STRAIGHT,ONE-WAY TRAFFICWAY,ONE-WAY TRAFFICWAY,NO CONTROLS,NO CONTROLS,2,NONE,NOT CODED,NOT CODED,NONE,NOT CODED,NOT CODED,09 OTHER NON-COLLISION,01 FRONT TO REAR,01 STRAIGHT AHEAD,OTHER CONTRIBUTING ACTION,NO CONTRIBUTING ACTION,00 NOT CODED,00 NOT CODED,00 NOT CODED,00 NOT CODED,01 NO,1,0,0,0,2,0,2,2,N,N,Y,N,N,N,N,N,N,N,N,N,N,N,N,N,N,N,N,N,N,N,N,N,N,N,26.08275103,-80.17682051,582325.8303,2885108.075,O,,ARBM15Q1R2,26-Feb-22,184840,-8925243.131,3009334.219
2.01283E+12,2012,831816480,FHPL12OFF075477,FLORIDA HIGHWAY PATROL,04 FOURTH,BROWARD,7-Dec-12,1910,SATURDAY,8638 FT. LAUDERDALE,1038,Y,SR 9,SR 862,0.25,E,26.0819183,-80.1682583,26.082116,-80.1731977,86095062,0.25,3801,SR 862,I 595,R RIGHT,X RAMP,N NORTH,08 RAMP RURAL,01 INTERSTATE,18 THROUGH ROADWAY,01 ON ROADWAY,01 NOT AT INTERSECTION,01 PAVED,0,31-Dec-00,,24,PAVED,12,,0,,0,,37000,RCI,6.8,,,2 POSSIBLE INJURY,31 Q/C COMPLETED - LOC VERIFIED,0 NO,07 ENTRANCE RAMP,04 DARK-LIGHTED,01 CLEAR,01 DRY,01 LEVEL,1 STRAIGHT,"TWO-WAY, DIVIDED, POSITIVE MED","TWO-WAY, DIVIDED, POSITIVE MED",NO CONTROLS,NO CONTROLS,2,NONE,NOT CODED,NOT CODED,NONE,NOT CODED,NOT CODED,14 MOTOR VEHICLE IN TRANSPORT,01 FRONT TO REAR,01 STRAIGHT AHEAD,NOT CODED,NO CONTRIBUTING ACTION,00 NOT CODED,00 NOT CODED,00 NOT CODED,00 NOT CODED,01 NO,1,0,0,0,1,0,2,3,N,N,N,N,N,N,N,N,N,N,N,N,N,N,N,N,N,N,N,N,N,N,N,N,N,N,26.08212839,-80.17319997,582688.3717,2885041.408,O,,ARBM15Q1R2,26-Feb-22,184841,-8924840.095,3009257.048
2.01283E+12,2012,831817980,FHPL12OFF050774,FLORIDA HIGHWAY PATROL,04 FOURTH,BROWARD,17-Aug-12,1606,SATURDAY,8638 FT. LAUDERDALE,1038,Y,I 95,SR 736,0.5,W,26.0965933,-80.1683983,26.0993556,-80.168463,86095062,1.619,5093,SR 862,I 595,R RIGHT,X RAMP,N NORTH,08 RAMP RURAL,01 INTERSTATE,14 ENTRANCE/EXIT RAMP,01 ON ROADWAY,01 NOT AT INTERSECTION,03 CURB,0,31-Dec-00,,36,PAVED,3,RAISED CURB,0,,0,,37000,RCI,6.8,,,1 NO INJURY,31 Q/C COMPLETED - LOC VERIFIED,0 NO,07 ENTRANCE RAMP,01 DAYLIGHT,03 RAIN,02 WET,01 LEVEL,1 STRAIGHT,ONE-WAY TRAFFICWAY,,NO CONTROLS,NOT CODED,3,"RD SURFC (WET, ICY, SNOW, ETC)",NOT CODED,NOT CODED,WEATHER CONDITIONS,NOT CODED,NOT CODED,30 CONCRETE TRAFFIC BARRIER,77 OTHER (SEE NARRATIVE),06 CHANGING LANES,OPERATED MV IN CARLESS OR NEGL,NOT CODED,00 NOT CODED,00 NOT CODED,00 NOT CODED,00 NOT CODED,01 NO,0,0,0,0,1,0,1,1,N,N,N,N,Y,N,N,N,N,N,N,N,N,N,N,N,N,N,N,N,N,N,N,N,N,N,26.09936511,-80.16848531,583147.7208,2886953.414,O,,ARBM15Q1R2,26-Feb-22,184842,-8924315.261,3011393.542
2.01283E+12,2012,831790460,FHPL12OFF056949,FLORIDA HIGHWAY PATROL,04 FOURTH,BROWARD,14-Sep-12,800,SATURDAY,8638 FT. LAUDERDALE,1038,Y,I 95,I 595,0.019,E,26.089435,-80.1676033,26.0892781,-80.1676632,86095062,0.925,5084,SR 862,I 595,R RIGHT,X RAMP,N NORTH,08 RAMP RURAL,01 INTERSTATE,14 ENTRANCE/EXIT RAMP,01 ON ROADWAY,01 NOT AT INTERSECTION,01 PAVED,0,31-Dec-00,,24,PAVED,12,,0,,0,,37000,RCI,6.8,,,4 INCAPACITATING INJURY,31 Q/C COMPLETED - LOC VERIFIED,1 ALC,07 ENTRANCE RAMP,01 DAYLIGHT,02 CLOUDY,02 WET,01 LEVEL,1 STRAIGHT,ONE-WAY TRAFFICWAY,,NO CONTROLS,NOT CODED,2,NONE,NOT CODED,NOT CODED,NONE,NOT CODED,NOT CODED,30 CONCRETE TRAFFIC BARRIER,77 OTHER (SEE NARRATIVE),01 STRAIGHT AHEAD,OPERATED MV IN CARLESS OR NEGL,NOT CODED,00 NOT CODED,00 NOT CODED,00 NOT CODED,00 NOT CODED,01 NO,1,0,1,0,1,0,1,1,N,N,N,N,Y,N,N,N,N,N,N,N,N,N,N,N,N,N,N,N,N,N,N,N,N,N,26.08930095,-80.16762742,583240.632,2885839.334,O,,ARBM15Q1R2,26-Feb-22,184843,-8924219.761,3010146.05
2.01283E+12,2012,828787370,FHPL12OFF013961,FLORIDA HIGHWAY PATROL,04 FOURTH,BROWARD,6-Mar-12,1812,WEDNESDAY,8638 FT. LAUDERDALE,1038,Y,SR 862,SR 5,0,,26.0789949,-80.1338216,26.0783864,-80.1337031,86095069,0.341,3568,SR 862,I 595,R RIGHT,X RAMP,N NORTH,,01 INTERSTATE,14 ENTRANCE/EXIT RAMP,02 OFF ROADWAY,01 NOT AT INTERSECTION,01 PAVED,0,31-Dec-00,,,,0,,0,,0,,,RCI,0,,,1 NO INJURY,31 Q/C COMPLETED - LOC VERIFIED,0 NO,08 EXIT RAMP,01 DAYLIGHT,03 RAIN,02 WET,03 UPHILL,2 CURVE RIGHT,ONE-WAY TRAFFICWAY,,NO CONTROLS,NOT CODED,2,NONE,NOT CODED,NOT CODED,NONE,NOT CODED,NOT CODED,33 UTILITY POLE/LIGHT SUPPORT,77 OTHER (SEE NARRATIVE),05 TURNING RIGHT,NO CONTRIBUTING ACTION,NOT CODED,00 NOT CODED,00 NOT CODED,00 NOT CODED,00 NOT CODED,01 NO,0,0,0,0,1,0,1,1,N,N,N,N,Y,N,N,N,N,N,N,N,N,N,N,N,N,N,N,N,N,N,N,N,N,N,26.07867539,-80.13381849,586629.6413,2884684.565,O,,ARBM15Q1R2,26-Feb-22,184844,-8920456.167,3008829.086
2.01283E+12,2012,832024710,FHPL12OFF065446,FLORIDA HIGHWAY PATROL,04 FOURTH,BROWARD,23-Oct-12,825,WEDNESDAY,8638 FT. LAUDERDALE,1038,Y,I 95,SR 84 WB,0.028,N,26.0884733,-80.1682833,26.089161,-80.1682806,86070000,8.039,5173,SR 9,I 95,R RIGHT,2 THRU LANE 2,N NORTH,01 INTERSTATE URBAN,01 INTERSTATE,01 NON-JUNCTION,01 ON ROADWAY,01 NOT AT INTERSECTION,01 PAVED,36,2-Dec-08,11 URBAN PRIN ART INT.,52,PAVED WARN,8,VALLEY GUTR,3,,0,35,299000,RCI,6.8,0D3000,65,4 INCAPACITATING INJURY,31 Q/C COMPLETED - LOC VERIFIED,0 NO,01 NOT AT INTERSECTION/RRX/BRIDGE,01 DAYLIGHT,02 CLOUDY,02 WET,01 LEVEL,1 STRAIGHT,"TWO-WAY, DIVIDED, POSITIVE MED","TWO-WAY, DIVIDED, POSITIVE MED",NO CONTROLS,NO CONTROLS,8,NONE,NOT CODED,NOT CODED,NONE,NOT CODED,NOT CODED,14 MOTOR VEHICLE IN TRANSPORT,01 FRONT TO REAR,01 STRAIGHT AHEAD,OPERATED MV IN CARLESS OR NEGL,NO CONTRIBUTING ACTION,00 NOT CODED,00 NOT CODED,00 NOT CODED,00 NOT CODED,01 NO,1,0,1,0,3,0,3,3,N,N,N,N,N,N,N,N,N,N,N,N,N,N,N,N,N,N,N,N,N,N,N,N,N,N,26.089124,-80.16828522,583174.9715,2885819.316,R,,ARBM15Q1R2,26-Feb-22,184892,-8924292.987,3010124.118