Crash Id,Calendar Year,FDOT Crash Number,Reporting Agency Case Number,Reporting Agency Type,FDOT Managing District,County Name,Crash Date,Crash Time,Day,DHSMV City,Crash Report City Code,In Town,On Roadway Name,Int Roadway Name,Reference Distance (Miles),Reference Direction,Officer Latitude,Officer Longitude,FDOT Latitude,FDOT Longitude,FDOT Roadway,Nearest Inventory MP,Nearest Node From Crash,State Road #,US Highway,Crash Side of Road,Accident Lane Number,Travel Direction Vehicle 1,FDOT Road Category,DHSMV Road System Id,Relation to Junction,Crash Harmful Event Location,Intersection Type,Shoulder Type,FDOT Roadway SKID Test Result,FDOT Roadway SKID Test Date,Functional Class,RCI Surface Width,RCI Shoulder Type First,RCI Shoulder Width First,RCI Shoulder Type Second,RCI Shoulder Width Second,RCI Shoulder Type Third,RCI Shoulder Width Third,RCI Median Width,Avg Daily Traffic,AADT Source,RCI Avg Per Truck Traffic,RCI Horiz Curve Condition,Posted Speed Limit,Highest Injury in Crash,CAR Status Code,Alcohols/Drug Involved,Site Location,Lighting,Weather,Road Surface,Roadway Grade,Roadway Alignment,Traffic Way Vehicle 1,Traffic Way Vehicle 2,Traffic Control Vehicle 1,Traffic Control Vehicle 2,Count of Lanes,Road Condition 1,Road Condition 2,Road Condition 3,Environment Condition 1,Environment Condition 2,Environment Condition 3,Crash Harmful Event,Manner of Collision,Vehicle Movement,Driver Action Vehicle 1,Driver Action Vehicle 2,Location Within Workzone,Type of Workzone,Workers Present in Workzone,Law Enforcement Present in Workzone,School Bus Related,Count of Nonfatal Injuries,Count of Traffic Fatalities,Count of Serious Injuries,Count of Pedestrians,Count of Drivers,Count of Bicyclists,Count of Vehicles,Count of Persons,Wrong Way,Workzone Inv,Commercial Vehicle Inv,Intersection Inv,Lane Departure,Speeding,Agressive Driving,Impaired Driver,Impaired Pedestrian,Impaired Bicyclist,Distracted Driver,Speeding or Aggressive Driving,Pedestrian Related,Bicyclist Related,Pedestrian or Bicyclist Related,Motorcycle Inv,No Belt,No Belt - Ages 1-4,No Belt - Ages 5-12,No Belt - Ages 13-17,Driver - Ages Teen,Driver - Ages 65 plus,Driver - Ages 65-69,Driver - Ages 70-74,Driver - Ages 75-79,Driver - Ages 80 plus,ARBM Latitude,ARBM Longitude,UTM Zone 17N X,UTM Zone 17N Y,ARBM Side of Road,Urban Rural Indicator,GIS Street Source,Extract Date,OBJECTID,x,y
2.01291E+12,2012,914191030,1218658,CITY POLICE DEPARTMENT,04 FOURTH,BROWARD,16-Feb-12,700,FRIDAY,8638 FT. LAUDERDALE,1038,Y,NW 16TH ST,NW 15TH TER,0,E,0,0,26.148197,-80.164335,86A15636,0.28,,,,,,S SOUTH,,05 LOCAL,02 INTERSECTION,01 ON ROADWAY,02 FOUR-WAY INTERSECTION,02 UNPAVED,0,31-Dec-00,,,,0,,0,,0,,,RCI,0,,,2 POSSIBLE INJURY,33 Q/C VERIFIED AS OFF-SYSTEM,0 NO,02 AT INTERSECTION,01 DAYLIGHT,01 CLEAR,01 DRY,01 LEVEL,1 STRAIGHT,"TWO-WAY, NOT DIVIDED","TWO-WAY, NOT DIVIDED",STOP SIGN,NO CONTROLS,,NONE,NOT CODED,NOT CODED,NONE,NOT CODED,NOT CODED,14 MOTOR VEHICLE IN TRANSPORT,03 ANGLE,01 STRAIGHT AHEAD,FAILED TO YIELD RIGHT-OF-WAY,NO CONTRIBUTING ACTION,00 NOT CODED,00 NOT CODED,00 NOT CODED,00 NOT CODED,"02 YES, SCHOOL BUS DIRECTLY INVOL",1,0,0,0,2,0,2,9,N,N,Y,Y,N,N,N,N,N,N,N,N,N,N,N,N,Y,N,Y,N,N,N,N,N,N,N,26.14819522,-80.16433732,583527.7861,2892364.143,C,U,ARBM15Q1R2,26-Feb-22,203752,-8923853.509,3017447.756
2.01284E+12,2012,836397760,12143364,CITY POLICE DEPARTMENT,04 FOURTH,BROWARD,19-Dec-12,1415,THURSDAY,8638 FT. LAUDERDALE,1038,Y,SW 27TH AVE,SW 9TH ST,0.001,N,0,0,26.110689,-80.177866,86000129,0.294,,,,R RIGHT,2 THRU LANE 2,N NORTH,,05 LOCAL,01 NON-JUNCTION,01 ON ROADWAY,01 NOT AT INTERSECTION,03 CURB,0,31-Dec-00,,,,0,,0,,0,,,RCI,0,,,1 NO INJURY,33 Q/C VERIFIED AS OFF-SYSTEM,0 NO,01 NOT AT INTERSECTION/RRX/BRIDGE,01 DAYLIGHT,02 CLOUDY,01 DRY,01 LEVEL,1 STRAIGHT,"TWO-WAY, NOT DIVIDED","TWO-WAY, NOT DIVIDED",NO CONTROLS,NO CONTROLS,,NONE,NOT CODED,NOT CODED,NONE,NOT CODED,NOT CODED,14 MOTOR VEHICLE IN TRANSPORT,01 FRONT TO REAR,01 STRAIGHT AHEAD,OPERATED MV IN CARLESS OR NEGL,NO CONTRIBUTING ACTION,00 NOT CODED,00 NOT CODED,00 NOT CODED,00 NOT CODED,01 NO,0,0,0,0,2,0,2,2,N,N,N,N,N,N,N,N,N,N,N,N,N,N,N,N,N,N,N,N,N,N,N,N,N,N,26.110689,-80.17786732,582201.6034,2888201.605,C,U,ARBM15Q1R2,26-Feb-22,203755,-8925359.661,3012797.313
2.01284E+12,2012,836020400,12110558,CITY POLICE DEPARTMENT,04 FOURTH,BROWARD,27-Sep-12,1150,FRIDAY,8638 FT. LAUDERDALE,1038,Y,NE 15TH AVE,NE 2ND ST,0.011,N,0,0,26.124678,-80.128391,86560000,0.379,,,,,,N NORTH,,05 LOCAL,03 INTERSECTION-RELATED,88 UNKNOWN,03 T-INTERSECTION,02 UNPAVED,0,31-Dec-00,,,,0,,0,,0,,,RCI,0,,,2 POSSIBLE INJURY,33 Q/C VERIFIED AS OFF-SYSTEM,0 NO,03 INFLUENCED BY INTERSECTION,01 DAYLIGHT,02 CLOUDY,01 DRY,01 LEVEL,1 STRAIGHT,"TWO-WAY, NOT DIVIDED",,NO CONTROLS,NOT CODED,,NONE,NOT CODED,NOT CODED,NONE,NOT CODED,NOT CODED,33 UTILITY POLE/LIGHT SUPPORT,77 OTHER (SEE NARRATIVE),03 TURNING LEFT,OTHER CONTRIBUTING ACTION,NOT CODED,00 NOT CODED,00 NOT CODED,00 NOT CODED,00 NOT CODED,01 NO,1,0,0,0,1,0,1,1,N,N,N,Y,N,N,N,N,N,N,N,N,N,N,N,N,N,N,N,N,N,Y,Y,N,N,N,26.12467801,-80.12839065,587138.4202,2889783.119,C,U,ARBM15Q1R2,26-Feb-22,203883,-8919851.943,3014531.653
2.01291E+12,2012,913163170,12071931,CITY POLICE DEPARTMENT,04 FOURTH,BROWARD,23-Jun-12,104,SUNDAY,8638 FT. LAUDERDALE,1038,Y,S ANDREWS AVE,SW 14TH ST,0.047,S,0,0,26.103869,-80.142846,86033500,1.17,,,,,,S SOUTH,,05 LOCAL,01 NON-JUNCTION,01 ON ROADWAY,01 NOT AT INTERSECTION,03 CURB,0,31-Dec-00,,,,0,,0,,0,,,RCI,0,,,1 NO INJURY,33 Q/C VERIFIED AS OFF-SYSTEM,0 NO,04 DRIVEWAY ACCESS,04 DARK-LIGHTED,02 CLOUDY,01 DRY,01 LEVEL,1 STRAIGHT,"TWO-WAY, DIVIDED, POSITIVE MED","TWO-WAY, DIVIDED, POSITIVE MED",NO CONTROLS,NO CONTROLS,,NONE,NOT CODED,NOT CODED,NONE,NOT CODED,NOT CODED,14 MOTOR VEHICLE IN TRANSPORT,03 ANGLE,05 TURNING RIGHT,IMPROPER TURN,NOT CODED,00 NOT CODED,00 NOT CODED,00 NOT CODED,00 NOT CODED,01 NO,0,0,0,0,1,0,2,1,N,N,N,N,Y,N,N,N,N,N,N,N,N,N,N,N,N,N,N,N,N,N,N,N,N,N,26.10386874,-80.14284748,585708.221,2887468.826,L,U,ARBM15Q1R2,26-Feb-22,203887,-8921461.27,3011951.82
2.01291E+12,2012,914191980,1249862,CITY POLICE DEPARTMENT,04 FOURTH,BROWARD,30-Apr-12,805,TUESDAY,8638 FT. LAUDERDALE,1038,Y,SW 28TH AVE,SW 14TH ST,0.014,S,0,0,26.102988,-80.179175,86A17870,0.477,,,,,,N NORTH,,05 LOCAL,01 NON-JUNCTION,01 ON ROADWAY,01 NOT AT INTERSECTION,02 UNPAVED,0,31-Dec-00,,,,0,,0,,0,,,RCI,0,,,2 POSSIBLE INJURY,33 Q/C VERIFIED AS OFF-SYSTEM,0 NO,01 NOT AT INTERSECTION/RRX/BRIDGE,01 DAYLIGHT,02 CLOUDY,01 DRY,01 LEVEL,1 STRAIGHT,"TWO-WAY, NOT DIVIDED","TWO-WAY, NOT DIVIDED",NO CONTROLS,NO CONTROLS,,NONE,NOT CODED,NOT CODED,NONE,NOT CODED,NOT CODED,15 PARKED MOTOR VEHICLE,03 ANGLE,01 STRAIGHT AHEAD,RAN OFF ROADWAY,NOT CODED,00 NOT CODED,00 NOT CODED,00 NOT CODED,00 NOT CODED,01 NO,1,0,0,0,1,0,3,1,N,N,N,N,Y,N,N,N,N,N,N,N,N,N,N,N,N,N,N,N,N,N,N,N,N,N,26.10298799,-80.17917512,582076.2127,2887347.876,C,U,ARBM15Q1R2,26-Feb-22,204017,-8925505.246,3011842.64
2.01284E+12,2012,835829970,12108964,CITY POLICE DEPARTMENT,04 FOURTH,BROWARD,23-Sep-12,1437,MONDAY,8638 FT. LAUDERDALE,1038,Y,SR 838,BAYVIEW,0.019,W,0,0,26.1378138,-80.115117,86005000,0.44,319,SR 838,,R RIGHT,3 THRU LANE 3,E EAST,30 URBAN 6+LN 2WY DIVD RASD,05 LOCAL,01 NON-JUNCTION,01 ON ROADWAY,01 NOT AT INTERSECTION,01 PAVED,38,8-Jul-12,16 URBAN MINOR ART,32,PAVED,4,CURB&GUTTER,2,,0,30,45000,RCI,4.6,,35,2 POSSIBLE INJURY,31 Q/C COMPLETED - LOC VERIFIED,0 NO,03 INFLUENCED BY INTERSECTION,01 DAYLIGHT,01 CLEAR,01 DRY,01 LEVEL,1 STRAIGHT,"TWO-WAY, DIVIDED, POSITIVE MED","TWO-WAY, DIVIDED, POSITIVE MED",NO CONTROLS,NO CONTROLS,6,NONE,NOT CODED,NOT CODED,NONE,NOT CODED,NOT CODED,14 MOTOR VEHICLE IN TRANSPORT,88 UNKNOWN,01 STRAIGHT AHEAD,OTHER CONTRIBUTING ACTION,NO CONTRIBUTING ACTION,00 NOT CODED,00 NOT CODED,00 NOT CODED,00 NOT CODED,01 NO,3,0,0,0,2,0,2,3,N,N,N,Y,N,N,N,N,N,N,N,N,N,N,N,N,N,N,N,N,N,N,N,N,N,N,26.13779113,-80.11528686,588438.6473,2891244.291,R,,ARBM15Q1R2,26-Feb-22,212843,-8918393.234,3016157.591
2.01284E+12,2012,836021530,12114142,CITY POLICE DEPARTMENT,04 FOURTH,BROWARD,6-Oct-12,1710,SUNDAY,8638 FT. LAUDERDALE,1038,Y,SR 838,SR A1A,0.019,W,0,0,26.1380441,-80.1032308,86005000,1.172,2525,SR 838,,L LEFT,S SIDE OF ROAD,U UNNWN,20 URBAN 4-5LN 2WY DIVD RASD,03 STATE,01 NON-JUNCTION,01 ON ROADWAY,01 NOT AT INTERSECTION,01 PAVED,34,4-Oct-82,16 URBAN MINOR ART,21,CURB&GUTTER,2,,0,,0,22,23500,RCI,8.1,,35,1 NO INJURY,31 Q/C COMPLETED - LOC VERIFIED,0 NO,01 NOT AT INTERSECTION/RRX/BRIDGE,02 DUSK,02 CLOUDY,02 WET,02 HILLCREST,1 STRAIGHT,"TWO-WAY, DIVIDED, POSITIVE MED",,NO CONTROLS,NOT CODED,4,NONE,NOT CODED,NOT CODED,NONE,NOT CODED,NOT CODED,33 UTILITY POLE/LIGHT SUPPORT,77 OTHER (SEE NARRATIVE),01 STRAIGHT AHEAD,NO CONTRIBUTING ACTION,NOT CODED,00 NOT CODED,00 NOT CODED,00 NOT CODED,00 NOT CODED,01 NO,0,0,0,0,1,0,1,1,N,N,N,N,Y,N,N,N,N,N,N,N,N,N,N,N,N,N,N,N,N,N,N,N,N,N,26.13817522,-80.1032294,589643.7147,2891295.086,L,,ARBM15Q1R2,26-Feb-22,212844,-8917051.004,3016205.218
2.01291E+12,2012,914194370,12064353,CITY POLICE DEPARTMENT,04 FOURTH,BROWARD,4-Jun-12,1322,TUESDAY,8638 FT. LAUDERDALE,1038,Y,BAYVIEW DR,SUNRISE BLVD,0.019,S,0,0,26.1378213,-80.1148085,86005000,0.459,319,SR 838,,S SIDE RD RIGHT,L LEFT TURN,W WEST,30 URBAN 6+LN 2WY DIVD RASD,05 LOCAL,04 DRIVEWAY/ALLEY ACCESS RELATED,01 ON ROADWAY,"07 FIVE-POINT, OR MORE",03 CURB,38,8-Jul-12,16 URBAN MINOR ART,32,PAVED,4,CURB&GUTTER,2,,0,30,25000,RCI,4.2,,35,1 NO INJURY,31 Q/C COMPLETED - LOC VERIFIED,0 NO,04 DRIVEWAY ACCESS,01 DAYLIGHT,02 CLOUDY,01 DRY,01 LEVEL,1 STRAIGHT,"TWO-WAY, NOT DIVIDED","TWO-WAY, DIVIDED, POSITIVE MED",STOP SIGN,NO CONTROLS,6,NONE,NOT CODED,NOT CODED,NONE,NOT CODED,NOT CODED,14 MOTOR VEHICLE IN TRANSPORT,01 FRONT TO REAR,05 TURNING RIGHT,RAN STOP SIGN,NO CONTRIBUTING ACTION,00 NOT CODED,00 NOT CODED,00 NOT CODED,00 NOT CODED,01 NO,0,0,0,0,2,0,2,2,N,N,N,N,N,N,N,N,N,N,N,N,N,N,N,N,N,N,N,N,N,N,N,N,N,N,26.13780052,-80.11497384,588469.9317,2891245.544,R,,ARBM15Q1R2,26-Feb-22,212845,-8918358.39,3016158.756
2.01291E+12,2012,914164560,1277102,CITY POLICE DEPARTMENT,04 FOURTH,BROWARD,5-Jul-12,1720,FRIDAY,8638 FT. LAUDERDALE,1038,Y,SR 838,INTERCOASTAL,0.009,E,0,0,26.137971,-80.1075989,86005000,0.903,4939,SR 838,,R RIGHT,2 THRU LANE 2,E EAST,30 URBAN 6+LN 2WY DIVD RASD,03 STATE,01 NON-JUNCTION,01 ON ROADWAY,01 NOT AT INTERSECTION,01 PAVED,43,8-Jul-12,16 URBAN MINOR ART,32,PAVED,4,CURB&GUTTER,2,,0,27,23500,RCI,8.1,,35,1 NO INJURY,31 Q/C COMPLETED - LOC VERIFIED,0 NO,01 NOT AT INTERSECTION/RRX/BRIDGE,01 DAYLIGHT,01 CLEAR,01 DRY,04 DOWNHILL,1 STRAIGHT,"TWO-WAY, DIVIDED, POSITIVE MED","TWO-WAY, DIVIDED, POSITIVE MED",NO CONTROLS,NO CONTROLS,6,NONE,NOT CODED,NOT CODED,NONE,NOT CODED,NOT CODED,14 MOTOR VEHICLE IN TRANSPORT,01 FRONT TO REAR,88 UNKNOWN,OTHER CONTRIBUTING ACTION,NO CONTRIBUTING ACTION,00 NOT CODED,00 NOT CODED,00 NOT CODED,00 NOT CODED,01 NO,0,0,0,0,3,0,3,3,N,N,N,N,N,N,N,N,N,N,N,N,N,N,N,N,N,N,N,N,N,N,N,N,N,N,26.13794344,-80.10766766,589200.208,2891266.363,R,,ARBM15Q1R2,26-Feb-22,212846,-8917545.069,3016176.477
2.01291E+12,2012,913813320,127070,CITY POLICE DEPARTMENT,04 FOURTH,BROWARD,18-Jan-12,1315,THURSDAY,8638 FT. LAUDERDALE,1038,Y,SUNRISE BLVD,26TH AVE NE,0.002,W,0,0,26.1379064,-80.1107972,86005000,0.706,2778,SR 838,,L LEFT,3 THRU LANE 3,W WEST,30 URBAN 6+LN 2WY DIVD RASD,03 STATE,01 NON-JUNCTION,01 ON ROADWAY,02 FOUR-WAY INTERSECTION,03 CURB,38,8-Jul-12,16 URBAN MINOR ART,32,PAVED,4,CURB&GUTTER,2,,0,27,23500,RCI,8.1,,35,2 POSSIBLE INJURY,31 Q/C COMPLETED - LOC VERIFIED,0 NO,02 AT INTERSECTION,01 DAYLIGHT,01 CLEAR,01 DRY,01 LEVEL,1 STRAIGHT,"TWO-WAY, DIVIDED, POSITIVE MED","TWO-WAY, DIVIDED, POSITIVE MED",NO CONTROLS,NO CONTROLS,6,NONE,NOT CODED,NOT CODED,ALL OTHER (SEE NARRTIVE),NOT CODED,NOT CODED,14 MOTOR VEHICLE IN TRANSPORT,01 FRONT TO REAR,01 STRAIGHT AHEAD,FOLLOWED TOO CLOSELY,NO CONTRIBUTING ACTION,00 NOT CODED,00 NOT CODED,00 NOT CODED,00 NOT CODED,01 NO,1,0,0,0,2,0,2,3,N,N,Y,Y,N,N,N,N,N,N,N,N,N,N,N,N,N,N,N,N,N,N,N,N,N,N,26.13806532,-80.11087077,588879.9068,2891277.668,L,,ARBM15Q1R2,26-Feb-22,212847,-8917901.638,3016191.59
2.01291E+12,2012,913813340,12008281,CITY POLICE DEPARTMENT,04 FOURTH,BROWARD,21-Jan-12,1943,SUNDAY,8638 FT. LAUDERDALE,1038,Y,SR 838,BIRCH RD,0,,0,0,26.1380271,-80.1053911,86005000,1.039,322,SR 838,,R RIGHT,3 THRU LANE 3,E EAST,30 URBAN 6+LN 2WY DIVD RASD,03 STATE,01 NON-JUNCTION,01 ON ROADWAY,02 FOUR-WAY INTERSECTION,03 CURB,43,8-Jul-12,16 URBAN MINOR ART,35,PAVED,2,CURB&GUTTER,2,,0,27,23500,RCI,8.1,,35,3 NO-INCAPACITATING INJURY,31 Q/C COMPLETED - LOC VERIFIED,0 NO,02 AT INTERSECTION,04 DARK-LIGHTED,01 CLEAR,01 DRY,04 DOWNHILL,1 STRAIGHT,"TWO-WAY, DIVIDED, POSITIVE MED","TWO-WAY, NOT DIVIDED",TRAFFIC CONTROL SIGNAL,TRAFFIC CONTROL SIGNAL,6,NONE,NOT CODED,NOT CODED,NONE,NOT CODED,NOT CODED,14 MOTOR VEHICLE IN TRANSPORT,03 ANGLE,01 STRAIGHT AHEAD,RAN RED LIGHT,NO CONTRIBUTING ACTION,00 NOT CODED,00 NOT CODED,00 NOT CODED,00 NOT CODED,01 NO,2,0,0,0,2,0,2,5,N,N,N,Y,N,N,N,N,N,N,N,N,N,N,N,N,N,N,N,N,N,N,N,N,N,N,26.1380045,-80.10543037,589423.8185,2891274.662,R,,ARBM15Q1R2,26-Feb-22,212848,-8917296.015,3016184.049
2.01291E+12,2012,914164150,12077561,CITY POLICE DEPARTMENT,04 FOURTH,BROWARD,6-Jul-12,2303,SATURDAY,8638 FT. LAUDERDALE,1038,Y,SUNRISE BLVD,BAYVIEW DR,0.001,E,0,0,26.1378217,-80.1147922,86005000,0.46,319,SR 838,,L LEFT,R RIGHT TURN,W WEST,30 URBAN 6+LN 2WY DIVD RASD,03 STATE,01 NON-JUNCTION,01 ON ROADWAY,02 FOUR-WAY INTERSECTION,03 CURB,38,8-Jul-12,16 URBAN MINOR ART,32,PAVED,4,CURB&GUTTER,2,,0,30,25000,RCI,4.2,,35,2 POSSIBLE INJURY,31 Q/C COMPLETED - LOC VERIFIED,0 NO,02 AT INTERSECTION,04 DARK-LIGHTED,01 CLEAR,01 DRY,01 LEVEL,1 STRAIGHT,"TWO-WAY, DIVIDED, UNPROTECTED",UNKNOWN,TRAFFIC CONTROL SIGNAL,TRAFFIC CONTROL SIGNAL,6,NONE,NOT CODED,NOT CODED,NONE,NOT CODED,NOT CODED,14 MOTOR VEHICLE IN TRANSPORT,01 FRONT TO REAR,05 TURNING RIGHT,FOLLOWED TOO CLOSELY,NO CONTRIBUTING ACTION,00 NOT CODED,00 NOT CODED,00 NOT CODED,00 NOT CODED,01 NO,1,0,0,0,2,0,2,2,N,N,N,Y,N,N,N,N,N,N,N,N,N,N,N,Y,N,N,N,N,N,N,N,N,N,N,26.13795279,-80.11490278,588476.9204,2891262.456,L,,ARBM15Q1R2,26-Feb-22,212849,-8918350.48,3016177.636
2.01284E+12,2012,836024840,12120494,CITY POLICE DEPARTMENT,04 FOURTH,BROWARD,22-Oct-12,615,TUESDAY,8638 FT. LAUDERDALE,1038,Y,SR 838,BAYVIEW DR,0,,0,0,26.1378213,-80.1148085,86005000,0.459,319,SR 838,,R RIGHT,S SIDE OF ROAD,E EAST,30 URBAN 6+LN 2WY DIVD RASD,77 ALL OTHER,01 NON-JUNCTION,03 SHOULDER,01 NOT AT INTERSECTION,03 CURB,38,8-Jul-12,16 URBAN MINOR ART,32,PAVED,4,CURB&GUTTER,2,,0,30,25000,RCI,4.2,,35,1 NO INJURY,31 Q/C COMPLETED - LOC VERIFIED,1 ALC,01 NOT AT INTERSECTION/RRX/BRIDGE,01 DAYLIGHT,01 CLEAR,01 DRY,01 LEVEL,1 STRAIGHT,"TWO-WAY, DIVIDED, POSITIVE MED",,TRAFFIC CONTROL SIGNAL,NOT CODED,6,NONE,NOT CODED,NOT CODED,NONE,NOT CODED,NOT CODED,"36 OTHER POST, POLE, OR SUPPORT",77 OTHER (SEE NARRATIVE),03 TURNING LEFT,OTHER CONTRIBUTING ACTION,NOT CODED,00 NOT CODED,00 NOT CODED,00 NOT CODED,00 NOT CODED,01 NO,0,0,0,0,1,0,1,2,N,N,N,N,Y,N,N,N,N,N,N,N,N,N,N,N,N,N,N,N,N,N,N,N,N,N,26.13780052,-80.11497384,588469.9317,2891245.544,R,,ARBM15Q1R2,26-Feb-22,212850,-8918358.39,3016158.756
2.01284E+12,2012,836028570,12125221,CITY POLICE DEPARTMENT,04 FOURTH,BROWARD,2-Nov-12,2120,SATURDAY,8638 FT. LAUDERDALE,1038,Y,BIRCH RD,SUNRISE BLVD,0,,0,0,26.1380271,-80.1053911,86005000,1.039,322,SR 838,,M MEDIAN,T CONTIN. TURN,S SOUTH,30 URBAN 6+LN 2WY DIVD RASD,03 STATE,02 INTERSECTION,01 ON ROADWAY,02 FOUR-WAY INTERSECTION,03 CURB,43,8-Jul-12,16 URBAN MINOR ART,35,PAVED,2,CURB&GUTTER,2,,0,27,23500,RCI,8.1,,35,1 NO INJURY,31 Q/C COMPLETED - LOC VERIFIED,0 NO,02 AT INTERSECTION,04 DARK-LIGHTED,01 CLEAR,01 DRY,01 LEVEL,1 STRAIGHT,"TWO-WAY, NOT DIV, W/CONT LTURN","TWO-WAY, NOT DIVIDED",TRAFFIC CONTROL SIGNAL,TRAFFIC CONTROL SIGNAL,6,NONE,NOT CODED,NOT CODED,UNKNOWN,NOT CODED,NOT CODED,14 MOTOR VEHICLE IN TRANSPORT,03 ANGLE,01 STRAIGHT AHEAD,OTHER CONTRIBUTING ACTION,NO CONTRIBUTING ACTION,00 NOT CODED,00 NOT CODED,00 NOT CODED,00 NOT CODED,01 NO,0,0,0,0,2,0,2,2,N,N,N,Y,N,N,N,N,N,N,N,N,N,N,N,N,N,N,N,N,Y,N,N,N,N,N,26.1380045,-80.10543037,589423.8185,2891274.662,R,,ARBM15Q1R2,26-Feb-22,212851,-8917296.015,3016184.049
2.01291E+12,2012,913842880,124762,CITY POLICE DEPARTMENT,04 FOURTH,BROWARD,12-Jan-12,618,FRIDAY,8638 FT. LAUDERDALE,1038,Y,SR 842,31ST AVE SW,0,,0,0,26.1212598,-80.1862119,86006000,4.12,447,SR 842,,R RIGHT,3 THRU LANE 3,E EAST,30 URBAN 6+LN 2WY DIVD RASD,03 STATE,01 NON-JUNCTION,01 ON ROADWAY,02 FOUR-WAY INTERSECTION,03 CURB,40,21-Oct-09,14 URBAN PRIN ART OTHER,32,CURB&GUTTER,2,,0,,0,17,42500,RCI,2.7,,40,2 POSSIBLE INJURY,31 Q/C COMPLETED - LOC VERIFIED,0 NO,02 AT INTERSECTION,03 DAWN,03 RAIN,02 WET,01 LEVEL,1 STRAIGHT,"TWO-WAY, DIVIDED, POSITIVE MED","TWO-WAY, DIVIDED, UNPROTECTED",TRAFFIC CONTROL SIGNAL,TRAFFIC CONTROL SIGNAL,6,"TRAF DEV INOPER, MISSING, OBSC",NOT CODED,NOT CODED,WEATHER CONDITIONS,NOT CODED,NOT CODED,14 MOTOR VEHICLE IN TRANSPORT,77 OTHER (SEE NARRATIVE),01 STRAIGHT AHEAD,RAN RED LIGHT,NO CONTRIBUTING ACTION,00 NOT CODED,00 NOT CODED,00 NOT CODED,00 NOT CODED,01 NO,1,0,0,0,2,0,2,4,N,N,Y,Y,N,N,N,N,N,N,N,N,N,N,N,N,N,N,N,N,N,Y,N,Y,N,N,26.1212445,-80.18621116,581359.9929,2889365.409,R,,ARBM15Q1R2,26-Feb-22,212852,-8926288.494,3014105.951
2.01284E+12,2012,838720270,12146690,CITY POLICE DEPARTMENT,04 FOURTH,BROWARD,28-Dec-12,1541,SATURDAY,8638 FT. LAUDERDALE,1038,Y,SR 842,I 95,0,,0,0,26.1216188,-80.1694455,86006000,5.163,4930,SR 842,,L LEFT,L LEFT TURN,W WEST,30 URBAN 6+LN 2WY DIVD RASD,03 STATE,01 NON-JUNCTION,01 ON ROADWAY,77 OTHER (SEE NARRATIVE),03 CURB,39,21-Oct-09,14 URBAN PRIN ART OTHER,34,RAISED CURB,0,,0,,0,29,48500,RCI,3.4,,40,1 NO INJURY,31 Q/C COMPLETED - LOC VERIFIED,0 NO,02 AT INTERSECTION,01 DAYLIGHT,01 CLEAR,01 DRY,01 LEVEL,1 STRAIGHT,"TWO-WAY, DIVIDED, POSITIVE MED","TWO-WAY, DIVIDED, POSITIVE MED",TRAFFIC CONTROL SIGNAL,TRAFFIC CONTROL SIGNAL,6,NONE,NOT CODED,NOT CODED,NONE,NOT CODED,NOT CODED,14 MOTOR VEHICLE IN TRANSPORT,01 FRONT TO REAR,01 STRAIGHT AHEAD,OTHER CONTRIBUTING ACTION,NO CONTRIBUTING ACTION,00 NOT CODED,00 NOT CODED,00 NOT CODED,00 NOT CODED,01 NO,0,0,0,0,2,0,2,3,N,N,N,Y,N,N,N,N,N,N,N,N,N,N,N,N,N,N,N,N,N,N,N,N,N,N,26.12178456,-80.16942665,583037.7442,2889435.825,L,,ARBM15Q1R2,26-Feb-22,212853,-8924420.051,3014172.91
2.01291E+12,2012,914181770,1270877,CITY POLICE DEPARTMENT,04 FOURTH,BROWARD,20-Jun-12,1122,THURSDAY,8638 FT. LAUDERDALE,1038,Y,SR 842,1ST AVE SE,0,,0,0,26.1222738,-80.1425467,86006000,6.837,480,SR 842,,R RIGHT,2 THRU LANE 2,N NORTH,30 URBAN 6+LN 2WY DIVD RASD,03 STATE,01 NON-JUNCTION,01 ON ROADWAY,03 T-INTERSECTION,03 CURB,34,21-Oct-09,14 URBAN PRIN ART OTHER,33,PAVED,3,CURB&GUTTER,2,,0,16,33500,RCI,8.2,,35,2 POSSIBLE INJURY,31 Q/C COMPLETED - LOC VERIFIED,0 NO,02 AT INTERSECTION,01 DAYLIGHT,01 CLEAR,01 DRY,01 LEVEL,1 STRAIGHT,"TWO-WAY, DIVIDED, POSITIVE MED","TWO-WAY, DIVIDED, POSITIVE MED",STOP SIGN,NO CONTROLS,6,NONE,NOT CODED,NOT CODED,NONE,NOT CODED,NOT CODED,14 MOTOR VEHICLE IN TRANSPORT,03 ANGLE,05 TURNING RIGHT,FAILED TO YIELD RIGHT-OF-WAY,NO CONTRIBUTING ACTION,00 NOT CODED,00 NOT CODED,00 NOT CODED,00 NOT CODED,01 NO,2,0,0,0,2,0,2,3,N,N,N,Y,N,N,N,N,N,N,N,N,N,N,N,N,N,N,N,N,N,N,N,N,N,N,26.12225461,-80.14249695,585729.8581,2889505.349,R,,ARBM15Q1R2,26-Feb-22,212854,-8921422.249,3014231.188