Crash Id,Calendar Year,FDOT Crash Number,Reporting Agency Case Number,Reporting Agency Type,FDOT Managing District,County Name,Crash Date,Crash Time,Day,DHSMV City,Crash Report City Code,In Town,On Roadway Name,Int Roadway Name,Reference Distance (Miles),Reference Direction,Officer Latitude,Officer Longitude,FDOT Latitude,FDOT Longitude,FDOT Roadway,Nearest Inventory MP,Nearest Node From Crash,State Road #,US Highway,Crash Side of Road,Accident Lane Number,Travel Direction Vehicle 1,FDOT Road Category,DHSMV Road System Id,Relation to Junction,Crash Harmful Event Location,Intersection Type,Shoulder Type,FDOT Roadway SKID Test Result,FDOT Roadway SKID Test Date,Functional Class,RCI Surface Width,RCI Shoulder Type First,RCI Shoulder Width First,RCI Shoulder Type Second,RCI Shoulder Width Second,RCI Shoulder Type Third,RCI Shoulder Width Third,RCI Median Width,Avg Daily Traffic,AADT Source,RCI Avg Per Truck Traffic,RCI Horiz Curve Condition,Posted Speed Limit,Highest Injury in Crash,CAR Status Code,Alcohols/Drug Involved,Site Location,Lighting,Weather,Road Surface,Roadway Grade,Roadway Alignment,Traffic Way Vehicle 1,Traffic Way Vehicle 2,Traffic Control Vehicle 1,Traffic Control Vehicle 2,Count of Lanes,Road Condition 1,Road Condition 2,Road Condition 3,Environment Condition 1,Environment Condition 2,Environment Condition 3,Crash Harmful Event,Manner of Collision,Vehicle Movement,Driver Action Vehicle 1,Driver Action Vehicle 2,Location Within Workzone,Type of Workzone,Workers Present in Workzone,Law Enforcement Present in Workzone,School Bus Related,Count of Nonfatal Injuries,Count of Traffic Fatalities,Count of Serious Injuries,Count of Pedestrians,Count of Drivers,Count of Bicyclists,Count of Vehicles,Count of Persons,Wrong Way,Workzone Inv,Commercial Vehicle Inv,Intersection Inv,Lane Departure,Speeding,Agressive Driving,Impaired Driver,Impaired Pedestrian,Impaired Bicyclist,Distracted Driver,Speeding or Aggressive Driving,Pedestrian Related,Bicyclist Related,Pedestrian or Bicyclist Related,Motorcycle Inv,No Belt,No Belt - Ages 1-4,No Belt - Ages 5-12,No Belt - Ages 13-17,Driver - Ages Teen,Driver - Ages 65 plus,Driver - Ages 65-69,Driver - Ages 70-74,Driver - Ages 75-79,Driver - Ages 80 plus,ARBM Latitude,ARBM Longitude,UTM Zone 17N X,UTM Zone 17N Y,ARBM Side of Road,Urban Rural Indicator,GIS Street Source,Extract Date,OBJECTID,x,y
2.01284E+12,2012,836393270,12135404,CITY POLICE DEPARTMENT,04 FOURTH,BROWARD,29-Nov-12,1808,FRIDAY,8638 FT. LAUDERDALE,1038,Y,SR 842,5TH AVE NW,0.002,W,0,0,26.1221717,-80.1487002,86006000,6.454,472,SR 842,,L LEFT,2 THRU LANE 2,W WEST,30 URBAN 6+LN 2WY DIVD RASD,03 STATE,01 NON-JUNCTION,01 ON ROADWAY,01 NOT AT INTERSECTION,03 CURB,34,21-Oct-09,14 URBAN PRIN ART OTHER,33,PAVED,2,CURB&GUTTER,2,,0,16,49000,RCI,10.5,,35,2 POSSIBLE INJURY,31 Q/C COMPLETED - LOC VERIFIED,0 NO,02 AT INTERSECTION,04 DARK-LIGHTED,02 CLOUDY,01 DRY,01 LEVEL,1 STRAIGHT,"TWO-WAY, DIVIDED, POSITIVE MED","TWO-WAY, DIVIDED, POSITIVE MED",NO CONTROLS,NO CONTROLS,6,NONE,NOT CODED,NOT CODED,NONE,NOT CODED,NOT CODED,14 MOTOR VEHICLE IN TRANSPORT,01 FRONT TO REAR,01 STRAIGHT AHEAD,OTHER CONTRIBUTING ACTION,NO CONTRIBUTING ACTION,00 NOT CODED,00 NOT CODED,00 NOT CODED,00 NOT CODED,01 NO,1,0,0,0,2,0,2,2,N,N,N,Y,N,N,N,N,N,N,Y,N,N,N,N,N,N,N,N,N,N,N,N,N,N,N,26.1223021,-80.14864727,585114.9099,2889506.571,L,,ARBM15Q1R2,26-Feb-22,212855,-8922106.9,3014237.077
2.01291E+12,2012,914163700,1275681,CITY POLICE DEPARTMENT,04 FOURTH,BROWARD,2-Jul-12,1241,TUESDAY,8638 FT. LAUDERDALE,1038,Y,BROWARD BLVD,SR 9,0.009,E,0,0,26.1216203,-80.1693006,86006000,5.172,2001,SR 842,,L LEFT,3 THRU LANE 3,W WEST,30 URBAN 6+LN 2WY DIVD RASD,03 STATE,01 NON-JUNCTION,01 ON ROADWAY,01 NOT AT INTERSECTION,01 PAVED,39,21-Oct-09,14 URBAN PRIN ART OTHER,34,RAISED CURB,0,,0,,0,29,48500,RCI,3.4,,40,2 POSSIBLE INJURY,31 Q/C COMPLETED - LOC VERIFIED,0 NO,02 AT INTERSECTION,01 DAYLIGHT,01 CLEAR,01 DRY,01 LEVEL,1 STRAIGHT,"TWO-WAY, DIVIDED, POSITIVE MED","TWO-WAY, DIVIDED, POSITIVE MED",NO CONTROLS,NO CONTROLS,6,NONE,NOT CODED,NOT CODED,NONE,NOT CODED,NOT CODED,14 MOTOR VEHICLE IN TRANSPORT,01 FRONT TO REAR,01 STRAIGHT AHEAD,OPERATED MV IN CARLESS OR NEGL,NO CONTRIBUTING ACTION,00 NOT CODED,00 NOT CODED,00 NOT CODED,00 NOT CODED,01 NO,1,0,0,0,2,0,2,2,N,N,N,Y,N,N,N,N,N,N,N,N,N,N,N,N,N,N,N,N,N,N,N,N,N,N,26.12178522,-80.16928057,583052.3493,2889435.992,L,,ARBM15Q1R2,26-Feb-22,212856,-8924403.789,3014172.992
2.01291E+12,2012,914183130,12037363,CITY POLICE DEPARTMENT,04 FOURTH,BROWARD,30-Mar-12,2131,SATURDAY,8638 FT. LAUDERDALE,1038,Y,BROWARD BLVD,7TH AVE NW,0,,0,0,26.1221233,-80.1505964,86006000,6.336,470,SR 842,,I INTERSECTION,M MIDDLE,W WEST,30 URBAN 6+LN 2WY DIVD RASD,05 LOCAL,01 NON-JUNCTION,01 ON ROADWAY,02 FOUR-WAY INTERSECTION,01 PAVED,35,21-Oct-09,14 URBAN PRIN ART OTHER,33,PAVED,2,CURB&GUTTER,2,,0,16,56500,RCI,4,,35,3 NO-INCAPACITATING INJURY,31 Q/C COMPLETED - LOC VERIFIED,1 ALC,02 AT INTERSECTION,04 DARK-LIGHTED,01 CLEAR,01 DRY,01 LEVEL,1 STRAIGHT,"TWO-WAY, DIVIDED, UNPROTECTED","TWO-WAY, DIVIDED, POSITIVE MED",TRAFFIC CONTROL SIGNAL,TRAFFIC CONTROL SIGNAL,6,NONE,NOT CODED,NOT CODED,NONE,NOT CODED,NOT CODED,14 MOTOR VEHICLE IN TRANSPORT,03 ANGLE,03 TURNING LEFT,FAILED TO YIELD RIGHT-OF-WAY,NO CONTRIBUTING ACTION,00 NOT CODED,00 NOT CODED,00 NOT CODED,00 NOT CODED,01 NO,1,0,0,0,2,0,2,2,N,N,N,Y,N,N,N,N,N,N,N,N,N,N,N,N,N,N,N,N,N,N,N,N,N,N,26.12210255,-80.15055676,584924.1422,2889483.223,R,,ARBM15Q1R2,26-Feb-22,212857,-8922319.464,3014212.336
2.01284E+12,2012,835823930,FLPD1299614,CITY POLICE DEPARTMENT,04 FOURTH,BROWARD,31-Aug-12,546,SATURDAY,8638 FT. LAUDERDALE,1038,Y,31ST AVE NW,SR 870,0.019,N,0,0,26.1862845,-80.1874561,86014000,4.228,2155,SR 870,,T SIDE RD LEFT,S SIDE OF ROAD,N NORTH,30 URBAN 6+LN 2WY DIVD RASD,05 LOCAL,01 NON-JUNCTION,02 OFF ROADWAY,01 NOT AT INTERSECTION,03 CURB,33,7-Jun-11,14 URBAN PRIN ART OTHER,33,PAVED,4,CURB&GUTTER,2,,0,27,54000,RCI,4,,45,2 POSSIBLE INJURY,31 Q/C COMPLETED - LOC VERIFIED,0 NO,01 NOT AT INTERSECTION/RRX/BRIDGE,04 DARK-LIGHTED,01 CLEAR,01 DRY,01 LEVEL,1 STRAIGHT,"TWO-WAY, DIVIDED, POSITIVE MED",,NO CONTROLS,NOT CODED,6,NONE,NOT CODED,NOT CODED,NONE,NOT CODED,NOT CODED,33 UTILITY POLE/LIGHT SUPPORT,77 OTHER (SEE NARRATIVE),77 OTHER (SEE NARRATIVE),RAN OFF ROADWAY,NOT CODED,00 NOT CODED,00 NOT CODED,00 NOT CODED,00 NOT CODED,01 NO,1,0,0,0,1,0,1,1,N,N,N,N,Y,N,N,N,N,N,N,N,N,N,N,N,N,N,N,N,N,N,N,N,N,N,26.18644521,-80.18749785,581186.2084,2896585.773,L,,ARBM15Q1R2,26-Feb-22,212910,-8926431.728,3022191.96
2.01284E+12,2012,836393020,12127267,CITY POLICE DEPARTMENT,04 FOURTH,BROWARD,8-Nov-12,326,FRIDAY,8638 FT. LAUDERDALE,1038,Y,2ND AVE SW,SR 842,0.003,S,0,0,26.1221704,-80.1458393,86006000,6.632,475,SR 842,,S SIDE RD RIGHT,2 THRU LANE 2,E EAST,30 URBAN 6+LN 2WY DIVD RASD,02 U.S.,01 NON-JUNCTION,01 ON ROADWAY,02 FOUR-WAY INTERSECTION,03 CURB,34,21-Oct-09,14 URBAN PRIN ART OTHER,35,PAVED,3,CURB&GUTTER,2,,0,16,49000,RCI,10.5,,35,1 NO INJURY,31 Q/C COMPLETED - LOC VERIFIED,1 ALC,02 AT INTERSECTION,04 DARK-LIGHTED,01 CLEAR,01 DRY,01 LEVEL,1 STRAIGHT,"TWO-WAY, DIVIDED, POSITIVE MED","TWO-WAY, DIVIDED, POSITIVE MED",TRAFFIC CONTROL SIGNAL,TRAFFIC CONTROL SIGNAL,6,NONE,NOT CODED,NOT CODED,NONE,NOT CODED,NOT CODED,14 MOTOR VEHICLE IN TRANSPORT,01 FRONT TO REAR,05 TURNING RIGHT,FAILED TO KEEP IN PROPER LANE,NO CONTRIBUTING ACTION,00 NOT CODED,00 NOT CODED,00 NOT CODED,00 NOT CODED,01 NO,0,0,0,0,2,0,2,2,N,N,N,Y,N,N,N,N,N,N,N,N,N,N,N,N,N,N,N,N,N,N,N,N,N,N,26.12214951,-80.14579447,585400.2463,2889491.54,R,,ARBM15Q1R2,26-Feb-22,212926,-8921789.327,3014218.158
2.01284E+12,2012,836395880,12140426,CITY POLICE DEPARTMENT,04 FOURTH,BROWARD,12-Dec-12,1230,THURSDAY,8638 FT. LAUDERDALE,1038,Y,SR 842,12TH AVE SW,0.011,W,0,0,26.1219368,-80.1578459,86006000,5.885,465,SR 842,,R RIGHT,1 THRU LANE 1,E EAST,30 URBAN 6+LN 2WY DIVD RASD,03 STATE,01 NON-JUNCTION,01 ON ROADWAY,01 NOT AT INTERSECTION,03 CURB,35,21-Oct-09,14 URBAN PRIN ART OTHER,32,PAVED,4,CURB&GUTTER,2,,0,16,78000,RCI,5.4,,40,1 NO INJURY,31 Q/C COMPLETED - LOC VERIFIED,0 NO,03 INFLUENCED BY INTERSECTION,01 DAYLIGHT,01 CLEAR,01 DRY,01 LEVEL,1 STRAIGHT,"TWO-WAY, DIVIDED, POSITIVE MED","TWO-WAY, DIVIDED, POSITIVE MED",NO CONTROLS,NO CONTROLS,6,NONE,NOT CODED,NOT CODED,NONE,NOT CODED,NOT CODED,14 MOTOR VEHICLE IN TRANSPORT,01 FRONT TO REAR,01 STRAIGHT AHEAD,OTHER CONTRIBUTING ACTION,NO CONTRIBUTING ACTION,00 NOT CODED,00 NOT CODED,00 NOT CODED,00 NOT CODED,01 NO,0,0,0,0,2,0,2,2,N,N,N,Y,N,N,N,N,N,N,N,N,N,N,N,N,N,N,N,N,N,N,N,N,N,N,26.12192288,-80.15781459,584198.6285,2889458.607,R,,ARBM15Q1R2,26-Feb-22,212927,-8923127.401,3014190.06
2.01284E+12,2012,836393110,12135316,CITY POLICE DEPARTMENT,04 FOURTH,BROWARD,29-Nov-12,1451,FRIDAY,8638 FT. LAUDERDALE,1038,Y,FEDERAL HWY,DAVIE BLVD,0.028,N,0,0,26.1080717,-80.1369187,86010000,9.34,6349,SR 5,US 1,L LEFT,3 THRU LANE 3,S SOUTH,30 URBAN 6+LN 2WY DIVD RASD,02 U.S.,01 NON-JUNCTION,01 ON ROADWAY,01 NOT AT INTERSECTION,03 CURB,45,25-May-10,14 URBAN PRIN ART OTHER,32,CURB&GUTTER,2,,0,,0,18,44500,RCI,3.2,,40,1 NO INJURY,31 Q/C COMPLETED - LOC VERIFIED,0 NO,03 INFLUENCED BY INTERSECTION,01 DAYLIGHT,02 CLOUDY,01 DRY,01 LEVEL,1 STRAIGHT,"TWO-WAY, DIVIDED, POSITIVE MED","TWO-WAY, DIVIDED, POSITIVE MED",TRAFFIC CONTROL SIGNAL,TRAFFIC CONTROL SIGNAL,6,NONE,NOT CODED,NOT CODED,NONE,NOT CODED,NOT CODED,14 MOTOR VEHICLE IN TRANSPORT,01 FRONT TO REAR,01 STRAIGHT AHEAD,FOLLOWED TOO CLOSELY,NO CONTRIBUTING ACTION,00 NOT CODED,00 NOT CODED,00 NOT CODED,00 NOT CODED,01 NO,0,0,0,0,2,0,2,3,N,N,N,Y,N,N,N,N,N,N,N,N,N,N,N,N,N,N,N,N,N,N,N,N,N,N,26.10808977,-80.13704733,586285.1171,2887940.15,L,,ARBM15Q1R2,26-Feb-22,212928,-8920815.6,3012475.086
2.01291E+12,2012,913842460,12004511,CITY POLICE DEPARTMENT,04 FOURTH,BROWARD,11-Jan-12,1459,THURSDAY,8638 FT. LAUDERDALE,1038,Y,US 1,17TH ST SE,0,,0,0,26.1002832,-80.1367111,86010000,8.803,690,SR 5,US 1,L LEFT,3 THRU LANE 3,S SOUTH,30 URBAN 6+LN 2WY DIVD RASD,02 U.S.,01 NON-JUNCTION,01 ON ROADWAY,02 FOUR-WAY INTERSECTION,03 CURB,37,24-Jul-12,14 URBAN PRIN ART OTHER,32,CURB&GUTTER,2,,0,,0,18,70000,RCI,4.2,,40,3 NO-INCAPACITATING INJURY,31 Q/C COMPLETED - LOC VERIFIED,0 NO,02 AT INTERSECTION,01 DAYLIGHT,01 CLEAR,01 DRY,01 LEVEL,1 STRAIGHT,"TWO-WAY, DIVIDED, POSITIVE MED","TWO-WAY, NOT DIVIDED",TRAFFIC CONTROL SIGNAL,TRAFFIC CONTROL SIGNAL,6,NONE,NOT CODED,NOT CODED,NONE,NOT CODED,NOT CODED,14 MOTOR VEHICLE IN TRANSPORT,03 ANGLE,05 TURNING RIGHT,IMPROPER TURN,NO CONTRIBUTING ACTION,00 NOT CODED,00 NOT CODED,00 NOT CODED,00 NOT CODED,01 NO,1,0,0,0,2,0,2,2,N,N,N,Y,N,N,N,N,N,N,N,N,N,N,N,N,N,N,N,N,N,Y,N,Y,N,N,26.1002869,-80.13685733,586309.8445,2887076.084,L,,ARBM15Q1R2,26-Feb-22,212930,-8920794.449,3011507.808
2.01291E+12,2012,914191200,1247190,CITY POLICE DEPARTMENT,04 FOURTH,BROWARD,23-Apr-12,1438,TUESDAY,8638 FT. LAUDERDALE,1038,Y,SR 842,35TH AVE NW,0.038,W,0,0,26.1210624,-80.1947136,86006000,3.591,441,SR 842,,R RIGHT,1 THRU LANE 1,E EAST,30 URBAN 6+LN 2WY DIVD RASD,03 STATE,01 NON-JUNCTION,01 ON ROADWAY,01 NOT AT INTERSECTION,03 CURB,40,21-Oct-09,14 URBAN PRIN ART OTHER,33,CURB&GUTTER,2,,0,,0,16,42500,RCI,2.7,,40,3 NO-INCAPACITATING INJURY,31 Q/C COMPLETED - LOC VERIFIED,0 NO,01 NOT AT INTERSECTION/RRX/BRIDGE,01 DAYLIGHT,01 CLEAR,01 DRY,01 LEVEL,1 STRAIGHT,"TWO-WAY, DIVIDED, POSITIVE MED","TWO-WAY, DIVIDED, POSITIVE MED",NO CONTROLS,NO CONTROLS,6,NONE,NOT CODED,NOT CODED,NONE,NOT CODED,NOT CODED,14 MOTOR VEHICLE IN TRANSPORT,01 FRONT TO REAR,01 STRAIGHT AHEAD,OPERATED MV IN CARLESS OR NEGL,NO CONTRIBUTING ACTION,00 NOT CODED,00 NOT CODED,00 NOT CODED,00 NOT CODED,01 NO,1,0,0,0,2,0,2,2,N,N,N,N,N,N,N,N,N,N,N,N,N,N,N,N,N,N,N,N,N,N,N,N,N,N,26.12105292,-80.194725,580508.9029,2889338.896,R,,ARBM15Q1R2,26-Feb-22,212931,-8927236.251,3014082.199
2.01291E+12,2012,914191220,1243869,CITY POLICE DEPARTMENT,04 FOURTH,BROWARD,15-Apr-12,1222,MONDAY,8638 FT. LAUDERDALE,1038,Y,US 1,1ST ST SE R,0.019,N,0,0,26.121893,-80.1372105,86010000,10.293,1347,SR 5,US 1,R RIGHT,2 THRU LANE 2,N NORTH,20 URBAN 4-5LN 2WY DIVD RASD,02 U.S.,77 OTHER (SEE NARRATIVE),01 ON ROADWAY,01 NOT AT INTERSECTION,03 CURB,45,25-May-10,14 URBAN PRIN ART OTHER,22,CURB&GUTTER,2,,0,,0,25,44500,RCI,2.2,,35,2 POSSIBLE INJURY,31 Q/C COMPLETED - LOC VERIFIED,0 NO,01 NOT AT INTERSECTION/RRX/BRIDGE,01 DAYLIGHT,01 CLEAR,01 DRY,01 LEVEL,1 STRAIGHT,"TWO-WAY, DIVIDED, POSITIVE MED","TWO-WAY, DIVIDED, POSITIVE MED",NO CONTROLS,NO CONTROLS,4,NONE,NOT CODED,NOT CODED,NONE,NOT CODED,NOT CODED,14 MOTOR VEHICLE IN TRANSPORT,01 FRONT TO REAR,01 STRAIGHT AHEAD,OPERATED MV IN CARLESS OR NEGL,NO CONTRIBUTING ACTION,00 NOT CODED,00 NOT CODED,00 NOT CODED,00 NOT CODED,01 NO,5,0,0,0,2,0,2,5,N,N,N,N,N,N,N,N,N,N,N,N,N,N,N,N,N,N,N,N,N,N,N,N,N,N,26.12194122,-80.13719444,586260.2375,2889474.145,R,,ARBM15Q1R2,26-Feb-22,212932,-8920831.976,3014192.334
2.01291E+12,2012,914174520,1223192,CITY POLICE DEPARTMENT,04 FOURTH,BROWARD,27-Feb-12,908,TUESDAY,8638 FT. LAUDERDALE,1038,Y,SR 842,11TH AVE SW,0.004,E,0,0,26.1219806,-80.1561912,86006000,5.988,466,SR 842,,R RIGHT,1 THRU LANE 1,E EAST,30 URBAN 6+LN 2WY DIVD RASD,03 STATE,01 NON-JUNCTION,01 ON ROADWAY,01 NOT AT INTERSECTION,03 CURB,35,21-Oct-09,14 URBAN PRIN ART OTHER,32,PAVED,4,CURB&GUTTER,2,,0,16,78000,RCI,5.4,,40,2 POSSIBLE INJURY,31 Q/C COMPLETED - LOC VERIFIED,0 NO,02 AT INTERSECTION,01 DAYLIGHT,01 CLEAR,01 DRY,01 LEVEL,1 STRAIGHT,"TWO-WAY, DIVIDED, POSITIVE MED","TWO-WAY, DIVIDED, POSITIVE MED",NO CONTROLS,NO CONTROLS,6,NONE,NOT CODED,NOT CODED,NONE,NOT CODED,NOT CODED,14 MOTOR VEHICLE IN TRANSPORT,01 FRONT TO REAR,01 STRAIGHT AHEAD,OTHER CONTRIBUTING ACTION,NO CONTRIBUTING ACTION,00 NOT CODED,00 NOT CODED,00 NOT CODED,00 NOT CODED,01 NO,1,0,0,0,2,0,2,2,N,N,N,Y,N,N,N,N,N,N,N,N,N,N,N,N,N,N,N,N,N,N,N,N,N,N,26.12196611,-80.15615708,584364.3162,2889464.469,R,,ARBM15Q1R2,26-Feb-22,212933,-8922942.889,3014195.419
2.01291E+12,2012,914180860,12021144,CITY POLICE DEPARTMENT,04 FOURTH,BROWARD,22-Feb-12,332,THURSDAY,8638 FT. LAUDERDALE,1038,Y,BROWARD BLVD,7TH AVE NW,0.048,W,0,0,26.122105,-80.1513677,86006000,6.288,469,SR 842,,L LEFT,S SIDE OF ROAD,W WEST,30 URBAN 6+LN 2WY DIVD RASD,03 STATE,77 OTHER (SEE NARRATIVE),02 OFF ROADWAY,77 OTHER (SEE NARRATIVE),03 CURB,35,21-Oct-09,14 URBAN PRIN ART OTHER,33,PAVED,2,CURB&GUTTER,2,,0,16,56500,RCI,4,,35,1 NO INJURY,31 Q/C COMPLETED - LOC VERIFIED,0 NO,01 NOT AT INTERSECTION/RRX/BRIDGE,04 DARK-LIGHTED,01 CLEAR,01 DRY,01 LEVEL,1 STRAIGHT,"TWO-WAY, DIVIDED, UNPROTECTED",,OTHER (SEE NARRATIVE),NOT CODED,6,NONE,NOT CODED,NOT CODED,NONE,NOT CODED,NOT CODED,37 FENCE,77 OTHER (SEE NARRATIVE),01 STRAIGHT AHEAD,FAILED TO KEEP IN PROPER LANE,NOT CODED,00 NOT CODED,00 NOT CODED,00 NOT CODED,00 NOT CODED,01 NO,0,0,0,0,1,0,1,2,N,N,N,N,Y,Y,Y,N,N,N,N,Y,N,N,N,N,N,N,N,N,N,N,N,N,N,N,26.12222492,-80.15131967,584847.7783,2889496.278,L,,ARBM15Q1R2,26-Feb-22,212934,-8922404.39,3014227.508
2.01284E+12,2012,839881430,1337536,CITY POLICE DEPARTMENT,04 FOURTH,BROWARD,1-Apr-12,1402,MONDAY,8638 FT. LAUDERDALE,1038,Y,SUNRISE BLVD,BREAKERS AVE,0,,0,0,26.1380476,-80.1045631,86005000,1.09,323,SR 838,,L LEFT,1 THRU LANE 1,N NORTH,30 URBAN 6+LN 2WY DIVD RASD,03 STATE,01 NON-JUNCTION,01 ON ROADWAY,03 T-INTERSECTION,03 CURB,43,8-Jul-12,16 URBAN MINOR ART,32,CURB&GUTTER,2,CURB&GUTTER,2,,0,22,23500,RCI,8.1,,35,1 NO INJURY,31 Q/C COMPLETED - LOC VERIFIED,0 NO,02 AT INTERSECTION,01 DAYLIGHT,01 CLEAR,01 DRY,01 LEVEL,1 STRAIGHT,"TWO-WAY, NOT DIVIDED","TWO-WAY, DIVIDED, POSITIVE MED",NO CONTROLS,NO CONTROLS,6,NONE,NOT CODED,NOT CODED,NONE,NOT CODED,NOT CODED,14 MOTOR VEHICLE IN TRANSPORT,03 ANGLE,03 TURNING LEFT,FAILED TO YIELD RIGHT-OF-WAY,NO CONTRIBUTING ACTION,00 NOT CODED,00 NOT CODED,00 NOT CODED,00 NOT CODED,01 NO,0,0,0,0,2,0,2,5,N,N,N,Y,N,N,N,N,N,N,N,N,N,N,N,N,N,N,N,N,N,N,N,N,N,N,26.13816542,-80.10457421,589509.2848,2891293.074,L,,ARBM15Q1R2,26-Feb-22,212980,-8917200.707,3016204.003
2.01284E+12,2012,836395740,12140299,CITY POLICE DEPARTMENT,04 FOURTH,BROWARD,12-Dec-12,430,THURSDAY,8638 FT. LAUDERDALE,1038,Y,BROWARD BLVD,14TH AVE SW R,0,,0,0,26.1218709,-80.1605307,86006000,5.718,463,SR 842,,R RIGHT,2 THRU LANE 2,E EAST,30 URBAN 6+LN 2WY DIVD RASD,05 LOCAL,88 UNKNOWN,01 ON ROADWAY,02 FOUR-WAY INTERSECTION,01 PAVED,35,21-Oct-09,14 URBAN PRIN ART OTHER,32,PAVED,4,CURB&GUTTER,2,,0,16,78000,RCI,5.4,,40,2 POSSIBLE INJURY,31 Q/C COMPLETED - LOC VERIFIED,0 NO,02 AT INTERSECTION,04 DARK-LIGHTED,01 CLEAR,01 DRY,01 LEVEL,1 STRAIGHT,"TWO-WAY, DIVIDED, UNPROTECTED","TWO-WAY, DIVIDED, UNPROTECTED",TRAFFIC CONTROL SIGNAL,TRAFFIC CONTROL SIGNAL,6,NONE,NOT CODED,NOT CODED,NONE,NOT CODED,NOT CODED,14 MOTOR VEHICLE IN TRANSPORT,01 FRONT TO REAR,13 STOPPED IN TRAFFIC,NO CONTRIBUTING ACTION,FOLLOWED TOO CLOSELY,00 NOT CODED,00 NOT CODED,00 NOT CODED,00 NOT CODED,01 NO,1,0,0,0,2,0,2,2,N,N,N,Y,N,N,N,N,N,N,N,N,N,N,N,N,N,N,N,N,N,N,N,N,N,N,26.12185522,-80.16050147,583930.0402,2889449.378,R,,ARBM15Q1R2,26-Feb-22,212981,-8923426.504,3014181.671
2.01291E+12,2012,914182520,12045889,CITY POLICE DEPARTMENT,04 FOURTH,BROWARD,20-Apr-12,435,SATURDAY,8638 FT. LAUDERDALE,1038,Y,BROWARD BLVD,18TH AVE NW,0.002,E,0,0,26.1216914,-80.1656525,86006000,5.399,2009,SR 842,,L LEFT,3 THRU LANE 3,W WEST,30 URBAN 6+LN 2WY DIVD RASD,03 STATE,01 NON-JUNCTION,01 ON ROADWAY,01 NOT AT INTERSECTION,01 PAVED,39,21-Oct-09,14 URBAN PRIN ART OTHER,32,PAVED,4,CURB&GUTTER,2,,0,17,78000,RCI,5.4,,40,2 POSSIBLE INJURY,31 Q/C COMPLETED - LOC VERIFIED,1 ALC,02 AT INTERSECTION,04 DARK-LIGHTED,03 RAIN,02 WET,01 LEVEL,1 STRAIGHT,"TWO-WAY, DIVIDED, UNPROTECTED","TWO-WAY, DIVIDED, UNPROTECTED",TRAFFIC CONTROL SIGNAL,TRAFFIC CONTROL SIGNAL,6,NONE,NOT CODED,NOT CODED,WEATHER CONDITIONS,NOT CODED,NOT CODED,14 MOTOR VEHICLE IN TRANSPORT,01 FRONT TO REAR,14 SLOWING,NO CONTRIBUTING ACTION,DROVE TOO FAST FOR CONDITIONS,00 NOT CODED,00 NOT CODED,00 NOT CODED,00 NOT CODED,01 NO,1,0,0,0,2,0,2,3,N,N,N,Y,N,Y,N,N,N,N,N,Y,N,N,N,N,N,N,N,N,N,N,N,N,N,N,26.12181789,-80.16562588,583417.7247,2889441.948,L,,ARBM15Q1R2,26-Feb-22,212983,-8923996.95,3014177.043
2.01284E+12,2012,836397630,12143727,CITY POLICE DEPARTMENT,04 FOURTH,BROWARD,20-Dec-12,1012,FRIDAY,8638 FT. LAUDERDALE,1038,Y,SR 842,15TH AVE NW,0.019,W,0,0,26.1218606,-80.1619773,86006000,5.628,462,SR 842,,R RIGHT,1 THRU LANE 1,E EAST,30 URBAN 6+LN 2WY DIVD RASD,03 STATE,01 NON-JUNCTION,01 ON ROADWAY,01 NOT AT INTERSECTION,03 CURB,35,21-Oct-09,14 URBAN PRIN ART OTHER,32,PAVED,4,CURB&GUTTER,2,,0,17,78000,RCI,5.4,,40,3 NO-INCAPACITATING INJURY,31 Q/C COMPLETED - LOC VERIFIED,0 NO,03 INFLUENCED BY INTERSECTION,01 DAYLIGHT,01 CLEAR,01 DRY,01 LEVEL,1 STRAIGHT,"TWO-WAY, DIVIDED, POSITIVE MED","TWO-WAY, DIVIDED, POSITIVE MED",TRAFFIC CONTROL SIGNAL,TRAFFIC CONTROL SIGNAL,6,NONE,NOT CODED,NOT CODED,NONE,NOT CODED,NOT CODED,14 MOTOR VEHICLE IN TRANSPORT,01 FRONT TO REAR,01 STRAIGHT AHEAD,OTHER CONTRIBUTING ACTION,NO CONTRIBUTING ACTION,00 NOT CODED,00 NOT CODED,00 NOT CODED,00 NOT CODED,01 NO,1,0,0,0,3,0,3,3,N,N,N,Y,N,N,N,N,N,N,N,N,N,N,N,N,N,N,N,N,Y,N,N,N,N,N,26.12184281,-80.16195065,583785.1596,2889447.069,R,,ARBM15Q1R2,26-Feb-22,212984,-8923587.825,3014180.132