Crash Id,Calendar Year,FDOT Crash Number,Reporting Agency Case Number,Reporting Agency Type,FDOT Managing District,County Name,Crash Date,Crash Time,Day,DHSMV City,Crash Report City Code,In Town,On Roadway Name,Int Roadway Name,Reference Distance (Miles),Reference Direction,Officer Latitude,Officer Longitude,FDOT Latitude,FDOT Longitude,FDOT Roadway,Nearest Inventory MP,Nearest Node From Crash,State Road #,US Highway,Crash Side of Road,Accident Lane Number,Travel Direction Vehicle 1,FDOT Road Category,DHSMV Road System Id,Relation to Junction,Crash Harmful Event Location,Intersection Type,Shoulder Type,FDOT Roadway SKID Test Result,FDOT Roadway SKID Test Date,Functional Class,RCI Surface Width,RCI Shoulder Type First,RCI Shoulder Width First,RCI Shoulder Type Second,RCI Shoulder Width Second,RCI Shoulder Type Third,RCI Shoulder Width Third,RCI Median Width,Avg Daily Traffic,AADT Source,RCI Avg Per Truck Traffic,RCI Horiz Curve Condition,Posted Speed Limit,Highest Injury in Crash,CAR Status Code,Alcohols/Drug Involved,Site Location,Lighting,Weather,Road Surface,Roadway Grade,Roadway Alignment,Traffic Way Vehicle 1,Traffic Way Vehicle 2,Traffic Control Vehicle 1,Traffic Control Vehicle 2,Count of Lanes,Road Condition 1,Road Condition 2,Road Condition 3,Environment Condition 1,Environment Condition 2,Environment Condition 3,Crash Harmful Event,Manner of Collision,Vehicle Movement,Driver Action Vehicle 1,Driver Action Vehicle 2,Location Within Workzone,Type of Workzone,Workers Present in Workzone,Law Enforcement Present in Workzone,School Bus Related,Count of Nonfatal Injuries,Count of Traffic Fatalities,Count of Serious Injuries,Count of Pedestrians,Count of Drivers,Count of Bicyclists,Count of Vehicles,Count of Persons,Wrong Way,Workzone Inv,Commercial Vehicle Inv,Intersection Inv,Lane Departure,Speeding,Agressive Driving,Impaired Driver,Impaired Pedestrian,Impaired Bicyclist,Distracted Driver,Speeding or Aggressive Driving,Pedestrian Related,Bicyclist Related,Pedestrian or Bicyclist Related,Motorcycle Inv,No Belt,No Belt - Ages 1-4,No Belt - Ages 5-12,No Belt - Ages 13-17,Driver - Ages Teen,Driver - Ages 65 plus,Driver - Ages 65-69,Driver - Ages 70-74,Driver - Ages 75-79,Driver - Ages 80 plus,ARBM Latitude,ARBM Longitude,UTM Zone 17N X,UTM Zone 17N Y,ARBM Side of Road,Urban Rural Indicator,GIS Street Source,Extract Date,OBJECTID,x,y
2.01284E+12,2012,835828450,12104560,CITY POLICE DEPARTMENT,04 FOURTH,BROWARD,12-Sep-12,1450,THURSDAY,8638 FT. LAUDERDALE,1038,Y,US 1,13TH ST SE,0.002,S,0,0,26.105779,-80.1368586,86010000,9.182,1330,SR 5,US 1,R RIGHT,1 THRU LANE 1,N NORTH,30 URBAN 6+LN 2WY DIVD RASD,03 STATE,01 NON-JUNCTION,01 ON ROADWAY,03 T-INTERSECTION,03 CURB,45,25-May-10,14 URBAN PRIN ART OTHER,32,CURB&GUTTER,2,,0,,0,18,39000,RCI,2.8,,40,3 NO-INCAPACITATING INJURY,31 Q/C COMPLETED - LOC VERIFIED,0 NO,02 AT INTERSECTION,01 DAYLIGHT,02 CLOUDY,02 WET,01 LEVEL,1 STRAIGHT,"TWO-WAY, DIVIDED, POSITIVE MED","TWO-WAY, DIVIDED, POSITIVE MED",NO CONTROLS,NO CONTROLS,6,NONE,NOT CODED,NOT CODED,NONE,NOT CODED,NOT CODED,14 MOTOR VEHICLE IN TRANSPORT,01 FRONT TO REAR,01 STRAIGHT AHEAD,FOLLOWED TOO CLOSELY,NO CONTRIBUTING ACTION,00 NOT CODED,00 NOT CODED,00 NOT CODED,00 NOT CODED,01 NO,1,0,0,0,3,0,3,3,N,N,N,Y,N,N,N,N,N,N,N,N,N,N,N,N,N,N,N,N,N,N,N,N,N,N,26.10579668,-80.13684735,586306.7969,2887686.316,R,,ARBM15Q1R2,26-Feb-22,213473,-8920793.339,3012190.818
2.01283E+12,2012,827552770,BS12-06-000452,CITY POLICE DEPARTMENT,04 FOURTH,BROWARD,5-Jun-12,1330,WEDNESDAY,8638 FT. LAUDERDALE,1038,Y,BROWARD BLVD,1ST AVE SE,0,,0,0,26.1222738,-80.1425467,86006000,6.837,480,SR 842,,R RIGHT,3 THRU LANE 3,E EAST,30 URBAN 6+LN 2WY DIVD RASD,03 STATE,02 INTERSECTION,01 ON ROADWAY,03 T-INTERSECTION,03 CURB,34,21-Oct-09,14 URBAN PRIN ART OTHER,33,PAVED,3,CURB&GUTTER,2,,0,16,33500,RCI,8.2,,35,1 NO INJURY,31 Q/C COMPLETED - LOC VERIFIED,0 NO,02 AT INTERSECTION,01 DAYLIGHT,02 CLOUDY,01 DRY,01 LEVEL,1 STRAIGHT,"TWO-WAY, DIVIDED, POSITIVE MED","TWO-WAY, DIVIDED, POSITIVE MED",NO CONTROLS,NO CONTROLS,6,NONE,NOT CODED,NOT CODED,NONE,NOT CODED,NOT CODED,14 MOTOR VEHICLE IN TRANSPORT,01 FRONT TO REAR,01 STRAIGHT AHEAD,FOLLOWED TOO CLOSELY,NO CONTRIBUTING ACTION,00 NOT CODED,00 NOT CODED,00 NOT CODED,00 NOT CODED,01 NO,0,0,0,0,3,0,3,3,N,N,N,Y,N,N,N,N,N,N,N,N,N,N,N,N,N,N,N,N,N,N,N,N,N,N,26.12225461,-80.14249695,585729.8581,2889505.349,R,,ARBM15Q1R2,26-Feb-22,213496,-8921422.249,3014231.188
2.01291E+12,2012,914194340,1264780,CITY POLICE DEPARTMENT,04 FOURTH,BROWARD,5-Jun-12,1504,WEDNESDAY,8638 FT. LAUDERDALE,1038,Y,SR 838,BIRCH RD,0,,0,0,26.1380271,-80.1053911,86005000,1.039,322,SR 838,,R RIGHT,3 THRU LANE 3,E EAST,30 URBAN 6+LN 2WY DIVD RASD,03 STATE,02 INTERSECTION,01 ON ROADWAY,02 FOUR-WAY INTERSECTION,03 CURB,43,8-Jul-12,16 URBAN MINOR ART,35,PAVED,2,CURB&GUTTER,2,,0,27,23500,RCI,8.1,,35,1 NO INJURY,31 Q/C COMPLETED - LOC VERIFIED,0 NO,02 AT INTERSECTION,01 DAYLIGHT,02 CLOUDY,02 WET,01 LEVEL,1 STRAIGHT,"TWO-WAY, DIVIDED, POSITIVE MED","TWO-WAY, DIVIDED, POSITIVE MED",TRAFFIC CONTROL SIGNAL,TRAFFIC CONTROL SIGNAL,6,NONE,NOT CODED,NOT CODED,NONE,NOT CODED,NOT CODED,14 MOTOR VEHICLE IN TRANSPORT,03 ANGLE,06 CHANGING LANES,FAILED TO YIELD RIGHT-OF-WAY,NO CONTRIBUTING ACTION,00 NOT CODED,00 NOT CODED,00 NOT CODED,00 NOT CODED,01 NO,0,0,0,0,2,0,2,2,N,N,Y,Y,N,N,Y,N,N,N,N,Y,N,N,N,N,N,N,N,N,N,N,N,N,N,N,26.1380045,-80.10543037,589423.8185,2891274.662,R,,ARBM15Q1R2,26-Feb-22,213509,-8917296.015,3016184.049
2.01284E+12,2012,836025070,12121214,CITY POLICE DEPARTMENT,04 FOURTH,BROWARD,23-Oct-12,1906,WEDNESDAY,8638 FT. LAUDERDALE,1038,Y,SUNRISE BLVD,BIRCH RD,0.174,W,0,0,26.1379582,-80.1081021,86005000,0.872,5472,SR 838,,R RIGHT,S SIDE OF ROAD,E EAST,30 URBAN 6+LN 2WY DIVD RASD,03 STATE,01 NON-JUNCTION,01 ON ROADWAY,01 NOT AT INTERSECTION,03 CURB,34,20-Oct-09,16 URBAN MINOR ART,32,PAVED,4,CURB&GUTTER,2,,0,27,23500,RCI,8.1,,35,2 POSSIBLE INJURY,31 Q/C COMPLETED - LOC VERIFIED,0 NO,06 BRIDGE,04 DARK-LIGHTED,03 RAIN,02 WET,03 UPHILL,1 STRAIGHT,"TWO-WAY, DIVIDED, POSITIVE MED",,NO CONTROLS,NOT CODED,6,"RD SURFC (WET, ICY, SNOW, ETC)",NOT CODED,NOT CODED,WEATHER CONDITIONS,NOT CODED,NOT CODED,30 CONCRETE TRAFFIC BARRIER,03 ANGLE,06 CHANGING LANES,DROVE TOO FAST FOR CONDITIONS,NOT CODED,00 NOT CODED,00 NOT CODED,00 NOT CODED,00 NOT CODED,01 NO,1,0,0,0,1,0,1,1,N,N,N,N,Y,Y,N,N,N,N,N,Y,N,N,N,N,N,N,N,N,N,N,N,N,N,N,26.13793091,-80.10817779,589149.22,2891264.625,R,,ARBM15Q1R2,26-Feb-22,213510,-8917601.857,3016174.923
2.01291E+12,2012,914193080,1256434,CITY POLICE DEPARTMENT,04 FOURTH,BROWARD,16-May-12,230,THURSDAY,8638 FT. LAUDERDALE,1038,Y,26TH AVE NE,SR 838,0,,0,0,26.1379069,-80.1107648,86005000,0.708,2778,SR 838,,S SIDE RD RIGHT,3 THRU LANE 3,N NORTH,30 URBAN 6+LN 2WY DIVD RASD,05 LOCAL,77 OTHER (SEE NARRATIVE),01 ON ROADWAY,02 FOUR-WAY INTERSECTION,03 CURB,38,8-Jul-12,16 URBAN MINOR ART,32,PAVED,4,CURB&GUTTER,2,,0,27,23500,RCI,8.1,,35,1 NO INJURY,31 Q/C COMPLETED - LOC VERIFIED,1 ALC,02 AT INTERSECTION,04 DARK-LIGHTED,03 RAIN,02 WET,01 LEVEL,1 STRAIGHT,"TWO-WAY, DIVIDED, POSITIVE MED","TWO-WAY, DIVIDED, POSITIVE MED",TRAFFIC CONTROL SIGNAL,TRAFFIC CONTROL SIGNAL,6,NONE,NOT CODED,NOT CODED,NONE,NOT CODED,NOT CODED,14 MOTOR VEHICLE IN TRANSPORT,01 FRONT TO REAR,77 OTHER (SEE NARRATIVE),FOLLOWED TOO CLOSELY,NO CONTRIBUTING ACTION,00 NOT CODED,00 NOT CODED,00 NOT CODED,00 NOT CODED,01 NO,0,0,0,0,2,0,2,2,N,N,N,Y,N,N,N,Y,N,N,N,N,N,N,N,N,N,N,N,N,N,N,N,N,N,N,26.13789486,-80.11087708,588879.4052,2891258.785,R,,ARBM15Q1R2,26-Feb-22,213511,-8917902.34,3016170.453
2.01212E+12,2012,121110340,1233672,CITY POLICE DEPARTMENT,04 FOURTH,BROWARD,22-Mar-12,224,FRIDAY,8638 FT. LAUDERDALE,1038,Y,SR 842,1ST AVE NW,0,,0,0,26.1221799,-80.1446659,86006000,6.705,477,SR 842,,L LEFT,2 THRU LANE 2,0,30 URBAN 6+LN 2WY DIVD RASD,03 STATE,01 NON-JUNCTION,01 ON ROADWAY,02 FOUR-WAY INTERSECTION,03 CURB,34,21-Oct-09,14 URBAN PRIN ART OTHER,35,PAVED,3,CURB&GUTTER,2,,0,16,49000,RCI,10.5,,35,1 NO INJURY,31 Q/C COMPLETED - LOC VERIFIED,1 ALC,02 AT INTERSECTION,04 DARK-LIGHTED,01 CLEAR,01 DRY,01 LEVEL,1 STRAIGHT,"TWO-WAY, DIVIDED, POSITIVE MED","TWO-WAY, DIVIDED, POSITIVE MED",TRAFFIC CONTROL SIGNAL,TRAFFIC CONTROL SIGNAL,6,NONE,NOT CODED,NOT CODED,NONE,NOT CODED,NOT CODED,14 MOTOR VEHICLE IN TRANSPORT,01 FRONT TO REAR,01 STRAIGHT AHEAD,"OPER MV AGRSIVE, ERATIC, RCKLS",NO CONTRIBUTING ACTION,00 NOT CODED,00 NOT CODED,00 NOT CODED,00 NOT CODED,01 NO,0,0,0,0,2,0,2,2,N,N,N,Y,N,N,Y,N,N,N,N,Y,N,N,N,N,N,N,N,N,N,N,N,N,N,N,26.12230522,-80.14460658,585518.8984,2889509.566,L,,ARBM15Q1R2,26-Feb-22,213512,-8921657.093,3014237.464
2.01212E+12,2012,120969160,1294377,CITY POLICE DEPARTMENT,04 FOURTH,BROWARD,18-Aug-12,5,SUNDAY,8638 FT. LAUDERDALE,1038,Y,SR 842,14TH AVE SW R,0,,0,0,26.1218709,-80.1605307,86006000,5.718,463,SR 842,,R RIGHT,2 THRU LANE 2,E EAST,30 URBAN 6+LN 2WY DIVD RASD,03 STATE,01 NON-JUNCTION,01 ON ROADWAY,02 FOUR-WAY INTERSECTION,01 PAVED,35,21-Oct-09,14 URBAN PRIN ART OTHER,32,PAVED,4,CURB&GUTTER,2,,0,16,78000,RCI,5.4,,40,1 NO INJURY,31 Q/C COMPLETED - LOC VERIFIED,0 NO,02 AT INTERSECTION,04 DARK-LIGHTED,01 CLEAR,01 DRY,01 LEVEL,1 STRAIGHT,"TWO-WAY, DIVIDED, POSITIVE MED","TWO-WAY, DIVIDED, POSITIVE MED",TRAFFIC CONTROL SIGNAL,TRAFFIC CONTROL SIGNAL,6,NONE,NOT CODED,NOT CODED,NONE,NOT CODED,NOT CODED,14 MOTOR VEHICLE IN TRANSPORT,01 FRONT TO REAR,01 STRAIGHT AHEAD,FOLLOWED TOO CLOSELY,IMPROPER BACKING,00 NOT CODED,00 NOT CODED,00 NOT CODED,00 NOT CODED,01 NO,0,0,0,0,2,0,2,2,N,N,N,Y,N,N,N,N,N,N,N,N,N,N,N,N,N,N,N,N,N,N,N,N,N,N,26.12185522,-80.16050147,583930.0402,2889449.378,R,,ARBM15Q1R2,26-Feb-22,213515,-8923426.504,3014181.671
2.01212E+12,2012,120971620,12117215,CITY POLICE DEPARTMENT,04 FOURTH,BROWARD,14-Oct-12,830,MONDAY,8638 FT. LAUDERDALE,1038,Y,BROWARD BLVD,15TH AVE NW,0,,0,0,26.1218629,-80.1616717,86006000,5.647,462,SR 842,,L LEFT,3 THRU LANE 3,W WEST,30 URBAN 6+LN 2WY DIVD RASD,03 STATE,01 NON-JUNCTION,01 ON ROADWAY,03 T-INTERSECTION,01 PAVED,35,21-Oct-09,14 URBAN PRIN ART OTHER,32,PAVED,4,CURB&GUTTER,2,,0,17,78000,RCI,5.4,,40,2 POSSIBLE INJURY,31 Q/C COMPLETED - LOC VERIFIED,0 NO,02 AT INTERSECTION,01 DAYLIGHT,01 CLEAR,01 DRY,01 LEVEL,1 STRAIGHT,UNKNOWN,UNKNOWN,TRAFFIC CONTROL SIGNAL,TRAFFIC CONTROL SIGNAL,6,NONE,NOT CODED,NOT CODED,NONE,NOT CODED,NOT CODED,14 MOTOR VEHICLE IN TRANSPORT,"04 SIDESWIPE, SAME DIRECTION",06 CHANGING LANES,NO CONTRIBUTING ACTION,NO CONTRIBUTING ACTION,00 NOT CODED,00 NOT CODED,00 NOT CODED,00 NOT CODED,01 NO,1,0,0,0,2,0,2,2,N,N,Y,Y,N,N,N,N,N,N,N,N,N,N,N,N,N,N,N,N,N,N,N,N,N,N,26.12197522,-80.16164019,583816.1051,2889461.934,L,,ARBM15Q1R2,26-Feb-22,213516,-8923553.265,3014196.549
2.01284E+12,2012,836025230,12121456,CITY POLICE DEPARTMENT,04 FOURTH,BROWARD,24-Oct-12,1321,THURSDAY,8638 FT. LAUDERDALE,1038,Y,12TH ST SE,FEDERAL HWY,0.009,E,0,0,26.1076661,-80.1369103,86010000,9.312,1331,SR 5,US 1,S SIDE RD RIGHT,1 THRU LANE 1,N NORTH,30 URBAN 6+LN 2WY DIVD RASD,05 LOCAL,01 NON-JUNCTION,01 ON ROADWAY,01 NOT AT INTERSECTION,03 CURB,45,25-May-10,14 URBAN PRIN ART OTHER,32,CURB&GUTTER,2,,0,,0,18,39000,RCI,2.8,,40,1 NO INJURY,31 Q/C COMPLETED - LOC VERIFIED,0 NO,02 AT INTERSECTION,01 DAYLIGHT,02 CLOUDY,02 WET,01 LEVEL,1 STRAIGHT,"TWO-WAY, NOT DIVIDED","TWO-WAY, NOT DIVIDED",STOP SIGN,NO CONTROLS,6,NONE,NOT CODED,NOT CODED,NONE,NOT CODED,NOT CODED,14 MOTOR VEHICLE IN TRANSPORT,03 ANGLE,03 TURNING LEFT,FAILED TO YIELD RIGHT-OF-WAY,NO CONTRIBUTING ACTION,00 NOT CODED,00 NOT CODED,00 NOT CODED,00 NOT CODED,01 NO,0,0,0,0,2,0,2,2,N,N,N,Y,N,N,N,N,N,N,N,N,N,N,N,N,N,N,N,N,N,Y,Y,N,N,N,26.10768589,-80.13687918,586302.2276,2887895.53,R,,ARBM15Q1R2,26-Feb-22,213591,-8920796.881,3012425.018
2.01291E+12,2012,914193200,12058133,CITY POLICE DEPARTMENT,04 FOURTH,BROWARD,20-May-12,1318,MONDAY,8638 FT. LAUDERDALE,1038,Y,SR 842,9TH AVE SW,0,,0,0,26.1220488,-80.1535686,86006000,6.151,468,SR 842,,R RIGHT,3 THRU LANE 3,E EAST,30 URBAN 6+LN 2WY DIVD RASD,03 STATE,02 INTERSECTION,01 ON ROADWAY,02 FOUR-WAY INTERSECTION,03 CURB,35,21-Oct-09,14 URBAN PRIN ART OTHER,32,PAVED,4,CURB&GUTTER,2,,0,16,78000,RCI,5.4,,35,2 POSSIBLE INJURY,31 Q/C COMPLETED - LOC VERIFIED,0 NO,02 AT INTERSECTION,01 DAYLIGHT,01 CLEAR,01 DRY,01 LEVEL,1 STRAIGHT,"TWO-WAY, DIVIDED, POSITIVE MED","TWO-WAY, DIVIDED, POSITIVE MED",TRAFFIC CONTROL SIGNAL,TRAFFIC CONTROL SIGNAL,6,NONE,NOT CODED,NOT CODED,NONE,NOT CODED,NOT CODED,14 MOTOR VEHICLE IN TRANSPORT,03 ANGLE,01 STRAIGHT AHEAD,OTHER CONTRIBUTING ACTION,NO CONTRIBUTING ACTION,00 NOT CODED,00 NOT CODED,00 NOT CODED,00 NOT CODED,01 NO,1,0,0,0,4,0,4,5,N,N,N,Y,N,N,N,N,N,N,N,N,N,N,N,N,N,N,N,N,N,N,N,N,N,N,26.1220333,-80.15353333,584626.5931,2889473.613,R,,ARBM15Q1R2,26-Feb-22,213592,-8922650.813,3014203.749
2.01291E+12,2012,914171470,12082911,CITY POLICE DEPARTMENT,04 FOURTH,BROWARD,20-Jul-12,1106,SATURDAY,8638 FT. LAUDERDALE,1038,Y,SR 842,FLORIDA AVE,0.002,W,0,0,26.1212175,-80.1881408,86006000,4,446,SR 842,,R RIGHT,3 THRU LANE 3,E EAST,30 URBAN 6+LN 2WY DIVD RASD,03 STATE,01 NON-JUNCTION,01 ON ROADWAY,01 NOT AT INTERSECTION,03 CURB,40,21-Oct-09,14 URBAN PRIN ART OTHER,33,CURB&GUTTER,2,,0,,0,16,42500,RCI,2.7,,40,1 NO INJURY,31 Q/C COMPLETED - LOC VERIFIED,0 NO,02 AT INTERSECTION,01 DAYLIGHT,01 CLEAR,01 DRY,01 LEVEL,1 STRAIGHT,"TWO-WAY, NOT DIVIDED","TWO-WAY, DIVIDED, POSITIVE MED",NO CONTROLS,NO CONTROLS,6,NONE,NOT CODED,NOT CODED,NONE,NOT CODED,NOT CODED,14 MOTOR VEHICLE IN TRANSPORT,"04 SIDESWIPE, SAME DIRECTION",06 CHANGING LANES,FAILED TO YIELD RIGHT-OF-WAY,NO CONTRIBUTING ACTION,00 NOT CODED,00 NOT CODED,00 NOT CODED,00 NOT CODED,01 NO,0,0,0,0,2,0,2,2,N,N,N,Y,N,N,N,N,N,N,N,N,N,N,N,N,N,N,N,N,N,N,N,N,N,N,26.12119431,-80.18814206,581166.9743,2889358.644,R,,ARBM15Q1R2,26-Feb-22,213593,-8926503.441,3014099.729
2.01291E+12,2012,914182940,1249326,CITY POLICE DEPARTMENT,04 FOURTH,BROWARD,28-Apr-12,2020,SUNDAY,8638 FT. LAUDERDALE,1038,Y,BROWARD BLVD,37TH AVE SW,0,,0,0,26.1210004,-80.1976079,86006000,3.411,439,SR 842,,R RIGHT,3 THRU LANE 3,N NORTH,30 URBAN 6+LN 2WY DIVD RASD,03 STATE,02 INTERSECTION,01 ON ROADWAY,03 T-INTERSECTION,03 CURB,40,21-Oct-09,14 URBAN PRIN ART OTHER,33,CURB&GUTTER,2,,0,,0,16,42500,RCI,2.7,,40,3 NO-INCAPACITATING INJURY,31 Q/C COMPLETED - LOC VERIFIED,0 NO,02 AT INTERSECTION,04 DARK-LIGHTED,03 RAIN,02 WET,01 LEVEL,1 STRAIGHT,"TWO-WAY, DIVIDED, UNPROTECTED","TWO-WAY, DIVIDED, POSITIVE MED",STOP SIGN,NO CONTROLS,6,NONE,NOT CODED,NOT CODED,NONE,NOT CODED,NOT CODED,14 MOTOR VEHICLE IN TRANSPORT,03 ANGLE,05 TURNING RIGHT,FAILED TO YIELD RIGHT-OF-WAY,NO CONTRIBUTING ACTION,00 NOT CODED,00 NOT CODED,00 NOT CODED,00 NOT CODED,01 NO,2,0,0,0,2,0,2,5,N,N,N,Y,N,N,N,N,N,N,N,N,N,N,N,N,N,N,N,N,Y,N,N,N,N,N,26.12098333,-80.19762249,580219.2571,2889329.4,R,,ARBM15Q1R2,26-Feb-22,213594,-8927558.798,3014073.572
2.01291E+12,2012,914182970,12045511,CITY POLICE DEPARTMENT,04 FOURTH,BROWARD,19-Apr-12,840,FRIDAY,8638 FT. LAUDERDALE,1038,Y,BROWARD BLVD,7TH AVE SW,0,,0,0,26.1221233,-80.1505964,86006000,6.336,470,SR 842,,I INTERSECTION,M MIDDLE,N NORTH,30 URBAN 6+LN 2WY DIVD RASD,03 STATE,02 INTERSECTION,01 ON ROADWAY,02 FOUR-WAY INTERSECTION,03 CURB,35,21-Oct-09,14 URBAN PRIN ART OTHER,33,PAVED,2,CURB&GUTTER,2,,0,16,56500,RCI,4,,35,3 NO-INCAPACITATING INJURY,31 Q/C COMPLETED - LOC VERIFIED,0 NO,02 AT INTERSECTION,01 DAYLIGHT,01 CLEAR,01 DRY,01 LEVEL,1 STRAIGHT,"TWO-WAY, NOT DIVIDED","TWO-WAY, NOT DIVIDED",TRAFFIC CONTROL SIGNAL,TRAFFIC CONTROL SIGNAL,6,NONE,NOT CODED,NOT CODED,NONE,NOT CODED,NOT CODED,14 MOTOR VEHICLE IN TRANSPORT,03 ANGLE,03 TURNING LEFT,IMPROPER TURN,NO CONTRIBUTING ACTION,00 NOT CODED,00 NOT CODED,00 NOT CODED,00 NOT CODED,01 NO,2,0,0,0,2,0,2,2,N,N,N,Y,N,N,N,N,N,N,N,N,N,N,N,N,N,N,N,N,N,Y,N,Y,N,N,26.12210255,-80.15055676,584924.1422,2889483.223,R,,ARBM15Q1R2,26-Feb-22,213595,-8922319.464,3014212.336
2.01291E+12,2012,914184420,12004482,CITY POLICE DEPARTMENT,04 FOURTH,BROWARD,11-Jan-12,1415,THURSDAY,8638 FT. LAUDERDALE,1038,Y,COMMERCIAL BLVD,25TH AVE NE,0.095,E,0,0,26.1896603,-80.1099902,86014000,9.064,2107,SR 870,,L LEFT,1 THRU LANE 1,W WEST,30 URBAN 6+LN 2WY DIVD RASD,03 STATE,01 NON-JUNCTION,01 ON ROADWAY,01 NOT AT INTERSECTION,03 CURB,34,7-Jun-11,16 URBAN MINOR ART,32,CURB&GUTTER,2,,0,,0,18,36500,RCI,4.2,,35,2 POSSIBLE INJURY,31 Q/C COMPLETED - LOC VERIFIED,0 NO,01 NOT AT INTERSECTION/RRX/BRIDGE,01 DAYLIGHT,01 CLEAR,01 DRY,01 LEVEL,1 STRAIGHT,"TWO-WAY, DIVIDED, POSITIVE MED","TWO-WAY, NOT DIVIDED",NO CONTROLS,NO CONTROLS,6,NONE,NOT CODED,NOT CODED,NONE,NOT CODED,NOT CODED,14 MOTOR VEHICLE IN TRANSPORT,01 FRONT TO REAR,01 STRAIGHT AHEAD,NO CONTRIBUTING ACTION,NO CONTRIBUTING ACTION,00 NOT CODED,00 NOT CODED,00 NOT CODED,00 NOT CODED,01 NO,1,0,0,0,2,0,2,2,N,N,N,N,N,N,N,N,N,N,N,N,N,N,N,N,N,N,N,N,N,N,N,N,N,N,26.18978648,-80.10999138,588928.5791,2897006.617,L,,ARBM15Q1R2,26-Feb-22,213597,-8917803.744,3022606.457
2.01291E+12,2012,914188690,1286856,CITY POLICE DEPARTMENT,04 FOURTH,BROWARD,30-Jul-12,1209,TUESDAY,8638 FT. LAUDERDALE,1038,Y,SR 870,21ST AVE NW,0.076,W,0,0,26.1880686,-80.1724588,86014000,5.177,2323,SR 870,,R RIGHT,1 THRU LANE 1,E EAST,30 URBAN 6+LN 2WY DIVD RASD,03 STATE,03 INTERSECTION-RELATED,01 ON ROADWAY,01 NOT AT INTERSECTION,03 CURB,33,7-Jun-11,14 URBAN PRIN ART OTHER,33,PAVED,4,CURB&GUTTER,2,,0,27,52500,RCI,4.4,,45,3 NO-INCAPACITATING INJURY,31 Q/C COMPLETED - LOC VERIFIED,0 NO,01 NOT AT INTERSECTION/RRX/BRIDGE,01 DAYLIGHT,01 CLEAR,01 DRY,01 LEVEL,1 STRAIGHT,"TWO-WAY, DIVIDED, POSITIVE MED","TWO-WAY, DIVIDED, POSITIVE MED",TRAFFIC CONTROL SIGNAL,TRAFFIC CONTROL SIGNAL,6,NONE,NOT CODED,NOT CODED,NONE,NOT CODED,NOT CODED,14 MOTOR VEHICLE IN TRANSPORT,01 FRONT TO REAR,77 OTHER (SEE NARRATIVE),FOLLOWED TOO CLOSELY,NO CONTRIBUTING ACTION,00 NOT CODED,00 NOT CODED,00 NOT CODED,00 NOT CODED,01 NO,5,0,0,0,4,0,4,5,N,N,N,N,N,N,N,N,N,N,N,N,N,N,N,N,N,N,N,N,N,Y,N,Y,N,N,26.18805074,-80.17249728,582684.014,2896773.059,R,,ARBM15Q1R2,26-Feb-22,213598,-8924761.871,3022391.131
2.01284E+12,2012,835821500,1286443,CITY POLICE DEPARTMENT,04 FOURTH,BROWARD,29-Jul-12,1210,MONDAY,8638 FT. LAUDERDALE,1038,Y,US 1,14TH ST SE,0,,0,0,26.1048798,-80.1368345,86010000,9.12,1329,SR 5,US 1,R RIGHT,1 THRU LANE 1,N NORTH,30 URBAN 6+LN 2WY DIVD RASD,02 U.S.,77 OTHER (SEE NARRATIVE),01 ON ROADWAY,03 T-INTERSECTION,03 CURB,45,25-May-10,14 URBAN PRIN ART OTHER,32,CURB&GUTTER,2,,0,,0,18,39000,RCI,2.8,,40,1 NO INJURY,31 Q/C COMPLETED - LOC VERIFIED,0 NO,02 AT INTERSECTION,01 DAYLIGHT,01 CLEAR,01 DRY,01 LEVEL,1 STRAIGHT,"TWO-WAY, DIVIDED, POSITIVE MED","TWO-WAY, DIVIDED, POSITIVE MED","PERSON (INCLUDING FLAGMAN, OFF","PERSON (INCLUDING FLAGMAN, OFF",6,OTHER (SEE NARRATIVE),NOT CODED,NOT CODED,ALL OTHER (SEE NARRTIVE),NOT CODED,NOT CODED,14 MOTOR VEHICLE IN TRANSPORT,01 FRONT TO REAR,01 STRAIGHT AHEAD,NO CONTRIBUTING ACTION,NO CONTRIBUTING ACTION,01 BEFORE THE FIRST WARNING SIGN,03 WORK ON SHOULDER OR MEDIAN,01 NO,01 NO,01 NO,0,0,0,0,2,0,2,2,N,Y,N,Y,N,N,N,N,N,N,N,N,N,N,N,N,N,N,N,N,N,Y,N,N,Y,N,26.10489558,-80.13679843,586312.3507,2887586.549,R,,ARBM15Q1R2,26-Feb-22,213619,-8920787.892,3012079.113
2.01284E+12,2012,835820990,12093708,CITY POLICE DEPARTMENT,04 FOURTH,BROWARD,16-Aug-12,1317,FRIDAY,8638 FT. LAUDERDALE,1038,Y,US 1,13TH ST SW,0,,0,0,26.0362584,-80.1433263,86010000,4.333,1275,SR 5,US 1,R RIGHT,3 THRU LANE 3,S SOUTH,21 URBAN 4-5LN 2WY DIVD PAVD,03 STATE,02 INTERSECTION,01 ON ROADWAY,01 NOT AT INTERSECTION,03 CURB,40,24-Jul-12,14 URBAN PRIN ART OTHER,23,PAVED,4,CURB&GUTTER,2,,0,11,30000,RCI,21.6,,35,2 POSSIBLE INJURY,31 Q/C COMPLETED - LOC VERIFIED,0 NO,02 AT INTERSECTION,01 DAYLIGHT,01 CLEAR,01 DRY,01 LEVEL,1 STRAIGHT,"TWO-WAY, DIVIDED, POSITIVE MED","TWO-WAY, DIVIDED, POSITIVE MED",NO CONTROLS,NO CONTROLS,4,NONE,NOT CODED,NOT CODED,NONE,NOT CODED,NOT CODED,14 MOTOR VEHICLE IN TRANSPORT,03 ANGLE,03 TURNING LEFT,IMPROPER TURN,NO CONTRIBUTING ACTION,00 NOT CODED,00 NOT CODED,00 NOT CODED,00 NOT CODED,01 NO,2,0,0,0,2,0,2,2,N,N,N,Y,N,N,N,N,N,N,N,N,N,N,N,N,N,N,N,N,N,N,N,N,N,N,26.03629934,-80.14332733,585709.4145,2879985.037,C,,ARBM15Q1R2,26-Feb-22,213622,-8921514.686,3003578.056