Crash Id,Calendar Year,FDOT Crash Number,Reporting Agency Case Number,Reporting Agency Type,FDOT Managing District,County Name,Crash Date,Crash Time,Day,DHSMV City,Crash Report City Code,In Town,On Roadway Name,Int Roadway Name,Reference Distance (Miles),Reference Direction,Officer Latitude,Officer Longitude,FDOT Latitude,FDOT Longitude,FDOT Roadway,Nearest Inventory MP,Nearest Node From Crash,State Road #,US Highway,Crash Side of Road,Accident Lane Number,Travel Direction Vehicle 1,FDOT Road Category,DHSMV Road System Id,Relation to Junction,Crash Harmful Event Location,Intersection Type,Shoulder Type,FDOT Roadway SKID Test Result,FDOT Roadway SKID Test Date,Functional Class,RCI Surface Width,RCI Shoulder Type First,RCI Shoulder Width First,RCI Shoulder Type Second,RCI Shoulder Width Second,RCI Shoulder Type Third,RCI Shoulder Width Third,RCI Median Width,Avg Daily Traffic,AADT Source,RCI Avg Per Truck Traffic,RCI Horiz Curve Condition,Posted Speed Limit,Highest Injury in Crash,CAR Status Code,Alcohols/Drug Involved,Site Location,Lighting,Weather,Road Surface,Roadway Grade,Roadway Alignment,Traffic Way Vehicle 1,Traffic Way Vehicle 2,Traffic Control Vehicle 1,Traffic Control Vehicle 2,Count of Lanes,Road Condition 1,Road Condition 2,Road Condition 3,Environment Condition 1,Environment Condition 2,Environment Condition 3,Crash Harmful Event,Manner of Collision,Vehicle Movement,Driver Action Vehicle 1,Driver Action Vehicle 2,Location Within Workzone,Type of Workzone,Workers Present in Workzone,Law Enforcement Present in Workzone,School Bus Related,Count of Nonfatal Injuries,Count of Traffic Fatalities,Count of Serious Injuries,Count of Pedestrians,Count of Drivers,Count of Bicyclists,Count of Vehicles,Count of Persons,Wrong Way,Workzone Inv,Commercial Vehicle Inv,Intersection Inv,Lane Departure,Speeding,Agressive Driving,Impaired Driver,Impaired Pedestrian,Impaired Bicyclist,Distracted Driver,Speeding or Aggressive Driving,Pedestrian Related,Bicyclist Related,Pedestrian or Bicyclist Related,Motorcycle Inv,No Belt,No Belt - Ages 1-4,No Belt - Ages 5-12,No Belt - Ages 13-17,Driver - Ages Teen,Driver - Ages 65 plus,Driver - Ages 65-69,Driver - Ages 70-74,Driver - Ages 75-79,Driver - Ages 80 plus,ARBM Latitude,ARBM Longitude,UTM Zone 17N X,UTM Zone 17N Y,ARBM Side of Road,Urban Rural Indicator,GIS Street Source,Extract Date,OBJECTID,x,y
2.01284E+12,2012,836393880,12136903,CITY POLICE DEPARTMENT,04 FOURTH,BROWARD,3-Dec-12,1629,TUESDAY,8638 FT. LAUDERDALE,1038,Y,SR 842,31ST AVE SW,0.002,W,0,0,26.121259,-80.1862445,86006000,4.118,447,SR 842,,R RIGHT,1 THRU LANE 1,E EAST,30 URBAN 6+LN 2WY DIVD RASD,03 STATE,01 NON-JUNCTION,01 ON ROADWAY,01 NOT AT INTERSECTION,03 CURB,40,21-Oct-09,14 URBAN PRIN ART OTHER,32,CURB&GUTTER,2,,0,,0,17,42500,RCI,2.7,,40,2 POSSIBLE INJURY,31 Q/C COMPLETED - LOC VERIFIED,0 NO,02 AT INTERSECTION,01 DAYLIGHT,01 CLEAR,01 DRY,01 LEVEL,1 STRAIGHT,"TWO-WAY, DIVIDED, POSITIVE MED","TWO-WAY, DIVIDED, POSITIVE MED",NO CONTROLS,TRAFFIC CONTROL SIGNAL,6,NONE,NOT CODED,NOT CODED,NONE,NOT CODED,NOT CODED,14 MOTOR VEHICLE IN TRANSPORT,01 FRONT TO REAR,01 STRAIGHT AHEAD,OPERATED MV IN CARLESS OR NEGL,NO CONTRIBUTING ACTION,00 NOT CODED,00 NOT CODED,00 NOT CODED,00 NOT CODED,01 NO,1,0,0,0,2,0,2,3,N,N,N,Y,N,N,N,N,N,N,N,N,N,N,N,N,N,N,N,N,N,N,N,N,N,N,26.1212438,-80.1862434,581356.7704,2889365.312,R,,ARBM15Q1R2,26-Feb-22,214332,-8926292.083,3014105.866
2.01284E+12,2012,836396520,12140981,CITY POLICE DEPARTMENT,04 FOURTH,BROWARD,13-Dec-12,1923,FRIDAY,8638 FT. LAUDERDALE,1038,Y,BROWARD BLVD,5TH AVE SW,0.001,W,0,0,26.1221721,-80.1486841,86006000,6.455,472,SR 842,,R RIGHT,3 THRU LANE 3,E EAST,30 URBAN 6+LN 2WY DIVD RASD,03 STATE,01 NON-JUNCTION,01 ON ROADWAY,01 NOT AT INTERSECTION,03 CURB,34,21-Oct-09,14 URBAN PRIN ART OTHER,33,PAVED,2,CURB&GUTTER,2,,0,16,49000,RCI,10.5,,35,2 POSSIBLE INJURY,31 Q/C COMPLETED - LOC VERIFIED,0 NO,02 AT INTERSECTION,04 DARK-LIGHTED,01 CLEAR,01 DRY,01 LEVEL,1 STRAIGHT,"TWO-WAY, DIVIDED, POSITIVE MED","TWO-WAY, DIVIDED, POSITIVE MED",NO CONTROLS,NO CONTROLS,6,NONE,NOT CODED,NOT CODED,NONE,NOT CODED,NOT CODED,14 MOTOR VEHICLE IN TRANSPORT,01 FRONT TO REAR,01 STRAIGHT AHEAD,OTHER CONTRIBUTING ACTION,NO CONTRIBUTING ACTION,00 NOT CODED,00 NOT CODED,00 NOT CODED,00 NOT CODED,01 NO,1,0,0,0,2,0,2,3,N,N,N,Y,N,N,N,N,N,N,N,N,N,N,N,N,N,N,N,N,N,N,N,N,N,N,26.12215311,-80.14864196,585115.5493,2889490.073,R,,ARBM15Q1R2,26-Feb-22,214333,-8922106.309,3014218.604
2.01284E+12,2012,836028300,12125777,CITY POLICE DEPARTMENT,04 FOURTH,BROWARD,4-Nov-12,1245,MONDAY,8638 FT. LAUDERDALE,1038,Y,SR 842,15TH AVE NW,0.002,W,0,0,26.1218627,-80.1617044,86006000,5.645,462,SR 842,,L LEFT,3 THRU LANE 3,W WEST,30 URBAN 6+LN 2WY DIVD RASD,03 STATE,88 UNKNOWN,01 ON ROADWAY,03 T-INTERSECTION,01 PAVED,35,21-Oct-09,14 URBAN PRIN ART OTHER,32,PAVED,4,CURB&GUTTER,2,,0,17,78000,RCI,5.4,,40,1 NO INJURY,31 Q/C COMPLETED - LOC VERIFIED,0 NO,02 AT INTERSECTION,01 DAYLIGHT,01 CLEAR,01 DRY,01 LEVEL,1 STRAIGHT,"TWO-WAY, DIVIDED, UNPROTECTED","TWO-WAY, DIVIDED, UNPROTECTED",TRAFFIC CONTROL SIGNAL,TRAFFIC CONTROL SIGNAL,6,NONE,NOT CODED,NOT CODED,NONE,NOT CODED,NOT CODED,14 MOTOR VEHICLE IN TRANSPORT,"04 SIDESWIPE, SAME DIRECTION",05 TURNING RIGHT,OTHER CONTRIBUTING ACTION,NO CONTRIBUTING ACTION,00 NOT CODED,00 NOT CODED,00 NOT CODED,00 NOT CODED,01 NO,0,0,0,0,2,0,2,2,N,N,N,Y,N,N,N,N,N,N,N,N,N,N,N,N,N,N,N,N,N,N,N,N,N,N,26.12197522,-80.16167235,583812.8892,2889461.914,L,,ARBM15Q1R2,26-Feb-22,214334,-8923556.846,3014196.549
2.01291E+12,2012,914194020,1260074,CITY POLICE DEPARTMENT,04 FOURTH,BROWARD,25-May-12,314,SATURDAY,8638 FT. LAUDERDALE,1038,Y,14TH ST SE,FEDERAL HWY,0.019,E,0,0,26.1048798,-80.1368345,86010000,9.12,1329,SR 5,US 1,S SIDE RD RIGHT,S SIDE OF ROAD,W WEST,30 URBAN 6+LN 2WY DIVD RASD,05 LOCAL,88 UNKNOWN,02 OFF ROADWAY,01 NOT AT INTERSECTION,01 PAVED,45,25-May-10,14 URBAN PRIN ART OTHER,32,CURB&GUTTER,2,,0,,0,18,39000,RCI,2.8,,40,1 NO INJURY,31 Q/C COMPLETED - LOC VERIFIED,0 NO,01 NOT AT INTERSECTION/RRX/BRIDGE,04 DARK-LIGHTED,01 CLEAR,01 DRY,01 LEVEL,1 STRAIGHT,"TWO-WAY, NOT DIVIDED",,NO CONTROLS,NOT CODED,6,NONE,NOT CODED,NOT CODED,UNKNOWN,NOT CODED,NOT CODED,32 TREE (STANDING),77 OTHER (SEE NARRATIVE),01 STRAIGHT AHEAD,OTHER CONTRIBUTING ACTION,NOT CODED,00 NOT CODED,00 NOT CODED,00 NOT CODED,00 NOT CODED,01 NO,0,0,0,0,1,0,1,1,N,N,N,N,Y,N,N,N,N,N,N,N,N,N,N,N,N,N,N,N,N,N,N,N,N,N,26.10489558,-80.13679843,586312.3507,2887586.549,R,,ARBM15Q1R2,26-Feb-22,214402,-8920787.892,3012079.113
2.01291E+12,2012,914174290,1221861,CITY POLICE DEPARTMENT,04 FOURTH,BROWARD,23-Feb-12,2028,FRIDAY,8638 FT. LAUDERDALE,1038,Y,BROWARD BLVD,18TH AVE SW,0.09,W,0,0,26.1216452,-80.1671317,86006000,5.307,2003,SR 842,,M MEDIAN,M MIDDLE,E EAST,30 URBAN 6+LN 2WY DIVD RASD,03 STATE,01 NON-JUNCTION,01 ON ROADWAY,01 NOT AT INTERSECTION,03 CURB,39,21-Oct-09,14 URBAN PRIN ART OTHER,34,CURB&GUTTER,2,,0,,0,28,78000,RCI,5.4,,40,2 POSSIBLE INJURY,31 Q/C COMPLETED - LOC VERIFIED,0 NO,01 NOT AT INTERSECTION/RRX/BRIDGE,04 DARK-LIGHTED,01 CLEAR,01 DRY,01 LEVEL,1 STRAIGHT,"TWO-WAY, DIVIDED, POSITIVE MED","TWO-WAY, DIVIDED, POSITIVE MED",NO CONTROLS,NO CONTROLS,6,NONE,NOT CODED,NOT CODED,NONE,NOT CODED,NOT CODED,14 MOTOR VEHICLE IN TRANSPORT,77 OTHER (SEE NARRATIVE),01 STRAIGHT AHEAD,OTHER CONTRIBUTING ACTION,NO CONTRIBUTING ACTION,00 NOT CODED,00 NOT CODED,00 NOT CODED,00 NOT CODED,01 NO,2,0,0,0,2,0,2,3,N,N,N,N,Y,N,N,N,N,N,N,N,N,N,N,N,N,N,N,N,N,N,N,N,N,N,26.12163164,-80.16710955,583269.5179,2889420.37,R,,ARBM15Q1R2,26-Feb-22,214403,-8924162.112,3014153.951
2.01291E+12,2012,914188240,1287181,CITY POLICE DEPARTMENT,04 FOURTH,BROWARD,31-Jul-12,819,WEDNESDAY,8638 FT. LAUDERDALE,1038,Y,SR 842,14TH AVE SW R,0.009,E,0,0,26.1218719,-80.1603865,86006000,5.727,463,SR 842,,R RIGHT,2 THRU LANE 2,E EAST,30 URBAN 6+LN 2WY DIVD RASD,03 STATE,01 NON-JUNCTION,01 ON ROADWAY,01 NOT AT INTERSECTION,03 CURB,35,21-Oct-09,14 URBAN PRIN ART OTHER,32,PAVED,4,CURB&GUTTER,2,,0,16,78000,RCI,5.4,,40,2 POSSIBLE INJURY,31 Q/C COMPLETED - LOC VERIFIED,0 NO,02 AT INTERSECTION,01 DAYLIGHT,01 CLEAR,01 DRY,01 LEVEL,1 STRAIGHT,"TWO-WAY, DIVIDED, POSITIVE MED","TWO-WAY, DIVIDED, POSITIVE MED",NO CONTROLS,NO CONTROLS,6,NONE,NOT CODED,NOT CODED,NONE,NOT CODED,NOT CODED,14 MOTOR VEHICLE IN TRANSPORT,01 FRONT TO REAR,01 STRAIGHT AHEAD,OPERATED MV IN CARLESS OR NEGL,NO CONTRIBUTING ACTION,00 NOT CODED,00 NOT CODED,00 NOT CODED,00 NOT CODED,01 NO,1,0,0,0,2,0,2,2,N,N,N,Y,N,N,N,N,N,N,N,N,N,N,N,N,N,N,N,N,N,N,N,N,N,N,26.12185757,-80.16035662,583944.5213,2889449.731,R,,ARBM15Q1R2,26-Feb-22,214404,-8923410.379,3014181.962
2.01284E+12,2012,836026370,12123703,CITY POLICE DEPARTMENT,04 FOURTH,BROWARD,30-Oct-12,729,WEDNESDAY,8638 FT. LAUDERDALE,1038,Y,SR 842,25TH TERR NW,0.009,E,0,0,26.1215618,-80.1757805,86006000,4.769,457,SR 842,,L LEFT,3 THRU LANE 3,E EAST,30 URBAN 6+LN 2WY DIVD RASD,03 STATE,01 NON-JUNCTION,01 ON ROADWAY,01 NOT AT INTERSECTION,03 CURB,39,21-Oct-09,14 URBAN PRIN ART OTHER,32,CURB&GUTTER,2,,0,,0,16,48500,RCI,3.4,,40,2 POSSIBLE INJURY,31 Q/C COMPLETED - LOC VERIFIED,0 NO,04 DRIVEWAY ACCESS,01 DAYLIGHT,01 CLEAR,01 DRY,01 LEVEL,1 STRAIGHT,"TWO-WAY, DIVIDED, POSITIVE MED","TWO-WAY, DIVIDED, POSITIVE MED",NO CONTROLS,NO CONTROLS,6,NONE,NOT CODED,NOT CODED,NONE,NOT CODED,NOT CODED,14 MOTOR VEHICLE IN TRANSPORT,01 FRONT TO REAR,01 STRAIGHT AHEAD,OPERATED MV IN CARLESS OR NEGL,OPERATED MV IN CARLESS OR NEGL,00 NOT CODED,00 NOT CODED,00 NOT CODED,00 NOT CODED,01 NO,2,0,0,0,2,0,2,3,N,N,N,N,N,N,N,N,N,N,N,N,N,N,N,N,N,N,N,N,N,N,N,N,N,N,26.12168758,-80.17577085,582403.5154,2889421.051,L,,ARBM15Q1R2,26-Feb-22,214405,-8925126.283,3014160.886
2.01291E+12,2012,914180680,1228895,CITY POLICE DEPARTMENT,04 FOURTH,BROWARD,11-Mar-12,621,MONDAY,8638 FT. LAUDERDALE,1038,Y,BROWARD BLVD,24TH AVE SW,0,,0,0,26.1216135,-80.1738996,86006000,4.886,459,SR 842,,I INTERSECTION,M MIDDLE,W WEST,30 URBAN 6+LN 2WY DIVD RASD,03 STATE,01 NON-JUNCTION,01 ON ROADWAY,03 T-INTERSECTION,03 CURB,39,21-Oct-09,14 URBAN PRIN ART OTHER,32,CURB&GUTTER,2,,0,,0,16,48500,RCI,3.4,,40,2 POSSIBLE INJURY,31 Q/C COMPLETED - LOC VERIFIED,0 NO,02 AT INTERSECTION,03 DAWN,03 RAIN,02 WET,01 LEVEL,1 STRAIGHT,"TWO-WAY, DIVIDED, POSITIVE MED","TWO-WAY, DIVIDED, POSITIVE MED",NO CONTROLS,NO CONTROLS,6,NONE,NOT CODED,NOT CODED,NONE,NOT CODED,NOT CODED,14 MOTOR VEHICLE IN TRANSPORT,03 ANGLE,03 TURNING LEFT,FAILED TO YIELD RIGHT-OF-WAY,NO CONTRIBUTING ACTION,00 NOT CODED,00 NOT CODED,00 NOT CODED,00 NOT CODED,01 NO,1,0,0,0,2,0,2,2,N,N,N,Y,N,N,N,N,N,N,N,N,N,N,N,N,N,N,N,N,N,N,N,N,N,N,26.12160523,-80.17388704,582591.9171,2889413.125,R,,ARBM15Q1R2,26-Feb-22,214406,-8924916.579,3014150.676
2.01291E+12,2012,914190200,12011819,CITY POLICE DEPARTMENT,04 FOURTH,BROWARD,30-Jan-12,1623,TUESDAY,8638 FT. LAUDERDALE,1038,Y,FEDERAL HWY,6TH ST SE,0.019,S,0,0,26.1145837,-80.1370589,86010000,9.789,2127,SR 5,US 1,R RIGHT,2 THRU LANE 2,N NORTH,30 URBAN 6+LN 2WY DIVD RASD,02 U.S.,01 NON-JUNCTION,01 ON ROADWAY,01 NOT AT INTERSECTION,03 CURB,45,25-May-10,14 URBAN PRIN ART OTHER,22,CURB&GUTTER,2,,0,,0,18,44500,RCI,3.2,,40,3 NO-INCAPACITATING INJURY,31 Q/C COMPLETED - LOC VERIFIED,0 NO,01 NOT AT INTERSECTION/RRX/BRIDGE,01 DAYLIGHT,01 CLEAR,01 DRY,01 LEVEL,1 STRAIGHT,"TWO-WAY, DIVIDED, POSITIVE MED","TWO-WAY, DIVIDED, POSITIVE MED",NO CONTROLS,NO CONTROLS,5,NONE,NOT CODED,NOT CODED,NONE,NOT CODED,NOT CODED,14 MOTOR VEHICLE IN TRANSPORT,01 FRONT TO REAR,77 OTHER (SEE NARRATIVE),OTHER CONTRIBUTING ACTION,NO CONTRIBUTING ACTION,00 NOT CODED,00 NOT CODED,00 NOT CODED,00 NOT CODED,01 NO,3,0,0,0,2,0,2,5,N,N,N,N,N,N,N,N,N,N,N,N,N,N,N,N,Y,N,N,N,N,N,N,N,N,N,26.11461766,-80.13703634,586281.4226,2888663.142,R,,ARBM15Q1R2,26-Feb-22,214407,-8920814.377,3013284.363
2.01291E+12,2012,914174430,12022430,CITY POLICE DEPARTMENT,04 FOURTH,BROWARD,25-Feb-12,742,SUNDAY,8638 FT. LAUDERDALE,1038,Y,BROWARD BLVD,ANDREWS AVE,0,,0,0,26.1222342,-80.1435744,86006000,6.773,479,SR 842,,I INTERSECTION,M MIDDLE,E EAST,30 URBAN 6+LN 2WY DIVD RASD,02 U.S.,02 INTERSECTION,01 ON ROADWAY,02 FOUR-WAY INTERSECTION,03 CURB,34,21-Oct-09,14 URBAN PRIN ART OTHER,33,PAVED,3,CURB&GUTTER,2,,0,16,49000,RCI,10.5,,35,1 NO INJURY,31 Q/C COMPLETED - LOC VERIFIED,0 NO,02 AT INTERSECTION,01 DAYLIGHT,03 RAIN,02 WET,01 LEVEL,1 STRAIGHT,"TWO-WAY, DIVIDED, POSITIVE MED","TWO-WAY, NOT DIVIDED",TRAFFIC CONTROL SIGNAL,TRAFFIC CONTROL SIGNAL,6,NONE,NOT CODED,NOT CODED,NONE,NOT CODED,NOT CODED,14 MOTOR VEHICLE IN TRANSPORT,77 OTHER (SEE NARRATIVE),01 STRAIGHT AHEAD,RAN RED LIGHT,NO CONTRIBUTING ACTION,00 NOT CODED,00 NOT CODED,00 NOT CODED,00 NOT CODED,01 NO,0,0,0,0,2,0,2,2,N,N,N,Y,N,N,N,N,N,N,N,N,N,N,N,N,N,N,N,N,N,N,N,N,N,N,26.12221445,-80.14352656,585626.9466,2889500.224,R,,ARBM15Q1R2,26-Feb-22,214408,-8921536.864,3014226.21
2.01291E+12,2012,914173210,1227225,CITY POLICE DEPARTMENT,04 FOURTH,BROWARD,7-Mar-12,835,THURSDAY,8638 FT. LAUDERDALE,1038,Y,COMMERCIAL BLVD,21ST AVE NW,0.25,E,0,0,26.1881909,-80.1672121,86014000,5.503,7003,SR 870,,R RIGHT,S SIDE OF ROAD,E EAST,30 URBAN 6+LN 2WY DIVD RASD,03 STATE,01 NON-JUNCTION,01 ON ROADWAY,01 NOT AT INTERSECTION,03 CURB,33,7-Jun-11,14 URBAN PRIN ART OTHER,33,PAVED,4,CURB&GUTTER,2,,0,27,52500,RCI,4.4,,45,2 POSSIBLE INJURY,31 Q/C COMPLETED - LOC VERIFIED,0 NO,01 NOT AT INTERSECTION/RRX/BRIDGE,01 DAYLIGHT,02 CLOUDY,02 WET,01 LEVEL,1 STRAIGHT,"TWO-WAY, DIVIDED, POSITIVE MED",,NO CONTROLS,NOT CODED,6,"RD SURFC (WET, ICY, SNOW, ETC)",NOT CODED,NOT CODED,NONE,NOT CODED,NOT CODED,09 OTHER NON-COLLISION,77 OTHER (SEE NARRATIVE),01 STRAIGHT AHEAD,SWERVED OR AVOIDED:  DUE TO WI,NOT CODED,00 NOT CODED,00 NOT CODED,00 NOT CODED,00 NOT CODED,01 NO,1,0,0,0,1,0,1,1,N,N,N,N,Y,N,N,N,N,N,N,N,N,N,N,N,N,N,N,N,N,N,N,N,N,N,26.18816767,-80.16724623,583208.638,2896789.364,R,,ARBM15Q1R2,26-Feb-22,214409,-8924177.327,3022405.637
2.01291E+12,2012,914173230,1229416,CITY POLICE DEPARTMENT,04 FOURTH,BROWARD,12-Mar-12,1055,TUESDAY,8638 FT. LAUDERDALE,1038,Y,SR 870,SR 845,0.25,W,0,0,26.1883274,-80.1592439,86014000,5.998,2327,SR 870,,R RIGHT,3 THRU LANE 3,E EAST,30 URBAN 6+LN 2WY DIVD RASD,03 STATE,04 DRIVEWAY/ALLEY ACCESS RELATED,01 ON ROADWAY,01 NOT AT INTERSECTION,03 CURB,33,7-Jun-11,14 URBAN PRIN ART OTHER,33,PAVED,4,CURB&GUTTER,2,,0,27,52500,RCI,4.4,,45,2 POSSIBLE INJURY,31 Q/C COMPLETED - LOC VERIFIED,0 NO,04 DRIVEWAY ACCESS,01 DAYLIGHT,01 CLEAR,01 DRY,01 LEVEL,1 STRAIGHT,"TWO-WAY, DIVIDED, POSITIVE MED","TWO-WAY, DIVIDED, POSITIVE MED",NO CONTROLS,NO CONTROLS,6,NONE,NOT CODED,NOT CODED,NONE,NOT CODED,NOT CODED,14 MOTOR VEHICLE IN TRANSPORT,01 FRONT TO REAR,01 STRAIGHT AHEAD,FOLLOWED TOO CLOSELY,SWERVED OR AVOIDED:  DUE TO WI,00 NOT CODED,00 NOT CODED,00 NOT CODED,00 NOT CODED,01 NO,3,0,0,0,2,0,2,3,N,N,N,N,Y,N,N,N,N,N,N,N,N,N,N,N,N,N,N,N,N,N,N,N,N,N,26.18829882,-80.1592726,584005.303,2896809.025,R,,ARBM15Q1R2,26-Feb-22,214410,-8923289.706,3022421.906
2.01291E+12,2012,914173780,12034940,CITY POLICE DEPARTMENT,04 FOURTH,BROWARD,25-Mar-12,725,MONDAY,8638 FT. LAUDERDALE,1038,Y,COMMERCIAL BLVD,21ST AVE NW,0.006,W,0,0,26.1880957,-80.1713319,86014000,5.247,2324,SR 870,,R RIGHT,2 THRU LANE 2,E EAST,30 URBAN 6+LN 2WY DIVD RASD,03 STATE,03 INTERSECTION-RELATED,01 ON ROADWAY,01 NOT AT INTERSECTION,03 CURB,33,7-Jun-11,14 URBAN PRIN ART OTHER,33,PAVED,4,CURB&GUTTER,2,,0,27,52500,RCI,4.4,,45,2 POSSIBLE INJURY,31 Q/C COMPLETED - LOC VERIFIED,0 NO,02 AT INTERSECTION,01 DAYLIGHT,01 CLEAR,01 DRY,01 LEVEL,1 STRAIGHT,"TWO-WAY, DIVIDED, POSITIVE MED","TWO-WAY, DIVIDED, POSITIVE MED",TRAFFIC CONTROL SIGNAL,TRAFFIC CONTROL SIGNAL,6,NONE,NOT CODED,NOT CODED,NONE,NOT CODED,NOT CODED,14 MOTOR VEHICLE IN TRANSPORT,01 FRONT TO REAR,01 STRAIGHT AHEAD,OPERATED MV IN CARLESS OR NEGL,NO CONTRIBUTING ACTION,00 NOT CODED,00 NOT CODED,00 NOT CODED,00 NOT CODED,01 NO,5,0,0,0,4,0,4,5,N,N,N,Y,N,N,N,N,N,N,N,N,N,N,N,N,N,N,N,N,Y,N,N,N,N,N,26.18807135,-80.1713696,582796.682,2896776.06,R,,ARBM15Q1R2,26-Feb-22,214411,-8924636.339,3022393.688
2.01291E+12,2012,914192660,1256643,CITY POLICE DEPARTMENT,04 FOURTH,BROWARD,16-May-12,1630,THURSDAY,8638 FT. LAUDERDALE,1038,Y,SR 870,20TH AVE NE,0.013,W,0,0,26.1891333,-80.1185208,86014000,8.53,2362,SR 870,,R RIGHT,1 THRU LANE 1,E EAST,30 URBAN 6+LN 2WY DIVD RASD,03 STATE,01 NON-JUNCTION,01 ON ROADWAY,01 NOT AT INTERSECTION,03 CURB,34,7-Jun-11,14 URBAN PRIN ART OTHER,34,CURB&GUTTER,2,,0,,0,15,40500,RCI,1.7,,35,2 POSSIBLE INJURY,31 Q/C COMPLETED - LOC VERIFIED,0 NO,03 INFLUENCED BY INTERSECTION,01 DAYLIGHT,01 CLEAR,02 WET,01 LEVEL,1 STRAIGHT,"TWO-WAY, DIVIDED, POSITIVE MED","TWO-WAY, DIVIDED, POSITIVE MED",NO CONTROLS,NO CONTROLS,6,NONE,NOT CODED,NOT CODED,NONE,NOT CODED,NOT CODED,14 MOTOR VEHICLE IN TRANSPORT,01 FRONT TO REAR,14 SLOWING,FOLLOWED TOO CLOSELY,NO CONTRIBUTING ACTION,00 NOT CODED,00 NOT CODED,00 NOT CODED,00 NOT CODED,01 NO,1,0,0,0,2,0,2,3,N,N,N,Y,N,N,N,N,N,N,N,N,N,N,N,N,N,N,N,N,N,N,N,N,N,N,26.18911912,-80.11852274,588076.5956,2896926.886,R,,ARBM15Q1R2,26-Feb-22,214412,-8918753.452,3022523.667
2.01291E+12,2012,914180510,12028472,CITY POLICE DEPARTMENT,04 FOURTH,BROWARD,10-Mar-12,347,SUNDAY,8638 FT. LAUDERDALE,1038,Y,COMMERCIAL BLVD,21ST AVE NW,0,,0,0,26.188098,-80.1712348,86014000,5.253,2324,SR 870,,I INTERSECTION,M MIDDLE,E EAST,30 URBAN 6+LN 2WY DIVD RASD,03 STATE,02 INTERSECTION,01 ON ROADWAY,02 FOUR-WAY INTERSECTION,03 CURB,33,7-Jun-11,14 URBAN PRIN ART OTHER,33,PAVED,4,CURB&GUTTER,2,,0,27,52500,RCI,4.4,,45,2 POSSIBLE INJURY,31 Q/C COMPLETED - LOC VERIFIED,0 NO,02 AT INTERSECTION,04 DARK-LIGHTED,01 CLEAR,01 DRY,01 LEVEL,1 STRAIGHT,"TWO-WAY, DIVIDED, POSITIVE MED","TWO-WAY, DIVIDED, POSITIVE MED",TRAFFIC CONTROL SIGNAL,TRAFFIC CONTROL SIGNAL,6,UNKNOWN,NOT CODED,NOT CODED,NONE,NOT CODED,NOT CODED,14 MOTOR VEHICLE IN TRANSPORT,01 FRONT TO REAR,01 STRAIGHT AHEAD,NO CONTRIBUTING ACTION,OTHER CONTRIBUTING ACTION,00 NOT CODED,00 NOT CODED,00 NOT CODED,00 NOT CODED,01 NO,1,0,0,0,2,0,2,2,N,N,N,Y,N,N,N,N,N,N,N,N,N,N,N,N,N,N,N,N,N,N,N,N,N,N,26.1880731,-80.1712731,582806.3226,2896776.316,R,,ARBM15Q1R2,26-Feb-22,214413,-8924625.597,3022393.905
2.01284E+12,2012,835820950,1293484,CITY POLICE DEPARTMENT,04 FOURTH,BROWARD,15-Aug-12,1055,THURSDAY,8638 FT. LAUDERDALE,1038,Y,SR 838,24TH AVE NE,0,,0,0,26.1378213,-80.1148085,86005000,0.459,319,SR 838,,R RIGHT,2 THRU LANE 2,E EAST,30 URBAN 6+LN 2WY DIVD RASD,03 STATE,01 NON-JUNCTION,01 ON ROADWAY,02 FOUR-WAY INTERSECTION,03 CURB,38,8-Jul-12,16 URBAN MINOR ART,32,PAVED,4,CURB&GUTTER,2,,0,30,25000,RCI,4.2,,35,2 POSSIBLE INJURY,31 Q/C COMPLETED - LOC VERIFIED,1 ALC,02 AT INTERSECTION,04 DARK-LIGHTED,01 CLEAR,01 DRY,01 LEVEL,1 STRAIGHT,"TWO-WAY, DIVIDED, POSITIVE MED","TWO-WAY, DIVIDED, UNPROTECTED",TRAFFIC CONTROL SIGNAL,TRAFFIC CONTROL SIGNAL,6,"TRAF DEV INOPER, MISSING, OBSC",NOT CODED,NOT CODED,NONE,NOT CODED,NOT CODED,14 MOTOR VEHICLE IN TRANSPORT,01 FRONT TO REAR,01 STRAIGHT AHEAD,OPERATED MV IN CARLESS OR NEGL,NO CONTRIBUTING ACTION,00 NOT CODED,00 NOT CODED,00 NOT CODED,00 NOT CODED,01 NO,1,0,0,0,2,0,2,5,N,N,N,Y,N,N,Y,Y,N,N,Y,Y,N,N,N,N,N,N,N,N,N,N,N,N,N,N,26.13780052,-80.11497384,588469.9317,2891245.544,R,,ARBM15Q1R2,26-Feb-22,214450,-8918358.39,3016158.756
2.01284E+12,2012,836391380,12131889,CITY POLICE DEPARTMENT,04 FOURTH,BROWARD,19-Nov-12,2150,TUESDAY,8638 FT. LAUDERDALE,1038,Y,SUNRISE BLVD,26TH AVE NE,0,W,0,0,26.1379069,-80.1107648,86005000,0.708,2778,SR 838,,R RIGHT,3 THRU LANE 3,E EAST,30 URBAN 6+LN 2WY DIVD RASD,02 U.S.,02 INTERSECTION,01 ON ROADWAY,02 FOUR-WAY INTERSECTION,03 CURB,38,8-Jul-12,16 URBAN MINOR ART,32,PAVED,4,CURB&GUTTER,2,,0,27,23500,RCI,8.1,,35,1 NO INJURY,31 Q/C COMPLETED - LOC VERIFIED,0 NO,02 AT INTERSECTION,04 DARK-LIGHTED,01 CLEAR,01 DRY,01 LEVEL,1 STRAIGHT,"TWO-WAY, NOT DIVIDED","TWO-WAY, NOT DIVIDED",TRAFFIC CONTROL SIGNAL,TRAFFIC CONTROL SIGNAL,6,NONE,NOT CODED,NOT CODED,NONE,NOT CODED,NOT CODED,14 MOTOR VEHICLE IN TRANSPORT,01 FRONT TO REAR,01 STRAIGHT AHEAD,FOLLOWED TOO CLOSELY,NO CONTRIBUTING ACTION,00 NOT CODED,00 NOT CODED,00 NOT CODED,00 NOT CODED,01 NO,0,0,0,0,2,0,2,3,N,N,N,Y,N,N,N,N,N,N,N,N,N,N,N,N,N,N,N,N,N,N,N,N,N,N,26.13789486,-80.11087708,588879.4052,2891258.785,R,,ARBM15Q1R2,26-Feb-22,214451,-8917902.34,3016170.453