Crash Id,Calendar Year,FDOT Crash Number,Reporting Agency Case Number,Reporting Agency Type,FDOT Managing District,County Name,Crash Date,Crash Time,Day,DHSMV City,Crash Report City Code,In Town,On Roadway Name,Int Roadway Name,Reference Distance (Miles),Reference Direction,Officer Latitude,Officer Longitude,FDOT Latitude,FDOT Longitude,FDOT Roadway,Nearest Inventory MP,Nearest Node From Crash,State Road #,US Highway,Crash Side of Road,Accident Lane Number,Travel Direction Vehicle 1,FDOT Road Category,DHSMV Road System Id,Relation to Junction,Crash Harmful Event Location,Intersection Type,Shoulder Type,FDOT Roadway SKID Test Result,FDOT Roadway SKID Test Date,Functional Class,RCI Surface Width,RCI Shoulder Type First,RCI Shoulder Width First,RCI Shoulder Type Second,RCI Shoulder Width Second,RCI Shoulder Type Third,RCI Shoulder Width Third,RCI Median Width,Avg Daily Traffic,AADT Source,RCI Avg Per Truck Traffic,RCI Horiz Curve Condition,Posted Speed Limit,Highest Injury in Crash,CAR Status Code,Alcohols/Drug Involved,Site Location,Lighting,Weather,Road Surface,Roadway Grade,Roadway Alignment,Traffic Way Vehicle 1,Traffic Way Vehicle 2,Traffic Control Vehicle 1,Traffic Control Vehicle 2,Count of Lanes,Road Condition 1,Road Condition 2,Road Condition 3,Environment Condition 1,Environment Condition 2,Environment Condition 3,Crash Harmful Event,Manner of Collision,Vehicle Movement,Driver Action Vehicle 1,Driver Action Vehicle 2,Location Within Workzone,Type of Workzone,Workers Present in Workzone,Law Enforcement Present in Workzone,School Bus Related,Count of Nonfatal Injuries,Count of Traffic Fatalities,Count of Serious Injuries,Count of Pedestrians,Count of Drivers,Count of Bicyclists,Count of Vehicles,Count of Persons,Wrong Way,Workzone Inv,Commercial Vehicle Inv,Intersection Inv,Lane Departure,Speeding,Agressive Driving,Impaired Driver,Impaired Pedestrian,Impaired Bicyclist,Distracted Driver,Speeding or Aggressive Driving,Pedestrian Related,Bicyclist Related,Pedestrian or Bicyclist Related,Motorcycle Inv,No Belt,No Belt - Ages 1-4,No Belt - Ages 5-12,No Belt - Ages 13-17,Driver - Ages Teen,Driver - Ages 65 plus,Driver - Ages 65-69,Driver - Ages 70-74,Driver - Ages 75-79,Driver - Ages 80 plus,ARBM Latitude,ARBM Longitude,UTM Zone 17N X,UTM Zone 17N Y,ARBM Side of Road,Urban Rural Indicator,GIS Street Source,Extract Date,OBJECTID,x,y
2.01284E+12,2012,835826050,12102681,CITY POLICE DEPARTMENT,04 FOURTH,BROWARD,7-Sep-12,2206,SATURDAY,8638 FT. LAUDERDALE,1038,Y,BROWARD BLVD,11TH AVE NW,0.038,E,0,0,26.1219948,-80.1556441,86006000,6.022,466,SR 842,,L LEFT,1 THRU LANE 1,W WEST,30 URBAN 6+LN 2WY DIVD RASD,03 STATE,01 NON-JUNCTION,01 ON ROADWAY,02 FOUR-WAY INTERSECTION,03 CURB,35,21-Oct-09,14 URBAN PRIN ART OTHER,32,PAVED,4,CURB&GUTTER,2,,0,16,78000,RCI,5.4,,35,2 POSSIBLE INJURY,31 Q/C COMPLETED - LOC VERIFIED,0 NO,03 INFLUENCED BY INTERSECTION,04 DARK-LIGHTED,01 CLEAR,01 DRY,01 LEVEL,1 STRAIGHT,"TWO-WAY, DIVIDED, POSITIVE MED","TWO-WAY, DIVIDED, POSITIVE MED",TRAFFIC CONTROL SIGNAL,TRAFFIC CONTROL SIGNAL,6,NONE,NOT CODED,NOT CODED,NONE,NOT CODED,NOT CODED,15 PARKED MOTOR VEHICLE,01 FRONT TO REAR,01 STRAIGHT AHEAD,OTHER CONTRIBUTING ACTION,OTHER CONTRIBUTING ACTION,00 NOT CODED,00 NOT CODED,00 NOT CODED,00 NOT CODED,01 NO,2,0,0,0,2,0,2,3,N,N,N,Y,N,N,N,N,N,N,N,N,N,N,N,N,N,N,N,N,Y,N,N,N,N,N,26.12211836,-80.15560182,584419.7226,2889481.691,L,,ARBM15Q1R2,26-Feb-22,214717,-8922881.077,3014214.296
2.01291E+12,2012,914172270,12079784,CITY POLICE DEPARTMENT,04 FOURTH,BROWARD,12-Jul-12,1138,FRIDAY,8638 FT. LAUDERDALE,1038,Y,SUNRISE BLVD,26TH AVE NE,0.047,W,0,0,26.1378938,-80.1115281,86005000,0.661,7963,SR 838,,R RIGHT,3 THRU LANE 3,E EAST,30 URBAN 6+LN 2WY DIVD RASD,03 STATE,01 NON-JUNCTION,01 ON ROADWAY,01 NOT AT INTERSECTION,03 CURB,38,8-Jul-12,16 URBAN MINOR ART,32,PAVED,4,CURB&GUTTER,2,,0,27,25000,RCI,4.2,,35,3 NO-INCAPACITATING INJURY,31 Q/C COMPLETED - LOC VERIFIED,0 NO,01 NOT AT INTERSECTION/RRX/BRIDGE,01 DAYLIGHT,02 CLOUDY,01 DRY,01 LEVEL,1 STRAIGHT,"TWO-WAY, DIVIDED, POSITIVE MED","TWO-WAY, DIVIDED, POSITIVE MED",NO CONTROLS,NO CONTROLS,6,NONE,NOT CODED,NOT CODED,NONE,NOT CODED,NOT CODED,14 MOTOR VEHICLE IN TRANSPORT,01 FRONT TO REAR,01 STRAIGHT AHEAD,FOLLOWED TOO CLOSELY,NO CONTRIBUTING ACTION,00 NOT CODED,00 NOT CODED,00 NOT CODED,00 NOT CODED,01 NO,1,0,0,0,2,0,2,2,N,N,N,N,N,N,N,N,N,N,N,N,N,N,N,N,N,N,N,N,N,Y,N,Y,N,N,26.1378808,-80.11165045,588802.1033,2891256.7,R,,ARBM15Q1R2,26-Feb-22,214796,-8917988.432,3016168.71
2.01284E+12,2012,836029380,12128485,CITY POLICE DEPARTMENT,04 FOURTH,BROWARD,11-Nov-12,804,MONDAY,8638 FT. LAUDERDALE,1038,Y,COMMERCIAL BLVD,18TH TERR NE,0.006,W,0,0,26.1890449,-80.1219487,86014000,8.317,2360,SR 870,,R RIGHT,3 THRU LANE 3,E EAST,30 URBAN 6+LN 2WY DIVD RASD,03 STATE,01 NON-JUNCTION,01 ON ROADWAY,01 NOT AT INTERSECTION,03 CURB,33,7-Jun-11,14 URBAN PRIN ART OTHER,35,CURB&GUTTER,2,,0,,0,15,40500,RCI,1.7,,35,2 POSSIBLE INJURY,31 Q/C COMPLETED - LOC VERIFIED,0 NO,02 AT INTERSECTION,01 DAYLIGHT,02 CLOUDY,02 WET,01 LEVEL,1 STRAIGHT,"TWO-WAY, DIVIDED, POSITIVE MED","TWO-WAY, DIVIDED, POSITIVE MED",NO CONTROLS,NO CONTROLS,6,NONE,NOT CODED,NOT CODED,NONE,NOT CODED,NOT CODED,14 MOTOR VEHICLE IN TRANSPORT,01 FRONT TO REAR,01 STRAIGHT AHEAD,OTHER CONTRIBUTING ACTION,NO CONTRIBUTING ACTION,00 NOT CODED,00 NOT CODED,00 NOT CODED,00 NOT CODED,01 NO,1,0,0,0,2,0,2,2,N,N,N,Y,N,N,N,N,N,N,N,N,N,N,N,N,N,N,N,N,N,N,N,N,N,N,26.18903178,-80.12195276,587733.9199,2896914.891,R,,ARBM15Q1R2,26-Feb-22,214799,-8919135.28,3022512.833
2.01291E+12,2012,914181680,12062633,CITY POLICE DEPARTMENT,04 FOURTH,BROWARD,31-May-12,1039,FRIDAY,8638 FT. LAUDERDALE,1038,Y,COMMERCIAL BLVD SR 870 E,DUPONT BLVD,0.019,E,0,0,26.1898107,-80.1034716,86014000,9.469,2110,SR 870,,M MEDIAN,M MIDDLE,W WEST,20 URBAN 4-5LN 2WY DIVD RASD,03 STATE,01 NON-JUNCTION,04 MEDIAN,01 NOT AT INTERSECTION,03 CURB,34,7-Jun-11,16 URBAN MINOR ART,20,RAISED CURB,0,,0,,0,4,36500,RCI,4.2,,35,1 NO INJURY,31 Q/C COMPLETED - LOC VERIFIED,0 NO,01 NOT AT INTERSECTION/RRX/BRIDGE,01 DAYLIGHT,03 RAIN,02 WET,04 DOWNHILL,1 STRAIGHT,"TWO-WAY, DIVIDED, POSITIVE MED",,NO CONTROLS,NOT CODED,4,NONE,NOT CODED,NOT CODED,NONE,NOT CODED,NOT CODED,24 CURB,77 OTHER (SEE NARRATIVE),01 STRAIGHT AHEAD,NO CONTRIBUTING ACTION,NOT CODED,00 NOT CODED,00 NOT CODED,00 NOT CODED,00 NOT CODED,01 NO,0,0,0,0,1,0,1,1,N,N,N,N,Y,N,N,N,N,N,Y,N,N,N,N,N,N,N,N,N,Y,N,N,N,N,N,26.18980089,-80.10346648,589580.5603,2897012.699,R,,ARBM15Q1R2,26-Feb-22,214800,-8917077.396,3022608.244
2.01291E+12,2012,914164650,12076968,CITY POLICE DEPARTMENT,04 FOURTH,BROWARD,5-Jul-12,1225,FRIDAY,8638 FT. LAUDERDALE,1038,Y,COMMERCIAL BLVD,20TH AVE NE,0,,0,0,26.1891387,-80.1183111,86014000,8.543,2362,SR 870,,R RIGHT,1 THRU LANE 1,E EAST,30 URBAN 6+LN 2WY DIVD RASD,03 STATE,02 INTERSECTION,01 ON ROADWAY,02 FOUR-WAY INTERSECTION,03 CURB,34,7-Jun-11,14 URBAN PRIN ART OTHER,34,CURB&GUTTER,2,,0,,0,15,40500,RCI,1.7,,35,1 NO INJURY,31 Q/C COMPLETED - LOC VERIFIED,0 NO,02 AT INTERSECTION,01 DAYLIGHT,01 CLEAR,01 DRY,01 LEVEL,1 STRAIGHT,"TWO-WAY, DIVIDED, POSITIVE MED","TWO-WAY, DIVIDED, POSITIVE MED",TRAFFIC CONTROL SIGNAL,TRAFFIC CONTROL SIGNAL,6,NONE,NOT CODED,NOT CODED,NONE,NOT CODED,NOT CODED,14 MOTOR VEHICLE IN TRANSPORT,"04 SIDESWIPE, SAME DIRECTION",06 CHANGING LANES,OTHER CONTRIBUTING ACTION,NO CONTRIBUTING ACTION,00 NOT CODED,00 NOT CODED,00 NOT CODED,00 NOT CODED,01 NO,0,0,0,0,2,0,2,2,N,N,N,Y,N,N,N,N,N,N,N,N,N,N,N,N,N,N,N,N,N,Y,N,N,N,Y,26.18912477,-80.11831343,588097.5068,2896927.655,R,,ARBM15Q1R2,26-Feb-22,214803,-8918730.151,3022524.369
2.01291E+12,2012,914195600,12088784,CITY POLICE DEPARTMENT,04 FOURTH,BROWARD,4-Aug-12,336,SUNDAY,8638 FT. LAUDERDALE,1038,Y,FEDERAL HWY,DAVIE BLVD,0,,0,0,26.1076661,-80.1369103,86010000,9.312,1331,SR 5,US 1,L LEFT,2 THRU LANE 2,W WEST,30 URBAN 6+LN 2WY DIVD RASD,04 COUNTY,02 INTERSECTION,01 ON ROADWAY,02 FOUR-WAY INTERSECTION,03 CURB,45,25-May-10,14 URBAN PRIN ART OTHER,32,CURB&GUTTER,2,,0,,0,18,39000,RCI,2.8,,40,2 POSSIBLE INJURY,31 Q/C COMPLETED - LOC VERIFIED,0 NO,02 AT INTERSECTION,04 DARK-LIGHTED,01 CLEAR,01 DRY,01 LEVEL,1 STRAIGHT,"TWO-WAY, DIVIDED, POSITIVE MED","TWO-WAY, DIVIDED, POSITIVE MED",TRAFFIC CONTROL SIGNAL,TRAFFIC CONTROL SIGNAL,6,NONE,NOT CODED,NOT CODED,NONE,NOT CODED,NOT CODED,14 MOTOR VEHICLE IN TRANSPORT,01 FRONT TO REAR,03 TURNING LEFT,IMPROPER TURN,NO CONTRIBUTING ACTION,00 NOT CODED,00 NOT CODED,00 NOT CODED,00 NOT CODED,01 NO,1,0,0,0,2,0,3,5,N,N,N,Y,N,N,N,N,N,N,N,N,N,N,N,N,N,N,N,N,N,N,N,N,N,N,26.10768284,-80.13703799,586286.35,2887895.087,L,,ARBM15Q1R2,26-Feb-22,214804,-8920814.56,3012424.64
2.01291E+12,2012,914190860,1219599,CITY POLICE DEPARTMENT,04 FOURTH,BROWARD,18-Feb-12,1212,SUNDAY,8638 FT. LAUDERDALE,1038,Y,FEDERAL HWY,7TH ST N,0.004,S,0,0,25.9930186,-80.1425943,86010000,1.274,1222,SR 5,US 1,R RIGHT,2 THRU LANE 2,N NORTH,20 URBAN 4-5LN 2WY DIVD RASD,02 U.S.,01 NON-JUNCTION,01 ON ROADWAY,01 NOT AT INTERSECTION,03 CURB,38,24-Jul-12,14 URBAN PRIN ART OTHER,22,PAVED,4,CURB&GUTTER,2,,0,11,31000,RCI,4.2,,35,2 POSSIBLE INJURY,31 Q/C COMPLETED - LOC VERIFIED,0 NO,02 AT INTERSECTION,01 DAYLIGHT,01 CLEAR,01 DRY,04 DOWNHILL,1 STRAIGHT,ONE-WAY TRAFFICWAY,ONE-WAY TRAFFICWAY,NO CONTROLS,NO CONTROLS,4,NONE,NOT CODED,NOT CODED,NONE,NOT CODED,NOT CODED,14 MOTOR VEHICLE IN TRANSPORT,01 FRONT TO REAR,01 STRAIGHT AHEAD,FOLLOWED TOO CLOSELY,NO CONTRIBUTING ACTION,00 NOT CODED,00 NOT CODED,00 NOT CODED,00 NOT CODED,01 NO,1,0,0,0,2,0,2,2,N,N,Y,Y,N,N,N,N,N,N,N,N,N,N,N,N,Y,N,N,N,N,N,N,N,N,N,25.99294997,-80.14254031,585819.6743,2875184.543,R,,ARBM15Q1R2,26-Feb-22,214808,-8921427.075,2998208.38
2.01291E+12,2012,914180080,1226446,CITY POLICE DEPARTMENT,04 FOURTH,BROWARD,5-Mar-12,1445,TUESDAY,8638 FT. LAUDERDALE,1038,Y,FEDERAL HWY,6TH ST N,0.025,N,0,0,25.9926851,-80.1425831,86010000,1.251,1221,SR 5,US 1,L LEFT,3 THRU LANE 3,S SOUTH,20 URBAN 4-5LN 2WY DIVD RASD,02 U.S.,01 NON-JUNCTION,01 ON ROADWAY,01 NOT AT INTERSECTION,01 PAVED,38,24-Jul-12,14 URBAN PRIN ART OTHER,22,PAVED,4,CURB&GUTTER,2,,0,11,31000,RCI,4.2,,35,3 NO-INCAPACITATING INJURY,31 Q/C COMPLETED - LOC VERIFIED,0 NO,01 NOT AT INTERSECTION/RRX/BRIDGE,01 DAYLIGHT,01 CLEAR,01 DRY,01 LEVEL,1 STRAIGHT,"TWO-WAY, NOT DIVIDED","TWO-WAY, DIVIDED, POSITIVE MED",NO CONTROLS,NO CONTROLS,4,NONE,NOT CODED,NOT CODED,NONE,NOT CODED,NOT CODED,14 MOTOR VEHICLE IN TRANSPORT,01 FRONT TO REAR,01 STRAIGHT AHEAD,FOLLOWED TOO CLOSELY,NO CONTRIBUTING ACTION,00 NOT CODED,00 NOT CODED,00 NOT CODED,00 NOT CODED,01 NO,2,0,0,0,4,0,4,6,N,N,N,N,Y,N,N,N,N,N,N,N,N,N,N,N,N,N,N,N,N,N,N,N,N,N,25.99262932,-80.14263173,585810.7567,2875148.97,L,,ARBM15Q1R2,26-Feb-22,214809,-8921437.253,2998168.669
2.01291E+12,2012,914190580,124650,CITY POLICE DEPARTMENT,04 FOURTH,BROWARD,11-Jan-12,2137,THURSDAY,8638 FT. LAUDERDALE,1038,Y,SR 842,1ST AVE NW,0.057,W,0,0,26.1221655,-80.1455825,86006000,6.648,476,SR 842,,L LEFT,1 THRU LANE 1,W WEST,30 URBAN 6+LN 2WY DIVD RASD,03 STATE,05 RAILWAY GRADE CROSSING,01 ON ROADWAY,77 OTHER (SEE NARRATIVE),03 CURB,34,21-Oct-09,14 URBAN PRIN ART OTHER,35,PAVED,3,CURB&GUTTER,2,,0,16,49000,RCI,10.5,,35,2 POSSIBLE INJURY,31 Q/C COMPLETED - LOC VERIFIED,0 NO,05 RAILROAD CROSSING,04 DARK-LIGHTED,01 CLEAR,01 DRY,01 LEVEL,1 STRAIGHT,"TWO-WAY, DIVIDED, POSITIVE MED","TWO-WAY, DIVIDED, UNPROTECTED",NO CONTROLS,RAILWAY CROSSING DEVICE,6,OTHER (SEE NARRATIVE),NOT CODED,NOT CODED,UNKNOWN,NOT CODED,NOT CODED,14 MOTOR VEHICLE IN TRANSPORT,01 FRONT TO REAR,01 STRAIGHT AHEAD,OTHER CONTRIBUTING ACTION,NO CONTRIBUTING ACTION,00 NOT CODED,00 NOT CODED,00 NOT CODED,00 NOT CODED,01 NO,1,0,0,0,2,0,2,2,N,N,Y,Y,N,N,N,N,N,N,N,N,N,N,N,N,N,N,N,N,N,N,N,N,N,N,26.12229538,-80.14552444,585427.138,2889507.873,L,,ARBM15Q1R2,26-Feb-22,214818,-8921759.268,3014236.243
2.01291E+12,2012,914190630,1215537,CITY POLICE DEPARTMENT,04 FOURTH,BROWARD,8-Feb-12,1246,THURSDAY,8638 FT. LAUDERDALE,1038,Y,US 1,16TH ST SE,0.009,N,0,0,26.1022549,-80.1367641,86010000,8.939,1326,SR 5,US 1,L LEFT,2 THRU LANE 2,S SOUTH,30 URBAN 6+LN 2WY DIVD RASD,03 STATE,01 NON-JUNCTION,01 ON ROADWAY,01 NOT AT INTERSECTION,03 CURB,45,25-May-10,14 URBAN PRIN ART OTHER,32,CURB&GUTTER,2,,0,,0,18,39000,RCI,2.8,,40,2 POSSIBLE INJURY,31 Q/C COMPLETED - LOC VERIFIED,0 NO,02 AT INTERSECTION,01 DAYLIGHT,02 CLOUDY,01 DRY,01 LEVEL,1 STRAIGHT,"TWO-WAY, DIVIDED, POSITIVE MED","TWO-WAY, DIVIDED, POSITIVE MED",NO CONTROLS,NO CONTROLS,6,NONE,NOT CODED,NOT CODED,NONE,NOT CODED,NOT CODED,14 MOTOR VEHICLE IN TRANSPORT,01 FRONT TO REAR,01 STRAIGHT AHEAD,OPERATED MV IN CARLESS OR NEGL,NO CONTRIBUTING ACTION,00 NOT CODED,00 NOT CODED,00 NOT CODED,00 NOT CODED,01 NO,1,0,0,0,2,0,2,2,N,N,N,Y,N,N,N,N,N,N,N,N,N,N,N,N,N,N,N,N,N,N,N,N,N,N,26.10226223,-80.13690733,586303.3945,2887294.824,L,,ARBM15Q1R2,26-Feb-22,214819,-8920800.015,3011752.672
2.01291E+12,2012,913842370,12004727,CITY POLICE DEPARTMENT,04 FOURTH,BROWARD,12-Jan-12,257,FRIDAY,8638 FT. LAUDERDALE,1038,Y,SR 842,3RD AVE SW R,0,,0,0,26.1221933,-80.1464827,86006000,6.592,474,SR 842,,R RIGHT,S SIDE OF ROAD,N NORTH,30 URBAN 6+LN 2WY DIVD RASD,03 STATE,01 NON-JUNCTION,01 ON ROADWAY,03 T-INTERSECTION,03 CURB,34,21-Oct-09,14 URBAN PRIN ART OTHER,35,PAVED,3,CURB&GUTTER,2,,0,16,49000,RCI,10.5,,35,1 NO INJURY,31 Q/C COMPLETED - LOC VERIFIED,1 ALC,02 AT INTERSECTION,04 DARK-LIGHTED,01 CLEAR,01 DRY,01 LEVEL,1 STRAIGHT,"TWO-WAY, DIVIDED, POSITIVE MED",,NO CONTROLS,NOT CODED,6,NONE,NOT CODED,NOT CODED,NONE,NOT CODED,NOT CODED,32 TREE (STANDING),77 OTHER (SEE NARRATIVE),01 STRAIGHT AHEAD,OTHER CONTRIBUTING ACTION,NOT CODED,00 NOT CODED,00 NOT CODED,00 NOT CODED,00 NOT CODED,01 NO,0,0,0,0,1,0,1,1,N,N,N,Y,N,N,N,Y,N,N,N,N,N,N,N,N,N,N,N,N,N,N,N,N,N,N,26.12217592,-80.14643824,585335.8625,2889494.043,R,,ARBM15Q1R2,26-Feb-22,214820,-8921860.991,3014221.432
2.01212E+12,2012,124001820,12054473,CITY POLICE DEPARTMENT,04 FOURTH,BROWARD,10-May-12,2251,FRIDAY,8638 FT. LAUDERDALE,1038,Y,FEDERAL HWY,17TH ST SE,0.019,S,0,0,26.1000077,-80.1367036,86010000,8.784,690,SR 5,US 1,L LEFT,2 THRU LANE 2,S SOUTH,30 URBAN 6+LN 2WY DIVD RASD,05 LOCAL,01 NON-JUNCTION,01 ON ROADWAY,01 NOT AT INTERSECTION,03 CURB,37,24-Jul-12,14 URBAN PRIN ART OTHER,32,CURB&GUTTER,2,,0,,0,18,70000,RCI,4.2,,40,1 NO INJURY,31 Q/C COMPLETED - LOC VERIFIED,0 NO,01 NOT AT INTERSECTION/RRX/BRIDGE,04 DARK-LIGHTED,01 CLEAR,01 DRY,01 LEVEL,1 STRAIGHT,"TWO-WAY, DIVIDED, POSITIVE MED","TWO-WAY, DIVIDED, POSITIVE MED",NO CONTROLS,NO CONTROLS,6,NONE,NOT CODED,NOT CODED,NONE,NOT CODED,NOT CODED,14 MOTOR VEHICLE IN TRANSPORT,01 FRONT TO REAR,03 TURNING LEFT,OTHER CONTRIBUTING ACTION,NO CONTRIBUTING ACTION,00 NOT CODED,00 NOT CODED,00 NOT CODED,00 NOT CODED,01 NO,0,0,0,0,2,0,2,4,N,N,N,N,N,N,N,N,N,N,N,N,N,N,N,N,N,N,N,N,N,Y,Y,N,N,N,26.10001049,-80.13684805,586310.9747,2887045.477,L,,ARBM15Q1R2,26-Feb-22,214830,-8920793.417,3011473.544
2.01291E+12,2012,914184650,12007949,CITY POLICE DEPARTMENT,04 FOURTH,BROWARD,20-Jan-12,1913,SATURDAY,8638 FT. LAUDERDALE,1038,Y,US 1,7TH ST SE,0,,0,0,26.1130892,-80.137027,86010000,9.686,1341,SR 5,US 1,L LEFT,3 THRU LANE 3,S SOUTH,30 URBAN 6+LN 2WY DIVD RASD,02 U.S.,01 NON-JUNCTION,01 ON ROADWAY,02 FOUR-WAY INTERSECTION,03 CURB,45,25-May-10,14 URBAN PRIN ART OTHER,32,CURB&GUTTER,2,,0,,0,18,44500,RCI,3.2,,40,2 POSSIBLE INJURY,31 Q/C COMPLETED - LOC VERIFIED,1 ALC,02 AT INTERSECTION,04 DARK-LIGHTED,01 CLEAR,01 DRY,01 LEVEL,1 STRAIGHT,"TWO-WAY, NOT DIVIDED","TWO-WAY, DIVIDED, POSITIVE MED",TRAFFIC CONTROL SIGNAL,TRAFFIC CONTROL SIGNAL,6,NONE,NOT CODED,NOT CODED,NONE,NOT CODED,NOT CODED,14 MOTOR VEHICLE IN TRANSPORT,03 ANGLE,01 STRAIGHT AHEAD,DROVE TOO FAST FOR CONDITIONS,NO CONTRIBUTING ACTION,00 NOT CODED,00 NOT CODED,00 NOT CODED,00 NOT CODED,01 NO,1,0,0,0,2,0,2,3,N,N,N,Y,N,Y,N,N,N,N,N,Y,N,N,N,N,N,N,N,N,N,N,N,N,N,N,26.11311831,-80.13714762,586271.3972,2888497.01,L,,ARBM15Q1R2,26-Feb-22,214843,-8920826.764,3013098.481
2.01291E+12,2012,914173370,12032484,CITY POLICE DEPARTMENT,04 FOURTH,BROWARD,19-Mar-12,1201,TUESDAY,8638 FT. LAUDERDALE,1038,Y,FEDERAL HWY,20TH ST SE,0,,0,0,26.0965702,-80.1366104,86010000,8.547,1321,SR 5,US 1,R RIGHT,3 THRU LANE 3,W WEST,30 URBAN 6+LN 2WY DIVD RASD,02 U.S.,02 INTERSECTION,01 ON ROADWAY,03 T-INTERSECTION,03 CURB,37,24-Jul-12,14 URBAN PRIN ART OTHER,32,CURB&GUTTER,2,,0,,0,18,70000,RCI,4.2,,40,1 NO INJURY,31 Q/C COMPLETED - LOC VERIFIED,0 NO,02 AT INTERSECTION,01 DAYLIGHT,01 CLEAR,01 DRY,01 LEVEL,1 STRAIGHT,"TWO-WAY, NOT DIVIDED","TWO-WAY, DIVIDED, POSITIVE MED",STOP SIGN,NO CONTROLS,6,NONE,NOT CODED,NOT CODED,NONE,NOT CODED,NOT CODED,14 MOTOR VEHICLE IN TRANSPORT,03 ANGLE,05 TURNING RIGHT,OTHER CONTRIBUTING ACTION,NO CONTRIBUTING ACTION,00 NOT CODED,00 NOT CODED,00 NOT CODED,00 NOT CODED,01 NO,0,0,0,0,2,0,2,2,N,N,N,Y,N,N,N,N,N,N,N,N,N,N,N,N,N,N,N,N,N,Y,Y,N,N,N,26.09656865,-80.13658841,586339.4667,2886664.456,R,,ARBM15Q1R2,26-Feb-22,214844,-8920764.513,3011046.9
2.01291E+12,2012,914173410,12032114,CITY POLICE DEPARTMENT,04 FOURTH,BROWARD,18-Mar-12,1553,MONDAY,8638 FT. LAUDERDALE,1038,Y,FEDERAL HWY,13TH ST SE,0.019,N,0,0,26.1060835,-80.1368668,86010000,9.203,1330,SR 5,US 1,R RIGHT,2 THRU LANE 2,N NORTH,30 URBAN 6+LN 2WY DIVD RASD,02 U.S.,01 NON-JUNCTION,01 ON ROADWAY,01 NOT AT INTERSECTION,03 CURB,45,25-May-10,14 URBAN PRIN ART OTHER,32,CURB&GUTTER,2,,0,,0,18,39000,RCI,2.8,,40,3 NO-INCAPACITATING INJURY,31 Q/C COMPLETED - LOC VERIFIED,0 NO,01 NOT AT INTERSECTION/RRX/BRIDGE,01 DAYLIGHT,01 CLEAR,01 DRY,01 LEVEL,1 STRAIGHT,"TWO-WAY, DIVIDED, POSITIVE MED","TWO-WAY, DIVIDED, POSITIVE MED",NO CONTROLS,NO CONTROLS,6,NONE,NOT CODED,NOT CODED,NONE,NOT CODED,NOT CODED,14 MOTOR VEHICLE IN TRANSPORT,01 FRONT TO REAR,77 OTHER (SEE NARRATIVE),OTHER CONTRIBUTING ACTION,NO CONTRIBUTING ACTION,00 NOT CODED,00 NOT CODED,00 NOT CODED,00 NOT CODED,01 NO,1,0,0,0,2,0,2,2,N,N,N,N,N,N,N,N,N,N,N,N,N,N,N,N,N,N,N,N,Y,N,N,N,N,N,26.10610194,-80.13685262,586306.0465,2887720.121,R,,ARBM15Q1R2,26-Feb-22,214845,-8920793.924,3012228.661
2.01291E+12,2012,914180240,1227227,CITY POLICE DEPARTMENT,04 FOURTH,BROWARD,7-Mar-12,857,THURSDAY,8638 FT. LAUDERDALE,1038,Y,FEDERAL HWY,12TH CT SE,0.009,N,0,0,26.1068666,-80.1368878,86010000,9.257,3362,SR 5,US 1,R RIGHT,2 THRU LANE 2,N NORTH,30 URBAN 6+LN 2WY DIVD RASD,03 STATE,01 NON-JUNCTION,01 ON ROADWAY,01 NOT AT INTERSECTION,03 CURB,45,25-May-10,14 URBAN PRIN ART OTHER,32,CURB&GUTTER,2,,0,,0,18,39000,RCI,2.8,,40,2 POSSIBLE INJURY,31 Q/C COMPLETED - LOC VERIFIED,0 NO,02 AT INTERSECTION,01 DAYLIGHT,03 RAIN,02 WET,01 LEVEL,1 STRAIGHT,"TWO-WAY, DIVIDED, POSITIVE MED","TWO-WAY, DIVIDED, POSITIVE MED",NO CONTROLS,NO CONTROLS,6,NONE,NOT CODED,NOT CODED,NONE,NOT CODED,NOT CODED,14 MOTOR VEHICLE IN TRANSPORT,01 FRONT TO REAR,01 STRAIGHT AHEAD,OPERATED MV IN CARLESS OR NEGL,NO CONTRIBUTING ACTION,00 NOT CODED,00 NOT CODED,00 NOT CODED,00 NOT CODED,01 NO,3,0,0,0,2,0,2,3,N,N,N,Y,N,N,N,N,N,N,N,N,N,N,N,N,N,N,N,N,N,N,N,N,N,N,26.10688595,-80.13685733,586304.9997,2887806.949,R,,ARBM15Q1R2,26-Feb-22,214846,-8920794.449,3012325.852