Crash Id,Calendar Year,FDOT Crash Number,Reporting Agency Case Number,Reporting Agency Type,FDOT Managing District,County Name,Crash Date,Crash Time,Day,DHSMV City,Crash Report City Code,In Town,On Roadway Name,Int Roadway Name,Reference Distance (Miles),Reference Direction,Officer Latitude,Officer Longitude,FDOT Latitude,FDOT Longitude,FDOT Roadway,Nearest Inventory MP,Nearest Node From Crash,State Road #,US Highway,Crash Side of Road,Accident Lane Number,Travel Direction Vehicle 1,FDOT Road Category,DHSMV Road System Id,Relation to Junction,Crash Harmful Event Location,Intersection Type,Shoulder Type,FDOT Roadway SKID Test Result,FDOT Roadway SKID Test Date,Functional Class,RCI Surface Width,RCI Shoulder Type First,RCI Shoulder Width First,RCI Shoulder Type Second,RCI Shoulder Width Second,RCI Shoulder Type Third,RCI Shoulder Width Third,RCI Median Width,Avg Daily Traffic,AADT Source,RCI Avg Per Truck Traffic,RCI Horiz Curve Condition,Posted Speed Limit,Highest Injury in Crash,CAR Status Code,Alcohols/Drug Involved,Site Location,Lighting,Weather,Road Surface,Roadway Grade,Roadway Alignment,Traffic Way Vehicle 1,Traffic Way Vehicle 2,Traffic Control Vehicle 1,Traffic Control Vehicle 2,Count of Lanes,Road Condition 1,Road Condition 2,Road Condition 3,Environment Condition 1,Environment Condition 2,Environment Condition 3,Crash Harmful Event,Manner of Collision,Vehicle Movement,Driver Action Vehicle 1,Driver Action Vehicle 2,Location Within Workzone,Type of Workzone,Workers Present in Workzone,Law Enforcement Present in Workzone,School Bus Related,Count of Nonfatal Injuries,Count of Traffic Fatalities,Count of Serious Injuries,Count of Pedestrians,Count of Drivers,Count of Bicyclists,Count of Vehicles,Count of Persons,Wrong Way,Workzone Inv,Commercial Vehicle Inv,Intersection Inv,Lane Departure,Speeding,Agressive Driving,Impaired Driver,Impaired Pedestrian,Impaired Bicyclist,Distracted Driver,Speeding or Aggressive Driving,Pedestrian Related,Bicyclist Related,Pedestrian or Bicyclist Related,Motorcycle Inv,No Belt,No Belt - Ages 1-4,No Belt - Ages 5-12,No Belt - Ages 13-17,Driver - Ages Teen,Driver - Ages 65 plus,Driver - Ages 65-69,Driver - Ages 70-74,Driver - Ages 75-79,Driver - Ages 80 plus,ARBM Latitude,ARBM Longitude,UTM Zone 17N X,UTM Zone 17N Y,ARBM Side of Road,Urban Rural Indicator,GIS Street Source,Extract Date,OBJECTID,x,y
2.01291E+12,2012,914183100,12036564,CITY POLICE DEPARTMENT,04 FOURTH,BROWARD,28-Mar-12,2054,THURSDAY,8638 FT. LAUDERDALE,1038,Y,SR A1A,10TH AVE SE,0.019,E,0,0,26.100272,-80.1323802,86180000,0.273,692,SR A1A,,L LEFT,2 THRU LANE 2,W WEST,30 URBAN 6+LN 2WY DIVD RASD,02 U.S.,01 NON-JUNCTION,01 ON ROADWAY,01 NOT AT INTERSECTION,03 CURB,39,24-Jul-12,16 URBAN MINOR ART,36,CURB&GUTTER,2,,0,,0,17,41000,RCI,4.3,1D1145,35,3 NO-INCAPACITATING INJURY,31 Q/C COMPLETED - LOC VERIFIED,0 NO,02 AT INTERSECTION,04 DARK-LIGHTED,01 CLEAR,01 DRY,01 LEVEL,1 STRAIGHT,"TWO-WAY, DIVIDED, POSITIVE MED","TWO-WAY, DIVIDED, POSITIVE MED",TRAFFIC CONTROL SIGNAL,TRAFFIC CONTROL SIGNAL,6,NONE,NOT CODED,NOT CODED,NONE,NOT CODED,NOT CODED,14 MOTOR VEHICLE IN TRANSPORT,01 FRONT TO REAR,77 OTHER (SEE NARRATIVE),OTHER CONTRIBUTING ACTION,NO CONTRIBUTING ACTION,00 NOT CODED,00 NOT CODED,00 NOT CODED,00 NOT CODED,01 NO,2,0,0,0,2,0,2,4,N,N,N,Y,N,N,N,N,N,N,N,N,N,N,N,N,Y,N,N,N,Y,N,N,N,N,N,26.1003906,-80.1324566,586749.8392,2887090.493,L,,ARBM15Q1R2,26-Feb-22,1309173,-8920304.562,3011520.662
2.01291E+12,2012,914170210,1280723,CITY POLICE DEPARTMENT,04 FOURTH,BROWARD,14-Jul-12,2040,SUNDAY,8638 FT. LAUDERDALE,1038,Y,SR A1A,23RD AVE SE,0.009,E,0,0,26.1006848,-80.1143873,86180000,1.39,699,SR A1A,,L LEFT,2 THRU LANE 2,W WEST,20 URBAN 4-5LN 2WY DIVD RASD,03 STATE,01 NON-JUNCTION,01 ON ROADWAY,01 NOT AT INTERSECTION,03 CURB,38,24-Jul-12,16 URBAN MINOR ART,24,PAVED,10,RAISED CURB,0,,0,30,31500,RCI,3.5,,35,1 NO INJURY,31 Q/C COMPLETED - LOC VERIFIED,0 NO,02 AT INTERSECTION,04 DARK-LIGHTED,03 RAIN,02 WET,01 LEVEL,1 STRAIGHT,"TWO-WAY, DIVIDED, POSITIVE MED","TWO-WAY, DIVIDED, POSITIVE MED",TRAFFIC CONTROL SIGNAL,TRAFFIC CONTROL SIGNAL,4,NONE,NOT CODED,NOT CODED,NONE,NOT CODED,NOT CODED,14 MOTOR VEHICLE IN TRANSPORT,01 FRONT TO REAR,01 STRAIGHT AHEAD,OTHER CONTRIBUTING ACTION,NO CONTRIBUTING ACTION,00 NOT CODED,00 NOT CODED,00 NOT CODED,00 NOT CODED,01 NO,0,0,0,0,2,0,2,4,N,N,N,Y,N,N,N,N,N,N,N,N,N,N,N,N,N,N,N,N,N,N,N,N,N,N,26.10082523,-80.11445474,588549.6919,2887150.747,L,,ARBM15Q1R2,26-Feb-22,1309174,-8918300.603,3011574.54
2.01284E+12,2012,836390980,12131612,CITY POLICE DEPARTMENT,04 FOURTH,BROWARD,19-Nov-12,829,TUESDAY,8638 FT. LAUDERDALE,1038,Y,SR 84,6TH AVE SW,0.004,W,0,0,26.0925696,-80.149,86080000,18.947,107,SR 84,,R RIGHT,2 THRU LANE 2,E EAST,30 URBAN 6+LN 2WY DIVD RASD,03 STATE,01 NON-JUNCTION,01 ON ROADWAY,01 NOT AT INTERSECTION,03 CURB,33,11-Jan-12,16 URBAN MINOR ART,33,CURB&GUTTER,2,,0,,0,17,44500,RCI,11.1,,40,1 NO INJURY,31 Q/C COMPLETED - LOC VERIFIED,0 NO,02 AT INTERSECTION,01 DAYLIGHT,02 CLOUDY,01 DRY,01 LEVEL,1 STRAIGHT,"TWO-WAY, DIVIDED, POSITIVE MED","TWO-WAY, DIVIDED, POSITIVE MED",NO CONTROLS,NO CONTROLS,6,NONE,NOT CODED,NOT CODED,NONE,NOT CODED,NOT CODED,14 MOTOR VEHICLE IN TRANSPORT,01 FRONT TO REAR,01 STRAIGHT AHEAD,OPERATED MV IN CARLESS OR NEGL,NO CONTRIBUTING ACTION,00 NOT CODED,00 NOT CODED,00 NOT CODED,00 NOT CODED,01 NO,0,0,0,0,2,0,2,3,N,N,N,Y,N,N,N,N,N,N,N,N,N,N,N,N,N,N,N,N,N,Y,Y,N,N,N,26.09256149,-80.14899277,585101.8974,2886212.488,R,,ARBM15Q1R2,26-Feb-22,1309521,-8922145.361,3010550.196
2.01291E+12,2012,914163980,12076993,CITY POLICE DEPARTMENT,04 FOURTH,BROWARD,5-Jul-12,1334,FRIDAY,8638 FT. LAUDERDALE,1038,Y,SR 84,2ND AVE SW L,0.019,E,0,0,26.0926492,-80.1420449,86080000,19.379,112,SR 84,,L LEFT,2 THRU LANE 2,S SOUTH,30 URBAN 6+LN 2WY DIVD RASD,03 STATE,01 NON-JUNCTION,01 ON ROADWAY,01 NOT AT INTERSECTION,03 CURB,35,11-Jan-12,16 URBAN MINOR ART,33,CURB&GUTTER,2,,0,,0,17,35000,RCI,6.1,,40,1 NO INJURY,31 Q/C COMPLETED - LOC VERIFIED,0 NO,04 DRIVEWAY ACCESS,01 DAYLIGHT,01 CLEAR,01 DRY,01 LEVEL,1 STRAIGHT,"TWO-WAY, DIVIDED, POSITIVE MED",UNKNOWN,NO CONTROLS,NO CONTROLS,6,NONE,NOT CODED,NOT CODED,NONE,NOT CODED,NOT CODED,14 MOTOR VEHICLE IN TRANSPORT,03 ANGLE,04 BACKING,IMPROPER BACKING,NO CONTRIBUTING ACTION,00 NOT CODED,00 NOT CODED,00 NOT CODED,00 NOT CODED,01 NO,0,0,0,0,2,0,2,2,N,N,N,N,N,N,N,N,N,N,N,N,N,N,N,N,N,N,N,N,N,N,N,N,N,N,26.09275523,-80.14204057,585797.0173,2886238.506,L,,ARBM15Q1R2,26-Feb-22,1309522,-8921371.446,3010574.21
2.01291E+12,2012,914193530,12060512,CITY POLICE DEPARTMENT,04 FOURTH,BROWARD,26-May-12,829,SUNDAY,8638 FT. LAUDERDALE,1038,Y,SR 84,9TH AVE SW,0,,0,0,26.0923496,-80.1530603,86080000,18.694,105,SR 84,,L LEFT,L LEFT TURN,E EAST,30 URBAN 6+LN 2WY DIVD RASD,03 STATE,02 INTERSECTION,01 ON ROADWAY,02 FOUR-WAY INTERSECTION,03 CURB,33,11-Jan-12,16 URBAN MINOR ART,33,CURB&GUTTER,2,,0,,0,80,59500,RCI,6.1,1D0000,45,3 NO-INCAPACITATING INJURY,31 Q/C COMPLETED - LOC VERIFIED,0 NO,02 AT INTERSECTION,01 DAYLIGHT,01 CLEAR,01 DRY,01 LEVEL,1 STRAIGHT,"TWO-WAY, DIVIDED, POSITIVE MED","TWO-WAY, DIVIDED, POSITIVE MED",TRAFFIC CONTROL SIGNAL,TRAFFIC CONTROL SIGNAL,7,NONE,NOT CODED,NOT CODED,NONE,NOT CODED,NOT CODED,14 MOTOR VEHICLE IN TRANSPORT,01 FRONT TO REAR,01 STRAIGHT AHEAD,OTHER CONTRIBUTING ACTION,NO CONTRIBUTING ACTION,00 NOT CODED,00 NOT CODED,00 NOT CODED,00 NOT CODED,01 NO,1,0,0,0,3,0,3,3,N,N,N,Y,N,N,N,N,N,N,N,N,N,N,N,N,N,N,N,N,N,N,N,N,N,N,26.09255082,-80.15311392,584689.7663,2886208.62,L,,ARBM15Q1R2,26-Feb-22,1309524,-8922604.125,3010548.873
2.01283E+12,2012,831864830,FHPL12OFF063967,FLORIDA HIGHWAY PATROL,04 FOURTH,BROWARD,16-Oct-12,814,WEDNESDAY,8638 FT. LAUDERDALE,1038,Y,I 95,SR 838,0.5,N,26.130775,-80.3822416,26.1438604,-80.169571,86070000,11.809,1890,SR 9,I 95,R RIGHT,3 THRU LANE 3,N NORTH,01 INTERSTATE URBAN,01 INTERSTATE,18 THROUGH ROADWAY,01 ON ROADWAY,01 NOT AT INTERSECTION,01 PAVED,36,2-Dec-08,11 URBAN PRIN ART INT.,64,PAVED WARN,10,LAWN,12,,0,27,262000,RCI,6.8,1D1500,65,1 NO INJURY,31 Q/C COMPLETED - LOC VERIFIED,0 NO,01 NOT AT INTERSECTION/RRX/BRIDGE,01 DAYLIGHT,01 CLEAR,01 DRY,01 LEVEL,1 STRAIGHT,"TWO-WAY, DIVIDED, POSITIVE MED","TWO-WAY, DIVIDED, POSITIVE MED",NO CONTROLS,NO CONTROLS,10,NONE,NOT CODED,NOT CODED,NONE,NOT CODED,NOT CODED,14 MOTOR VEHICLE IN TRANSPORT,"04 SIDESWIPE, SAME DIRECTION",01 STRAIGHT AHEAD,NO CONTRIBUTING ACTION,NO CONTRIBUTING ACTION,00 NOT CODED,00 NOT CODED,00 NOT CODED,00 NOT CODED,01 NO,0,0,0,0,2,0,2,2,N,N,N,N,Y,N,N,N,N,N,N,N,N,N,N,N,N,N,N,N,N,N,N,N,N,N,26.1438271,-80.16953725,583011.0996,2891877.03,R,,ARBM15Q1R2,26-Feb-22,1309633,-8924432.363,3016906.071
2.01283E+12,2012,831739380,FHPL12OFF049059,FLORIDA HIGHWAY PATROL,04 FOURTH,BROWARD,10-Aug-12,647,SATURDAY,8638 FT. LAUDERDALE,1038,Y,I 95,CYPRESS CREEK RD,1,N,26.2141316,-80.1365849,26.2162013,-80.136182,86070000,17.337,5188,SR 9,I 95,L LEFT,S SIDE OF ROAD,S SOUTH,01 INTERSTATE URBAN,01 INTERSTATE,01 NON-JUNCTION,01 ON ROADWAY,01 NOT AT INTERSECTION,01 PAVED,34,2-Dec-08,11 URBAN PRIN ART INT.,52,PAVED WARN,10,LAWN,12,,0,27,231000,RCI,4.3,,65,3 NO-INCAPACITATING INJURY,31 Q/C COMPLETED - LOC VERIFIED,0 NO,01 NOT AT INTERSECTION/RRX/BRIDGE,03 DAWN,01 CLEAR,01 DRY,01 LEVEL,1 STRAIGHT,"TWO-WAY, DIVIDED, POSITIVE MED","TWO-WAY, DIVIDED, POSITIVE MED",NO CONTROLS,NO CONTROLS,8,NONE,NOT CODED,NOT CODED,NONE,NOT CODED,NOT CODED,14 MOTOR VEHICLE IN TRANSPORT,03 ANGLE,17 ENTERING TRAFFIC LANE,OPERATED MV IN CARLESS OR NEGL,NO CONTRIBUTING ACTION,00 NOT CODED,00 NOT CODED,00 NOT CODED,00 NOT CODED,01 NO,3,0,0,0,2,0,2,3,N,N,N,N,Y,N,N,N,N,N,N,N,N,N,N,N,N,N,N,N,N,N,N,N,N,N,26.2161736,-80.13643651,586266.6373,2899911.261,L,,ARBM15Q1R2,26-Feb-22,1309634,-8920747.605,3025880.293
2.01283E+12,2012,831739130,FHPL12OFF039090,FLORIDA HIGHWAY PATROL,04 FOURTH,BROWARD,27-Jun-12,441,THURSDAY,8638 FT. LAUDERDALE,1038,Y,I 95,SR 838,0.028,N,26.1406899,-80.1697716,26.1370127,-80.1692776,86070000,11.337,1889,SR 9,I 95,R RIGHT,3 THRU LANE 3,S SOUTH,01 INTERSTATE URBAN,01 INTERSTATE,01 NON-JUNCTION,01 ON ROADWAY,01 NOT AT INTERSECTION,01 PAVED,36,2-Dec-08,11 URBAN PRIN ART INT.,64,PAVED WARN,10,LAWN,12,,0,27,262000,RCI,6.8,,65,1 NO INJURY,31 Q/C COMPLETED - LOC VERIFIED,0 NO,01 NOT AT INTERSECTION/RRX/BRIDGE,05 DARK-NOT LIGHTED,01 CLEAR,01 DRY,01 LEVEL,1 STRAIGHT,"TWO-WAY, DIVIDED, POSITIVE MED","TWO-WAY, DIVIDED, POSITIVE MED",NO CONTROLS,NO CONTROLS,10,NONE,NOT CODED,NOT CODED,NONE,NOT CODED,NOT CODED,14 MOTOR VEHICLE IN TRANSPORT,"05 SIDESWIPE, OPPOSITE DIRECTION",01 STRAIGHT AHEAD,OTHER CONTRIBUTING ACTION,NO CONTRIBUTING ACTION,00 NOT CODED,00 NOT CODED,00 NOT CODED,00 NOT CODED,01 NO,0,0,0,0,2,0,2,2,N,N,Y,N,Y,N,N,N,N,N,N,N,N,N,N,N,N,N,N,N,N,N,N,N,N,N,26.13697957,-80.1692315,583046.5082,2891118.841,R,,ARBM15Q1R2,26-Feb-22,1309636,-8924398.327,3016056.958
2.01283E+12,2012,831838570,FHPL12OFF045009,FLORIDA HIGHWAY PATROL,04 FOURTH,BROWARD,23-Jul-12,1041,TUESDAY,8638 FT. LAUDERDALE,1038,Y,I 95,SR 838,1,N,26.1483233,-80.1693416,26.1508657,-80.1677688,86070000,12.309,1525,SR 9,I 95,L LEFT,4 THRU LANE 4,S SOUTH,01 INTERSTATE URBAN,01 INTERSTATE,18 THROUGH ROADWAY,01 ON ROADWAY,01 NOT AT INTERSECTION,01 PAVED,36,2-Dec-08,11 URBAN PRIN ART INT.,64,PAVED WARN,8,VALLEY GUTR,3,,0,27,262000,RCI,6.8,,65,2 POSSIBLE INJURY,31 Q/C COMPLETED - LOC VERIFIED,0 NO,01 NOT AT INTERSECTION/RRX/BRIDGE,01 DAYLIGHT,02 CLOUDY,01 DRY,01 LEVEL,1 STRAIGHT,"TWO-WAY, DIVIDED, POSITIVE MED","TWO-WAY, DIVIDED, POSITIVE MED",NO CONTROLS,NO CONTROLS,10,NONE,NOT CODED,NOT CODED,NONE,NOT CODED,NOT CODED,18 OTHER NON-FIXED OBJECT,77 OTHER (SEE NARRATIVE),01 STRAIGHT AHEAD,NO CONTRIBUTING ACTION,NO CONTRIBUTING ACTION,00 NOT CODED,00 NOT CODED,00 NOT CODED,00 NOT CODED,01 NO,1,0,0,0,2,0,2,3,N,N,Y,N,N,N,N,N,N,N,N,N,N,N,N,N,N,N,N,N,N,N,N,N,N,N,26.15080205,-80.1680683,583152.9964,2892650.466,L,,ARBM15Q1R2,26-Feb-22,1310223,-8924268.839,3017771.036
2.01283E+12,2012,831646010,FHPL12OFF039109,FLORIDA HIGHWAY PATROL,04 FOURTH,BROWARD,27-Jun-12,748,THURSDAY,8638 FT. LAUDERDALE,1038,Y,SR 9,SR 842,0.25,S,26.1159366,-80.1683799,26.1178412,-80.1685672,86070000,10.015,5898,SR 9,I 95,R RIGHT,5 THRU LANE 5,N NORTH,01 INTERSTATE URBAN,01 INTERSTATE,18 THROUGH ROADWAY,01 ON ROADWAY,01 NOT AT INTERSECTION,01 PAVED,41,2-Dec-08,11 URBAN PRIN ART INT.,64,PAVED WARN,10,LAWN,3,,0,75,287000,RCI,6.8,,65,1 NO INJURY,31 Q/C COMPLETED - LOC VERIFIED,0 NO,01 NOT AT INTERSECTION/RRX/BRIDGE,01 DAYLIGHT,01 CLEAR,01 DRY,01 LEVEL,1 STRAIGHT,"TWO-WAY, DIVIDED, POSITIVE MED","TWO-WAY, DIVIDED, POSITIVE MED",NO CONTROLS,NO CONTROLS,10,NONE,NOT CODED,NOT CODED,NONE,NOT CODED,NOT CODED,14 MOTOR VEHICLE IN TRANSPORT,"04 SIDESWIPE, SAME DIRECTION",06 CHANGING LANES,OTHER CONTRIBUTING ACTION,NO CONTRIBUTING ACTION,00 NOT CODED,00 NOT CODED,00 NOT CODED,00 NOT CODED,01 NO,0,0,0,0,2,0,2,2,N,N,Y,N,Y,N,N,N,N,N,N,N,N,N,N,N,N,N,N,N,N,N,N,N,N,N,26.11780338,-80.16855055,583128.1545,2888995.458,R,,ARBM15Q1R2,26-Feb-22,1310224,-8924322.523,3013679.319
2.01291E+12,2012,914173930,12028918,CITY POLICE DEPARTMENT,04 FOURTH,BROWARD,11-Mar-12,806,MONDAY,8638 FT. LAUDERDALE,1038,Y,SR 84,I 95,0.019,W,0,0,26.0881175,-80.169159,86080000,17.652,3536,SR 84,,R RIGHT,1 THRU LANE 1,E EAST,40 URBAN ONE WAY,03 STATE,01 NON-JUNCTION,01 ON ROADWAY,01 NOT AT INTERSECTION,03 CURB,41,20-Mar-96,16 URBAN MINOR ART,36,RAISED CURB,16,,0,,0,,29500,RCI,6.1,,45,1 NO INJURY,31 Q/C COMPLETED - LOC VERIFIED,0 NO,06 BRIDGE,01 DAYLIGHT,02 CLOUDY,01 DRY,01 LEVEL,1 STRAIGHT,ONE-WAY TRAFFICWAY,ONE-WAY TRAFFICWAY,TRAFFIC CONTROL SIGNAL,TRAFFIC CONTROL SIGNAL,3,NONE,NOT CODED,NOT CODED,NONE,NOT CODED,NOT CODED,14 MOTOR VEHICLE IN TRANSPORT,01 FRONT TO REAR,01 STRAIGHT AHEAD,OTHER CONTRIBUTING ACTION,NO CONTRIBUTING ACTION,00 NOT CODED,00 NOT CODED,00 NOT CODED,00 NOT CODED,01 NO,0,0,0,0,2,0,2,4,N,N,N,N,N,N,N,N,N,N,N,N,N,N,N,N,N,N,N,N,N,N,N,N,N,N,26.08806688,-80.16911072,583093.1619,2885701.711,O,,ARBM15Q1R2,26-Feb-22,1310597,-8924384.881,3009993.09
2.01291E+12,2012,914187400,1214136,CITY POLICE DEPARTMENT,04 FOURTH,BROWARD,5-Feb-12,541,MONDAY,8638 FT. LAUDERDALE,1038,Y,SR 84,ANDREWS AV,0,,0,0,26.0926667,-80.1404983,86080000,19.475,113,SR 84,,I INTERSECTION,M MIDDLE,E EAST,30 URBAN 6+LN 2WY DIVD RASD,03 STATE,77 OTHER (SEE NARRATIVE),01 ON ROADWAY,02 FOUR-WAY INTERSECTION,03 CURB,35,11-Jan-12,16 URBAN MINOR ART,33,CURB&GUTTER,2,,0,,0,17,35000,RCI,6.1,,40,1 NO INJURY,31 Q/C COMPLETED - LOC VERIFIED,0 NO,02 AT INTERSECTION,04 DARK-LIGHTED,02 CLOUDY,02 WET,01 LEVEL,1 STRAIGHT,"TWO-WAY, DIVIDED, POSITIVE MED","TWO-WAY, DIVIDED, POSITIVE MED",TRAFFIC CONTROL SIGNAL,TRAFFIC CONTROL SIGNAL,6,NONE,NOT CODED,NOT CODED,NONE,NOT CODED,NOT CODED,14 MOTOR VEHICLE IN TRANSPORT,02 FRONT TO FRONT,03 TURNING LEFT,NO CONTRIBUTING ACTION,OPERATED MV IN CARLESS OR NEGL,00 NOT CODED,00 NOT CODED,00 NOT CODED,00 NOT CODED,01 NO,0,0,0,0,2,0,2,2,N,N,N,Y,N,N,N,N,N,N,N,N,N,N,N,N,N,N,N,N,N,N,N,N,N,N,26.09265457,-80.14050978,585950.1794,2886228.366,R,,ARBM15Q1R2,26-Feb-22,1310598,-8921201.038,3010561.733
2.01283E+12,2012,832123300,FHPL12OFF057195,FLORIDA HIGHWAY PATROL,04 FOURTH,BROWARD,15-Sep-12,1103,SUNDAY,8638 FT. LAUDERDALE,1038,Y,SR 862,SR 7,0.25,E,26.0841833,-80.1924783,26.0840281,-80.1990942,86095000,8.553,4072,SR 862,I 595,L LEFT,2 THRU LANE 2,W WEST,01 INTERSTATE URBAN,01 INTERSTATE,01 NON-JUNCTION,04 MEDIAN,01 NOT AT INTERSECTION,01 PAVED,30,3-Jun-08,11 URBAN PRIN ART INT.,36,PAVED WARN,10,VALLEY GUTR,3,,0,65,184000,RCI,4.6,1D00,65,1 NO INJURY,31 Q/C COMPLETED - LOC VERIFIED,0 NO,01 NOT AT INTERSECTION/RRX/BRIDGE,01 DAYLIGHT,03 RAIN,02 WET,04 DOWNHILL,1 STRAIGHT,"TWO-WAY, DIVIDED, POSITIVE MED","TWO-WAY, DIVIDED, POSITIVE MED",NO CONTROLS,NO CONTROLS,7,NONE,NOT CODED,NOT CODED,WEATHER CONDITIONS,NOT CODED,NOT CODED,30 CONCRETE TRAFFIC BARRIER,77 OTHER (SEE NARRATIVE),01 STRAIGHT AHEAD,NO CONTRIBUTING ACTION,NO CONTRIBUTING ACTION,00 NOT CODED,00 NOT CODED,00 NOT CODED,00 NOT CODED,01 NO,0,0,0,0,2,0,2,3,N,N,N,N,Y,N,N,N,N,N,N,N,N,N,N,N,N,N,N,N,N,N,N,N,N,N,26.08436142,-80.19894197,580112.2851,2885272.639,L,,ARBM15Q1R2,26-Feb-22,1310617,-8927705.682,3009533.814
2.01284E+12,2012,836391680,12129428,CITY POLICE DEPARTMENT,04 FOURTH,BROWARD,13-Nov-12,1242,WEDNESDAY,8638 FT. LAUDERDALE,1038,Y,SUNRISE BLVD,I 95,0.038,E,0,0,26.1364406,-80.1690967,86110000,6.107,3395,SR 838,,L LEFT,3 THRU LANE 3,W WEST,30 URBAN 6+LN 2WY DIVD RASD,03 STATE,01 NON-JUNCTION,01 ON ROADWAY,01 NOT AT INTERSECTION,03 CURB,32,9-Jul-12,14 URBAN PRIN ART OTHER,36,PAVED,3,RAISED CURB,0,,0,41,63000,RCI,5.5,,40,1 NO INJURY,31 Q/C COMPLETED - LOC VERIFIED,0 NO,06 BRIDGE,01 DAYLIGHT,01 CLEAR,01 DRY,03 UPHILL,1 STRAIGHT,"TWO-WAY, DIVIDED, POSITIVE MED","TWO-WAY, DIVIDED, POSITIVE MED",NO CONTROLS,NO CONTROLS,6,NONE,NOT CODED,NOT CODED,UNKNOWN,NOT CODED,NOT CODED,14 MOTOR VEHICLE IN TRANSPORT,77 OTHER (SEE NARRATIVE),77 OTHER (SEE NARRATIVE),OTHER CONTRIBUTING ACTION,OTHER CONTRIBUTING ACTION,00 NOT CODED,00 NOT CODED,00 NOT CODED,00 NOT CODED,01 NO,0,0,0,0,3,0,3,3,N,N,N,N,N,N,N,N,N,N,N,N,N,N,N,N,N,N,N,N,N,N,N,N,N,N,26.13663522,-80.16886732,583083.1587,2891080.935,L,,ARBM15Q1R2,26-Feb-22,1310618,-8924357.786,3016014.259
2.01284E+12,2012,836020230,12111749,CITY POLICE DEPARTMENT,04 FOURTH,BROWARD,30-Sep-12,1311,MONDAY,8638 FT. LAUDERDALE,1038,Y,SR 838,13TH AVE NW,0.003,E,0,0,26.1364955,-80.1589426,86110000,6.738,397,SR 838,,R RIGHT,3 THRU LANE 3,E EAST,30 URBAN 6+LN 2WY DIVD RASD,03 STATE,04 DRIVEWAY/ALLEY ACCESS RELATED,01 ON ROADWAY,01 NOT AT INTERSECTION,03 CURB,32,9-Jul-12,14 URBAN PRIN ART OTHER,33,PAVED,3,CURB&GUTTER,2,,0,16,63000,RCI,5.5,,40,2 POSSIBLE INJURY,31 Q/C COMPLETED - LOC VERIFIED,0 NO,04 DRIVEWAY ACCESS,01 DAYLIGHT,02 CLOUDY,01 DRY,01 LEVEL,1 STRAIGHT,"TWO-WAY, DIVIDED, POSITIVE MED","TWO-WAY, DIVIDED, POSITIVE MED",NO CONTROLS,NO CONTROLS,6,NONE,NOT CODED,NOT CODED,NONE,NOT CODED,NOT CODED,14 MOTOR VEHICLE IN TRANSPORT,01 FRONT TO REAR,01 STRAIGHT AHEAD,FOLLOWED TOO CLOSELY,NO CONTRIBUTING ACTION,00 NOT CODED,00 NOT CODED,00 NOT CODED,00 NOT CODED,01 NO,1,0,0,0,2,0,2,2,N,N,N,N,N,N,N,N,N,N,N,N,N,N,N,N,N,N,N,N,N,N,N,N,N,N,26.13648249,-80.15867037,584102.6384,2891070.574,R,,ARBM15Q1R2,26-Feb-22,1310619,-8923222.666,3015995.319
2.01291E+12,2012,914190020,1214435,CITY POLICE DEPARTMENT,04 FOURTH,BROWARD,5-Feb-12,2141,MONDAY,8638 FT. LAUDERDALE,1038,Y,SUNRISE BLVD,15TH AVE NW L,0.004,E,0,0,26.1365238,-80.1621284,86110000,6.54,395,SR 838,,L LEFT,1 THRU LANE 1,W WEST,30 URBAN 6+LN 2WY DIVD RASD,03 STATE,01 NON-JUNCTION,01 ON ROADWAY,01 NOT AT INTERSECTION,03 CURB,32,9-Jul-12,14 URBAN PRIN ART OTHER,33,PAVED,3,CURB&GUTTER,2,,0,16,63000,RCI,5.5,,40,2 POSSIBLE INJURY,31 Q/C COMPLETED - LOC VERIFIED,0 NO,02 AT INTERSECTION,04 DARK-LIGHTED,01 CLEAR,01 DRY,01 LEVEL,1 STRAIGHT,"TWO-WAY, DIVIDED, POSITIVE MED","TWO-WAY, DIVIDED, POSITIVE MED",TRAFFIC CONTROL SIGNAL,TRAFFIC CONTROL SIGNAL,6,NONE,NOT CODED,NOT CODED,NONE,NOT CODED,NOT CODED,14 MOTOR VEHICLE IN TRANSPORT,01 FRONT TO REAR,01 STRAIGHT AHEAD,OTHER CONTRIBUTING ACTION,OTHER CONTRIBUTING ACTION,00 NOT CODED,00 NOT CODED,00 NOT CODED,00 NOT CODED,01 NO,1,0,0,0,3,0,3,3,N,N,N,Y,N,N,N,N,N,N,N,N,N,N,N,N,N,N,N,N,Y,Y,Y,N,N,N,26.13664488,-80.16187696,583781.9645,2891086.49,L,,ARBM15Q1R2,26-Feb-22,1310620,-8923579.623,3016015.456