Crash Id,Calendar Year,FDOT Crash Number,Reporting Agency Case Number,Reporting Agency Type,FDOT Managing District,County Name,Crash Date,Crash Time,Day,DHSMV City,Crash Report City Code,In Town,On Roadway Name,Int Roadway Name,Reference Distance (Miles),Reference Direction,Officer Latitude,Officer Longitude,FDOT Latitude,FDOT Longitude,FDOT Roadway,Nearest Inventory MP,Nearest Node From Crash,State Road #,US Highway,Crash Side of Road,Accident Lane Number,Travel Direction Vehicle 1,FDOT Road Category,DHSMV Road System Id,Relation to Junction,Crash Harmful Event Location,Intersection Type,Shoulder Type,FDOT Roadway SKID Test Result,FDOT Roadway SKID Test Date,Functional Class,RCI Surface Width,RCI Shoulder Type First,RCI Shoulder Width First,RCI Shoulder Type Second,RCI Shoulder Width Second,RCI Shoulder Type Third,RCI Shoulder Width Third,RCI Median Width,Avg Daily Traffic,AADT Source,RCI Avg Per Truck Traffic,RCI Horiz Curve Condition,Posted Speed Limit,Highest Injury in Crash,CAR Status Code,Alcohols/Drug Involved,Site Location,Lighting,Weather,Road Surface,Roadway Grade,Roadway Alignment,Traffic Way Vehicle 1,Traffic Way Vehicle 2,Traffic Control Vehicle 1,Traffic Control Vehicle 2,Count of Lanes,Road Condition 1,Road Condition 2,Road Condition 3,Environment Condition 1,Environment Condition 2,Environment Condition 3,Crash Harmful Event,Manner of Collision,Vehicle Movement,Driver Action Vehicle 1,Driver Action Vehicle 2,Location Within Workzone,Type of Workzone,Workers Present in Workzone,Law Enforcement Present in Workzone,School Bus Related,Count of Nonfatal Injuries,Count of Traffic Fatalities,Count of Serious Injuries,Count of Pedestrians,Count of Drivers,Count of Bicyclists,Count of Vehicles,Count of Persons,Wrong Way,Workzone Inv,Commercial Vehicle Inv,Intersection Inv,Lane Departure,Speeding,Agressive Driving,Impaired Driver,Impaired Pedestrian,Impaired Bicyclist,Distracted Driver,Speeding or Aggressive Driving,Pedestrian Related,Bicyclist Related,Pedestrian or Bicyclist Related,Motorcycle Inv,No Belt,No Belt - Ages 1-4,No Belt - Ages 5-12,No Belt - Ages 13-17,Driver - Ages Teen,Driver - Ages 65 plus,Driver - Ages 65-69,Driver - Ages 70-74,Driver - Ages 75-79,Driver - Ages 80 plus,ARBM Latitude,ARBM Longitude,UTM Zone 17N X,UTM Zone 17N Y,ARBM Side of Road,Urban Rural Indicator,GIS Street Source,Extract Date,OBJECTID,x,y
2.01284E+12,2012,835821800,12095343,CITY POLICE DEPARTMENT,04 FOURTH,BROWARD,20-Aug-12,1500,TUESDAY,8638 FT. LAUDERDALE,1038,Y,SR 5,HOLY CROSS HOSPITAL,0,,0,0,26.1854901,-80.1174145,86020000,5.427,1396,SR 5,US 1,L LEFT,C CROSSWALK,E EAST,30 URBAN 6+LN 2WY DIVD RASD,02 U.S.,04 DRIVEWAY/ALLEY ACCESS RELATED,88 UNKNOWN,77 OTHER (SEE NARRATIVE),03 CURB,36,31-Jan-11,14 URBAN PRIN ART OTHER,33,PAVED,3,CURB&GUTTER,2,,0,20,43500,RCI,3.4,,45,2 POSSIBLE INJURY,31 Q/C COMPLETED - LOC VERIFIED,0 NO,02 AT INTERSECTION,01 DAYLIGHT,01 CLEAR,01 DRY,01 LEVEL,1 STRAIGHT,ONE-WAY TRAFFICWAY,,TRAFFIC CONTROL SIGNAL,NOT CODED,6,NONE,NOT CODED,NOT CODED,NONE,NOT CODED,NOT CODED,11 PEDALCYCLE,03 ANGLE,14 SLOWING,RAN RED LIGHT,NOT CODED,00 NOT CODED,00 NOT CODED,00 NOT CODED,00 NOT CODED,01 NO,1,0,0,0,1,1,1,2,N,N,N,Y,N,N,N,N,N,N,N,N,N,Y,Y,N,N,N,N,N,N,N,N,N,N,N,26.18556845,-80.11753581,588177.8869,2896534.304,L,,ARBM15Q1R2,26-Feb-22,64616,-8918643.588,3022083.198
2.01291E+12,2012,913813680,129981,CITY POLICE DEPARTMENT,04 FOURTH,BROWARD,25-Jan-12,2108,THURSDAY,8638 FT. LAUDERDALE,1038,Y,OCEAN BLVD,33RD ST NE,0.002,S,0,0,26.169023,-80.1001439,86050000,5.489,786,SR A1A,,L LEFT,2 THRU LANE 2,S SOUTH,30 URBAN 6+LN 2WY DIVD RASD,03 STATE,01 NON-JUNCTION,01 ON ROADWAY,01 NOT AT INTERSECTION,03 CURB,48,24-Jul-12,16 URBAN MINOR ART,33,CURB&GUTTER,2,,0,,0,17,30000,RCI,4.6,,35,2 POSSIBLE INJURY,31 Q/C COMPLETED - LOC VERIFIED,0 NO,02 AT INTERSECTION,04 DARK-LIGHTED,01 CLEAR,01 DRY,01 LEVEL,1 STRAIGHT,"TWO-WAY, DIVIDED, POSITIVE MED",,STOP SIGN,NOT CODED,6,WORK ZONE (CONST/MNT/UTLTY)NTE,NOT CODED,NOT CODED,NONE,NOT CODED,NOT CODED,11 PEDALCYCLE,03 ANGLE,01 STRAIGHT AHEAD,NO CONTRIBUTING ACTION,NOT CODED,03 TRANSITION AREA,01 LANE CLOSURE,01 NO,01 NO,01 NO,1,0,0,0,1,1,1,4,N,Y,N,Y,N,N,N,N,N,N,N,N,N,Y,Y,N,N,N,N,N,N,N,N,N,N,N,26.16908594,-80.10029061,589913.8014,2894720.614,L,,ARBM15Q1R2,26-Feb-22,64651,-8916723.86,3020038.671
2.01284E+12,2012,835823790,1298875,CITY POLICE DEPARTMENT,04 FOURTH,BROWARD,29-Aug-12,1232,THURSDAY,8638 FT. LAUDERDALE,1038,Y,SR 845,57TH PL NW R,0,,0,0,26.1989088,-80.1555472,86065000,4.301,2645,SR 845,,R RIGHT,S SIDE OF ROAD,W WEST,30 URBAN 6+LN 2WY DIVD RASD,03 STATE,02 INTERSECTION,01 ON ROADWAY,03 T-INTERSECTION,03 CURB,40,9-Mar-12,14 URBAN PRIN ART OTHER,32,CURB&GUTTER,2,,0,,0,19,33500,RCI,5.9,,45,3 NO-INCAPACITATING INJURY,31 Q/C COMPLETED - LOC VERIFIED,0 NO,02 AT INTERSECTION,01 DAYLIGHT,01 CLEAR,01 DRY,01 LEVEL,1 STRAIGHT,"TWO-WAY, DIVIDED, UNPROTECTED",,STOP SIGN,NOT CODED,6,NONE,NOT CODED,NOT CODED,PHYSICAL OBSTRUCTION(S),NOT CODED,NOT CODED,11 PEDALCYCLE,03 ANGLE,15 NEGOTIATING A CURVE,OTHER CONTRIBUTING ACTION,NOT CODED,00 NOT CODED,00 NOT CODED,00 NOT CODED,00 NOT CODED,01 NO,1,0,0,0,1,1,1,2,N,N,N,Y,N,N,N,N,N,N,N,N,N,Y,Y,N,N,N,N,N,N,N,N,N,N,N,26.19885685,-80.15552526,584372.1443,2897980.8,R,,ARBM15Q1R2,26-Feb-22,64974,-8922872.555,3023731.729
2.01291E+12,2012,913842300,12004657,CITY POLICE DEPARTMENT,04 FOURTH,BROWARD,11-Jan-12,2144,THURSDAY,8638 FT. LAUDERDALE,1038,Y,SR 5,16TH ST SE,0,,0,0,26.1012108,-80.1367361,86010000,8.867,1325,SR 5,US 1,R RIGHT,2 THRU LANE 2,N NORTH,30 URBAN 6+LN 2WY DIVD RASD,03 STATE,01 NON-JUNCTION,01 ON ROADWAY,01 NOT AT INTERSECTION,03 CURB,41,25-May-10,14 URBAN PRIN ART OTHER,32,CURB&GUTTER,2,,0,,0,29,39000,RCI,2.8,,40,5 FATAL(WITHIN 30 DAYS) INJURY,31 Q/C COMPLETED - LOC VERIFIED,1 ALC,01 NOT AT INTERSECTION/RRX/BRIDGE,04 DARK-LIGHTED,01 CLEAR,01 DRY,01 LEVEL,1 STRAIGHT,"TWO-WAY, DIVIDED, POSITIVE MED",,NO CONTROLS,NOT CODED,6,NONE,NOT CODED,NOT CODED,NONE,NOT CODED,NOT CODED,10 PEDESTRIAN,77 OTHER (SEE NARRATIVE),01 STRAIGHT AHEAD,NO CONTRIBUTING ACTION,NOT CODED,00 NOT CODED,00 NOT CODED,00 NOT CODED,00 NOT CODED,01 NO,0,1,0,1,1,0,1,4,N,N,N,N,N,N,N,N,N,N,N,N,Y,N,Y,N,N,N,N,N,N,Y,N,N,N,Y,26.10121882,-80.1367278,586322.1133,2887179.383,R,,ARBM15Q1R2,26-Feb-22,65133,-8920780.03,3011623.33
2.01291E+12,2012,914173050,12015456,CITY POLICE DEPARTMENT,04 FOURTH,BROWARD,8-Feb-12,1220,THURSDAY,8638 FT. LAUDERDALE,1038,Y,14TH AVE NW,BROWARD BLVD,0,,0,0,26.1218913,-80.1594849,86006000,5.783,464,SR 842,,S SIDE RD RIGHT,C CROSSWALK,W WEST,30 URBAN 6+LN 2WY DIVD RASD,03 STATE,01 NON-JUNCTION,01 ON ROADWAY,02 FOUR-WAY INTERSECTION,03 CURB,35,21-Oct-09,14 URBAN PRIN ART OTHER,32,PAVED,4,CURB&GUTTER,2,,0,16,78000,RCI,5.4,,40,1 NO INJURY,31 Q/C COMPLETED - LOC VERIFIED,0 NO,02 AT INTERSECTION,01 DAYLIGHT,03 RAIN,02 WET,01 LEVEL,1 STRAIGHT,"TWO-WAY, DIVIDED, POSITIVE MED",,TRAFFIC CONTROL SIGNAL,NOT CODED,6,NONE,NOT CODED,NOT CODED,NONE,NOT CODED,NOT CODED,11 PEDALCYCLE,03 ANGLE,03 TURNING LEFT,OTHER CONTRIBUTING ACTION,NOT CODED,00 NOT CODED,00 NOT CODED,00 NOT CODED,00 NOT CODED,01 NO,0,0,0,0,1,1,1,2,N,N,N,Y,N,N,N,N,N,N,N,N,N,Y,Y,N,N,N,N,N,N,N,N,N,N,N,26.12187507,-80.15945537,584034.6165,2889452.251,R,,ARBM15Q1R2,26-Feb-22,65163,-8923310.052,3014184.131
2.01291E+12,2012,914174210,1221942,CITY POLICE DEPARTMENT,04 FOURTH,BROWARD,24-Feb-12,141,SATURDAY,8638 FT. LAUDERDALE,1038,Y,SR 84,9TH AVE SW,0,,0,0,26.0923903,-80.1528235,86080000,18.709,105,SR 84,,R RIGHT,2 THRU LANE 2,E EAST,30 URBAN 6+LN 2WY DIVD RASD,03 STATE,03 INTERSECTION-RELATED,01 ON ROADWAY,02 FOUR-WAY INTERSECTION,03 CURB,33,11-Jan-12,16 URBAN MINOR ART,33,CURB&GUTTER,2,,0,,0,80,44500,RCI,11.1,1D0000,40,3 NO-INCAPACITATING INJURY,31 Q/C COMPLETED - LOC VERIFIED,1 ALC,02 AT INTERSECTION,04 DARK-LIGHTED,01 CLEAR,01 DRY,01 LEVEL,1 STRAIGHT,"TWO-WAY, DIVIDED, POSITIVE MED",,NO CONTROLS,NOT CODED,7,NONE,NOT CODED,NOT CODED,NONE,NOT CODED,NOT CODED,11 PEDALCYCLE,03 ANGLE,01 STRAIGHT AHEAD,NO CONTRIBUTING ACTION,NOT CODED,00 NOT CODED,00 NOT CODED,00 NOT CODED,00 NOT CODED,01 NO,1,0,0,0,1,1,1,2,N,N,N,Y,N,N,N,N,N,N,N,N,N,Y,Y,N,N,N,N,N,N,N,N,N,N,N,26.09237122,-80.15280765,584720.5239,2886188.928,R,,ARBM15Q1R2,26-Feb-22,65674,-8922570.031,3010526.611
2.01284E+12,2012,835829120,12108789,CITY POLICE DEPARTMENT,04 FOURTH,BROWARD,23-Sep-12,643,MONDAY,8638 FT. LAUDERDALE,1038,Y,NW 15TH AVE,NW 11TH PL,0,E,0,0,26.139446,-80.162192,86000281,0.201,,,,I INTERSECTION,M MIDDLE,S SOUTH,,05 LOCAL,02 INTERSECTION,01 ON ROADWAY,02 FOUR-WAY INTERSECTION,01 PAVED,0,31-Dec-00,,,,0,,0,,0,,,RCI,0,,,3 NO-INCAPACITATING INJURY,33 Q/C VERIFIED AS OFF-SYSTEM,0 NO,02 AT INTERSECTION,05 DARK-NOT LIGHTED,01 CLEAR,01 DRY,01 LEVEL,1 STRAIGHT,"TWO-WAY, NOT DIVIDED",,NO CONTROLS,NOT CODED,,NONE,NOT CODED,NOT CODED,NONE,NOT CODED,NOT CODED,10 PEDESTRIAN,88 UNKNOWN,01 STRAIGHT AHEAD,NO CONTRIBUTING ACTION,NOT CODED,00 NOT CODED,00 NOT CODED,00 NOT CODED,00 NOT CODED,01 NO,1,0,0,1,1,0,1,2,N,N,N,Y,N,N,N,N,N,N,N,N,Y,N,Y,N,N,N,N,N,N,N,N,N,N,N,26.13944522,-80.16218732,583748.9408,2891396.436,C,U,ARBM15Q1R2,26-Feb-22,67761,-8923614.172,3016362.699
2.01291E+12,2012,914190750,12019104,CITY POLICE DEPARTMENT,04 FOURTH,BROWARD,17-Feb-12,808,SATURDAY,8638 FT. LAUDERDALE,1038,Y,NE 26TH AVE,NE 49TH ST,0,E,0,0,26.188744,-80.110513,86A14021,0.206,,,,,,S SOUTH,,05 LOCAL,02 INTERSECTION,01 ON ROADWAY,02 FOUR-WAY INTERSECTION,02 UNPAVED,0,31-Dec-00,,,,0,,0,,0,,,RCI,0,,,3 NO-INCAPACITATING INJURY,33 Q/C VERIFIED AS OFF-SYSTEM,0 NO,02 AT INTERSECTION,01 DAYLIGHT,01 CLEAR,01 DRY,01 LEVEL,1 STRAIGHT,"TWO-WAY, NOT DIVIDED",,NO CONTROLS,NOT CODED,,NONE,NOT CODED,NOT CODED,NONE,NOT CODED,NOT CODED,14 MOTOR VEHICLE IN TRANSPORT,03 ANGLE,14 SLOWING,NO CONTRIBUTING ACTION,NOT CODED,00 NOT CODED,00 NOT CODED,00 NOT CODED,00 NOT CODED,01 NO,1,0,0,0,1,1,1,3,N,N,N,Y,N,N,N,N,N,N,N,N,N,Y,Y,N,N,N,N,N,N,N,N,N,N,N,26.18874257,-80.11051545,588877.0037,2896890.64,R,U,ARBM15Q1R2,26-Feb-22,67883,-8917862.084,3022476.956
2.01291E+12,2012,914173760,12034615,CITY POLICE DEPARTMENT,04 FOURTH,BROWARD,24-Mar-12,1038,SUNDAY,8638 FT. LAUDERDALE,1038,Y,SE 3RD AVE,SE 9TH ST,0,N,0,0,26.111286,-80.140152,86170500,0.719,,,,,,E EAST,,05 LOCAL,02 INTERSECTION,02 OFF ROADWAY,02 FOUR-WAY INTERSECTION,03 CURB,0,31-Dec-00,,,,0,,0,,0,,,RCI,0,,,3 NO-INCAPACITATING INJURY,33 Q/C VERIFIED AS OFF-SYSTEM,0 NO,02 AT INTERSECTION,01 DAYLIGHT,01 CLEAR,01 DRY,01 LEVEL,1 STRAIGHT,"TWO-WAY, NOT DIVIDED",,STOP SIGN,NOT CODED,,NONE,NOT CODED,NOT CODED,NONE,NOT CODED,NOT CODED,10 PEDESTRIAN,77 OTHER (SEE NARRATIVE),01 STRAIGHT AHEAD,OTHER CONTRIBUTING ACTION,NOT CODED,00 NOT CODED,00 NOT CODED,00 NOT CODED,00 NOT CODED,01 NO,1,0,0,0,1,1,1,2,N,N,N,Y,N,N,N,N,N,N,N,N,N,Y,Y,N,N,N,N,N,N,Y,N,N,N,Y,26.11128609,-80.14014735,585972.7991,2888292.101,C,U,ARBM15Q1R2,26-Feb-22,67964,-8921160.692,3012871.335
2.01283E+12,2012,828230600,FHPL12OFF055342,FLORIDA HIGHWAY PATROL,04 FOURTH,BROWARD,7-Sep-12,51,SATURDAY,8638 FT. LAUDERDALE,1038,Y,SR 9,19TH ST NW,0.057,N,26.152505,-80.1668766,26.1521749,-80.1671929,86070000,12.406,5185,SR 9,I 95,R RIGHT,6 THRU LANE 6,N NORTH,01 INTERSTATE URBAN,01 INTERSTATE,01 NON-JUNCTION,01 ON ROADWAY,01 NOT AT INTERSECTION,01 PAVED,36,2-Dec-08,11 URBAN PRIN ART INT.,64,PAVED WARN,8,VALLEY GUTR,3,,0,27,262000,RCI,6.8,,65,4 INCAPACITATING INJURY,31 Q/C COMPLETED - LOC VERIFIED,1 ALC,01 NOT AT INTERSECTION/RRX/BRIDGE,04 DARK-LIGHTED,01 CLEAR,01 DRY,04 DOWNHILL,1 STRAIGHT,"TWO-WAY, DIVIDED, POSITIVE MED",,TRAFFIC CONTROL SIGNAL,NOT CODED,10,NONE,NOT CODED,NOT CODED,NONE,NOT CODED,NOT CODED,10 PEDESTRIAN,77 OTHER (SEE NARRATIVE),01 STRAIGHT AHEAD,NO CONTRIBUTING ACTION,NOT CODED,00 NOT CODED,00 NOT CODED,00 NOT CODED,00 NOT CODED,01 NO,1,0,1,1,1,0,1,2,N,N,N,N,N,N,N,N,N,N,N,N,Y,N,Y,N,N,N,N,N,N,N,N,N,N,N,26.15214413,-80.16718576,583240.2588,2892799.67,R,,ARBM15Q1R2,26-Feb-22,80982,-8924170.596,3017937.474
2.01291E+12,2012,914192810,12057515,CITY POLICE DEPARTMENT,04 FOURTH,BROWARD,18-May-12,1952,SATURDAY,8638 FT. LAUDERDALE,1038,Y,CORTEZ ST,ATLANTIC BLVD,0,,0,0,26.1217039,-80.1042293,86050000,2.21,749,SR A1A,,T SIDE RD LEFT,L LEFT TURN,E EAST,40 URBAN ONE WAY,03 STATE,01 NON-JUNCTION,01 ON ROADWAY,03 T-INTERSECTION,03 CURB,43,24-Jul-12,16 URBAN MINOR ART,21,PAVED,4,CURB&GUTTER,2,,0,,12500,RCI,10.5,,30,2 POSSIBLE INJURY,31 Q/C COMPLETED - LOC VERIFIED,0 NO,02 AT INTERSECTION,04 DARK-LIGHTED,02 CLOUDY,02 WET,01 LEVEL,1 STRAIGHT,"TWO-WAY, NOT DIVIDED",,STOP SIGN,NOT CODED,2,NONE,NOT CODED,NOT CODED,NONE,NOT CODED,NOT CODED,11 PEDALCYCLE,03 ANGLE,03 TURNING LEFT,FAILED TO YIELD RIGHT-OF-WAY,NOT CODED,00 NOT CODED,00 NOT CODED,00 NOT CODED,00 NOT CODED,01 NO,1,0,0,0,1,1,1,2,N,N,N,Y,N,N,N,N,N,N,N,N,N,Y,Y,N,N,N,N,N,N,N,N,N,N,N,26.12171208,-80.10422219,589557.0235,2889471.043,O,,ARBM15Q1R2,26-Feb-22,81113,-8917161.521,3014163.924
2.01291E+12,2012,914182440,12045280,CITY POLICE DEPARTMENT,04 FOURTH,BROWARD,18-Apr-12,1738,THURSDAY,8638 FT. LAUDERDALE,1038,Y,SR A1A,SEVILLA ST,0,,0,0,26.1258296,-80.1035656,86050000,2.497,754,SR A1A,,R RIGHT,C CROSSWALK,N NORTH,40 URBAN ONE WAY,03 STATE,02 INTERSECTION,01 ON ROADWAY,03 T-INTERSECTION,03 CURB,43,24-Jul-12,16 URBAN MINOR ART,21,PAVED,4,CURB&GUTTER,2,,0,,12500,RCI,10.5,,30,2 POSSIBLE INJURY,31 Q/C COMPLETED - LOC VERIFIED,0 NO,02 AT INTERSECTION,01 DAYLIGHT,01 CLEAR,01 DRY,01 LEVEL,1 STRAIGHT,"TWO-WAY, DIVIDED, POSITIVE MED",,YIELD SIGN,NOT CODED,2,NONE,NOT CODED,NOT CODED,NONE,NOT CODED,NOT CODED,10 PEDESTRIAN,03 ANGLE,01 STRAIGHT AHEAD,FAILED TO YIELD RIGHT-OF-WAY,NOT CODED,00 NOT CODED,00 NOT CODED,00 NOT CODED,00 NOT CODED,01 NO,1,0,0,1,1,0,1,2,N,N,N,Y,N,N,N,N,N,N,N,N,Y,N,Y,N,N,N,N,N,N,N,N,N,N,N,26.12583926,-80.10357907,589618.1746,2889928.587,C,,ARBM15Q1R2,26-Feb-22,81114,-8917089.929,3014675.633
2.01291E+12,2012,914191710,1251017,CITY POLICE DEPARTMENT,04 FOURTH,BROWARD,2-May-12,1635,THURSDAY,8638 FT. LAUDERDALE,1038,Y,POWERLINE RD,11TH ST NW R,0.002,S,0,0,26.1383314,-80.1539108,86065000,0.123,2623,SR 845,,R RIGHT,2 THRU LANE 2,N NORTH,30 URBAN 6+LN 2WY DIVD RASD,03 STATE,01 NON-JUNCTION,01 ON ROADWAY,01 NOT AT INTERSECTION,03 CURB,41,9-Mar-12,14 URBAN PRIN ART OTHER,33,CURB&GUTTER,2,,0,,0,16,20100,RCI,4.8,,40,3 NO-INCAPACITATING INJURY,31 Q/C COMPLETED - LOC VERIFIED,0 NO,02 AT INTERSECTION,01 DAYLIGHT,01 CLEAR,01 DRY,01 LEVEL,1 STRAIGHT,"TWO-WAY, DIVIDED, POSITIVE MED",,NO CONTROLS,NOT CODED,6,NONE,NOT CODED,NOT CODED,NONE,NOT CODED,NOT CODED,11 PEDALCYCLE,03 ANGLE,01 STRAIGHT AHEAD,NO CONTRIBUTING ACTION,NOT CODED,00 NOT CODED,00 NOT CODED,00 NOT CODED,00 NOT CODED,01 NO,1,0,0,0,1,1,1,2,N,N,N,Y,N,N,N,N,N,N,N,N,N,Y,Y,N,N,N,N,N,N,N,N,N,N,N,26.13825551,-80.15388334,584579.913,2891270.046,R,,ARBM15Q1R2,26-Feb-22,81640,-8922689.776,3016215.174
2.01291E+12,2012,914174320,12019432,CITY POLICE DEPARTMENT,04 FOURTH,BROWARD,17-Feb-12,2356,SATURDAY,8638 FT. LAUDERDALE,1038,Y,SR A1A,CORTEZ ST,0.006,N,0,0,26.1217904,-80.104217,86050000,2.216,749,SR A1A,,R RIGHT,2 THRU LANE 2,N NORTH,40 URBAN ONE WAY,03 STATE,01 NON-JUNCTION,01 ON ROADWAY,01 NOT AT INTERSECTION,01 PAVED,43,24-Jul-12,16 URBAN MINOR ART,21,PAVED,4,CURB&GUTTER,2,,0,,12500,RCI,10.5,,30,1 NO INJURY,31 Q/C COMPLETED - LOC VERIFIED,1 ALC,02 AT INTERSECTION,04 DARK-LIGHTED,01 CLEAR,01 DRY,01 LEVEL,1 STRAIGHT,"TWO-WAY, NOT DIVIDED",,NO CONTROLS,NOT CODED,2,NONE,NOT CODED,NOT CODED,NONE,NOT CODED,NOT CODED,10 PEDESTRIAN,01 FRONT TO REAR,01 STRAIGHT AHEAD,NO CONTRIBUTING ACTION,NOT CODED,00 NOT CODED,00 NOT CODED,00 NOT CODED,00 NOT CODED,01 NO,0,0,0,1,1,0,1,2,N,N,N,Y,N,N,N,N,N,N,N,N,Y,N,Y,N,N,N,N,N,N,N,N,N,N,N,26.12179855,-80.10421018,589558.1577,2889480.627,O,,ARBM15Q1R2,26-Feb-22,81784,-8917160.185,3014174.644
2.01291E+12,2012,913824970,12002528,CITY POLICE DEPARTMENT,04 FOURTH,BROWARD,6-Jan-12,1346,SATURDAY,8638 FT. LAUDERDALE,1038,Y,ATLANTIC BLVD,WINDAMAR ST,0,,0,0,26.1304183,-80.1033262,86050000,2.813,759,SR A1A,,L LEFT,2 THRU LANE 2,S SOUTH,20 URBAN 4-5LN 2WY DIVD RASD,03 STATE,02 INTERSECTION,01 ON ROADWAY,03 T-INTERSECTION,03 CURB,43,24-Jul-12,16 URBAN MINOR ART,21,PAVED,4,CURB&GUTTER,2,,0,14,29500,RCI,2.2,,30,2 POSSIBLE INJURY,31 Q/C COMPLETED - LOC VERIFIED,0 NO,02 AT INTERSECTION,01 DAYLIGHT,01 CLEAR,01 DRY,01 LEVEL,1 STRAIGHT,ONE-WAY TRAFFICWAY,,NO CONTROLS,NOT CODED,4,NONE,NOT CODED,NOT CODED,NONE,NOT CODED,NOT CODED,11 PEDALCYCLE,03 ANGLE,05 TURNING RIGHT,FAILED TO YIELD RIGHT-OF-WAY,NOT CODED,00 NOT CODED,00 NOT CODED,00 NOT CODED,00 NOT CODED,01 NO,1,0,0,1,1,0,1,2,N,N,N,Y,N,N,N,N,N,N,N,N,Y,N,Y,N,N,N,N,N,N,N,N,N,N,N,26.130426,-80.10336791,589635.785,2890436.732,C,,ARBM15Q1R2,26-Feb-22,81791,-8917066.423,3015244.343
2.01291E+12,2012,914183140,12037777,CITY POLICE DEPARTMENT,04 FOURTH,BROWARD,31-Mar-12,2300,SUNDAY,8638 FT. LAUDERDALE,1038,Y,ATLANTIC BLVD,30TH ST NE,0,,0,0,26.1653271,-80.1007075,86050000,5.229,784,SR A1A,,L LEFT,2 THRU LANE 2,E EAST,20 URBAN 4-5LN 2WY DIVD RASD,03 STATE,01 NON-JUNCTION,01 ON ROADWAY,01 NOT AT INTERSECTION,01 PAVED,39,24-Jul-12,16 URBAN MINOR ART,20,PAVED,4,CURB&GUTTER,2,,0,19,27500,RCI,3,,35,3 NO-INCAPACITATING INJURY,31 Q/C COMPLETED - LOC VERIFIED,0 NO,02 AT INTERSECTION,04 DARK-LIGHTED,01 CLEAR,01 DRY,01 LEVEL,1 STRAIGHT,"TWO-WAY, DIVIDED, UNPROTECTED",,TRAFFIC CONTROL SIGNAL,NOT CODED,4,NONE,NOT CODED,NOT CODED,NONE,NOT CODED,NOT CODED,10 PEDESTRIAN,77 OTHER (SEE NARRATIVE),10 MAKING U-TURN,FAILED TO YIELD RIGHT-OF-WAY,NOT CODED,00 NOT CODED,00 NOT CODED,00 NOT CODED,00 NOT CODED,01 NO,1,0,0,1,1,0,1,2,N,N,N,Y,N,N,N,N,N,N,Y,N,Y,N,Y,N,N,N,N,N,N,N,N,N,N,N,26.16534042,-80.10084965,589860.8007,2894305.394,L,,ARBM15Q1R2,26-Feb-22,81793,-8916786.092,3019574.11
2.01291E+12,2012,914183690,1220813,CITY POLICE DEPARTMENT,04 FOURTH,BROWARD,21-Feb-12,1113,WEDNESDAY,8638 FT. LAUDERDALE,1038,Y,POWERLINE RD,11TH ST NW R,0.004,S,0,0,26.1383019,-80.1539095,86065000,0.121,2623,SR 845,,R RIGHT,2 THRU LANE 2,N NORTH,30 URBAN 6+LN 2WY DIVD RASD,05 LOCAL,88 UNKNOWN,01 ON ROADWAY,01 NOT AT INTERSECTION,03 CURB,41,9-Mar-12,14 URBAN PRIN ART OTHER,33,CURB&GUTTER,2,,0,,0,16,20100,RCI,4.8,,40,2 POSSIBLE INJURY,31 Q/C COMPLETED - LOC VERIFIED,0 NO,01 NOT AT INTERSECTION/RRX/BRIDGE,01 DAYLIGHT,01 CLEAR,01 DRY,01 LEVEL,1 STRAIGHT,"TWO-WAY, DIVIDED, UNPROTECTED",,OTHER (SEE NARRATIVE),NOT CODED,6,NONE,NOT CODED,NOT CODED,NONE,NOT CODED,NOT CODED,14 MOTOR VEHICLE IN TRANSPORT,01 FRONT TO REAR,01 STRAIGHT AHEAD,NO CONTRIBUTING ACTION,NOT CODED,00 NOT CODED,00 NOT CODED,00 NOT CODED,00 NOT CODED,01 NO,1,0,0,1,1,0,1,2,N,N,N,N,N,N,N,N,N,N,N,N,Y,N,Y,N,N,N,N,N,N,N,N,N,N,N,26.13822652,-80.15388189,584580.0787,2891266.837,R,,ARBM15Q1R2,26-Feb-22,81804,-8922689.615,3016211.58
2.01284E+12,2012,836021950,12114975,CITY POLICE DEPARTMENT,04 FOURTH,BROWARD,8-Oct-12,555,TUESDAY,8638 FT. LAUDERDALE,1038,Y,SR A1A,30TH ST NE,0,,0,0,26.1653271,-80.1007075,86050000,5.229,784,SR A1A,,R RIGHT,C CROSSWALK,N NORTH,20 URBAN 4-5LN 2WY DIVD RASD,03 STATE,02 INTERSECTION,01 ON ROADWAY,02 FOUR-WAY INTERSECTION,03 CURB,39,24-Jul-12,16 URBAN MINOR ART,20,PAVED,4,CURB&GUTTER,2,,0,19,27500,RCI,3,,35,1 NO INJURY,31 Q/C COMPLETED - LOC VERIFIED,0 NO,02 AT INTERSECTION,01 DAYLIGHT,02 CLOUDY,01 DRY,01 LEVEL,1 STRAIGHT,"TWO-WAY, NOT DIV, W/CONT LTURN",,TRAFFIC CONTROL SIGNAL,NOT CODED,4,NONE,NOT CODED,NOT CODED,NONE,NOT CODED,NOT CODED,10 PEDESTRIAN,03 ANGLE,01 STRAIGHT AHEAD,NO CONTRIBUTING ACTION,NOT CODED,00 NOT CODED,00 NOT CODED,00 NOT CODED,00 NOT CODED,01 NO,0,0,0,1,1,0,1,2,N,N,N,Y,N,N,N,N,N,N,N,N,Y,N,Y,N,N,N,N,N,N,N,N,N,N,N,26.16533774,-80.10069437,589876.3226,2894305.204,R,,ARBM15Q1R2,26-Feb-22,81910,-8916768.806,3019573.776