Crash Id,Calendar Year,FDOT Crash Number,Reporting Agency Case Number,Reporting Agency Type,FDOT Managing District,County Name,Crash Date,Crash Time,Day,DHSMV City,Crash Report City Code,In Town,On Roadway Name,Int Roadway Name,Reference Distance (Miles),Reference Direction,Officer Latitude,Officer Longitude,FDOT Latitude,FDOT Longitude,FDOT Roadway,Nearest Inventory MP,Nearest Node From Crash,State Road #,US Highway,Crash Side of Road,Accident Lane Number,Travel Direction Vehicle 1,FDOT Road Category,DHSMV Road System Id,Relation to Junction,Crash Harmful Event Location,Intersection Type,Shoulder Type,FDOT Roadway SKID Test Result,FDOT Roadway SKID Test Date,Functional Class,RCI Surface Width,RCI Shoulder Type First,RCI Shoulder Width First,RCI Shoulder Type Second,RCI Shoulder Width Second,RCI Shoulder Type Third,RCI Shoulder Width Third,RCI Median Width,Avg Daily Traffic,AADT Source,RCI Avg Per Truck Traffic,RCI Horiz Curve Condition,Posted Speed Limit,Highest Injury in Crash,CAR Status Code,Alcohols/Drug Involved,Site Location,Lighting,Weather,Road Surface,Roadway Grade,Roadway Alignment,Traffic Way Vehicle 1,Traffic Way Vehicle 2,Traffic Control Vehicle 1,Traffic Control Vehicle 2,Count of Lanes,Road Condition 1,Road Condition 2,Road Condition 3,Environment Condition 1,Environment Condition 2,Environment Condition 3,Crash Harmful Event,Manner of Collision,Vehicle Movement,Driver Action Vehicle 1,Driver Action Vehicle 2,Location Within Workzone,Type of Workzone,Workers Present in Workzone,Law Enforcement Present in Workzone,School Bus Related,Count of Nonfatal Injuries,Count of Traffic Fatalities,Count of Serious Injuries,Count of Pedestrians,Count of Drivers,Count of Bicyclists,Count of Vehicles,Count of Persons,Wrong Way,Workzone Inv,Commercial Vehicle Inv,Intersection Inv,Lane Departure,Speeding,Agressive Driving,Impaired Driver,Impaired Pedestrian,Impaired Bicyclist,Distracted Driver,Speeding or Aggressive Driving,Pedestrian Related,Bicyclist Related,Pedestrian or Bicyclist Related,Motorcycle Inv,No Belt,No Belt - Ages 1-4,No Belt - Ages 5-12,No Belt - Ages 13-17,Driver - Ages Teen,Driver - Ages 65 plus,Driver - Ages 65-69,Driver - Ages 70-74,Driver - Ages 75-79,Driver - Ages 80 plus,ARBM Latitude,ARBM Longitude,UTM Zone 17N X,UTM Zone 17N Y,ARBM Side of Road,Urban Rural Indicator,GIS Street Source,Extract Date,OBJECTID,x,y
2.01284E+12,2012,836392910,12134660,CITY POLICE DEPARTMENT,04 FOURTH,BROWARD,27-Nov-12,1908,WEDNESDAY,8638 FT. LAUDERDALE,1038,Y,FRONTAGE RD,23RD TERR SW,0.038,E,0,0,26.087479,-80.1718634,86080003,0.074,6142,SR 84,,L LEFT,1 THRU LANE 1,U UNNWN,08 RAMP RURAL,05 LOCAL,88 UNKNOWN,01 ON ROADWAY,01 NOT AT INTERSECTION,03 CURB,0,31-Dec-00,14 URBAN PRIN ART OTHER,15,PAVED,7,,0,,0,,,RCI,0,,,5 FATAL(WITHIN 30 DAYS) INJURY,31 Q/C COMPLETED - LOC VERIFIED,0 NO,04 DRIVEWAY ACCESS,04 DARK-LIGHTED,01 CLEAR,01 DRY,01 LEVEL,1 STRAIGHT,UNKNOWN,,UNKNOWN,NOT CODED,1,NONE,NOT CODED,NOT CODED,NONE,NOT CODED,NOT CODED,14 MOTOR VEHICLE IN TRANSPORT,77 OTHER (SEE NARRATIVE),88 UNKNOWN,OTHER CONTRIBUTING ACTION,NOT CODED,00 NOT CODED,00 NOT CODED,00 NOT CODED,00 NOT CODED,01 NO,0,1,0,0,1,1,1,2,N,N,N,N,N,N,N,N,N,N,N,N,N,Y,Y,N,N,N,N,N,N,N,N,N,N,N,26.08742717,-80.17206255,582798.4007,2885628.982,O,,ARBM15Q1R2,26-Feb-22,119947,-8924713.478,3009913.799
2.01284E+12,2012,835822630,12096572,CITY POLICE DEPARTMENT,04 FOURTH,BROWARD,23-Aug-12,1412,FRIDAY,8638 FT. LAUDERDALE,1038,Y,SR 838,ANDREWS AVE,0,,0,0,26.1367656,-80.1442667,86110000,7.65,414,SR 838,,R RIGHT,1 THRU LANE 1,E EAST,30 URBAN 6+LN 2WY DIVD RASD,03 STATE,02 INTERSECTION,01 ON ROADWAY,02 FOUR-WAY INTERSECTION,03 CURB,35,9-Jul-12,14 URBAN PRIN ART OTHER,32,PAVED,3,CURB&GUTTER,2,,0,16,42500,RCI,5.5,,40,4 INCAPACITATING INJURY,31 Q/C COMPLETED - LOC VERIFIED,0 NO,02 AT INTERSECTION,01 DAYLIGHT,02 CLOUDY,01 DRY,01 LEVEL,1 STRAIGHT,"TWO-WAY, DIVIDED, UNPROTECTED","TWO-WAY, DIVIDED, UNPROTECTED",TRAFFIC CONTROL SIGNAL,TRAFFIC CONTROL SIGNAL,6,NONE,NOT CODED,NOT CODED,NONE,NOT CODED,NOT CODED,14 MOTOR VEHICLE IN TRANSPORT,77 OTHER (SEE NARRATIVE),01 STRAIGHT AHEAD,RAN RED LIGHT,NO CONTRIBUTING ACTION,00 NOT CODED,00 NOT CODED,00 NOT CODED,00 NOT CODED,01 NO,2,0,1,1,3,0,3,4,N,N,N,Y,N,N,N,N,N,N,Y,N,Y,N,Y,N,N,N,N,N,N,Y,N,Y,N,N,26.13675902,-80.14395739,585573.2717,2891110.798,R,,ARBM15Q1R2,26-Feb-22,120706,-8921584.824,3016029.609
2.01284E+12,2012,836029980,12129496,CITY POLICE DEPARTMENT,04 FOURTH,BROWARD,13-Nov-12,1731,WEDNESDAY,8638 FT. LAUDERDALE,1038,Y,SUNRISE BLVD,24TH AVE NW,0.08,E,0,0,26.1364411,-80.1731711,86110000,5.854,3394,SR 838,,R RIGHT,S SIDE OF ROAD,W WEST,30 URBAN 6+LN 2WY DIVD RASD,03 STATE,02 INTERSECTION,01 ON ROADWAY,77 OTHER (SEE NARRATIVE),03 CURB,35,9-Jul-12,14 URBAN PRIN ART OTHER,35,CURB&GUTTER,2,,0,,0,16,55000,RCI,4.2,,45,4 INCAPACITATING INJURY,31 Q/C COMPLETED - LOC VERIFIED,0 NO,04 DRIVEWAY ACCESS,02 DUSK,01 CLEAR,01 DRY,04 DOWNHILL,1 STRAIGHT,"TWO-WAY, DIVIDED, POSITIVE MED",,NO CONTROLS,NOT CODED,6,NONE,NOT CODED,NOT CODED,NONE,NOT CODED,NOT CODED,11 PEDALCYCLE,77 OTHER (SEE NARRATIVE),05 TURNING RIGHT,FAILED TO YIELD RIGHT-OF-WAY,NOT CODED,00 NOT CODED,00 NOT CODED,00 NOT CODED,00 NOT CODED,01 NO,1,0,1,0,1,1,1,2,N,N,N,N,N,N,N,N,N,N,N,N,N,Y,Y,N,N,N,N,N,N,N,N,N,N,N,26.13643522,-80.17293328,582676.833,2891056.194,R,,ARBM15Q1R2,26-Feb-22,120709,-8924810.407,3015989.459
2.01283E+12,2012,832127280,FHPL12OFF065909,FLORIDA HIGHWAY PATROL,04 FOURTH,BROWARD,25-Oct-12,45,FRIDAY,8638 FT. LAUDERDALE,1038,Y,SR 9,SR 838,0.25,N,26.13913,-80.1696149,26.1402375,-80.1693279,86070000,11.559,1890,SR 9,I 95,L LEFT,5 THRU LANE 5,S SOUTH,01 INTERSTATE URBAN,01 INTERSTATE,18 THROUGH ROADWAY,01 ON ROADWAY,01 NOT AT INTERSECTION,01 PAVED,36,2-Dec-08,11 URBAN PRIN ART INT.,64,PAVED WARN,10,LAWN,12,,0,27,262000,RCI,6.8,,65,3 NO-INCAPACITATING INJURY,31 Q/C COMPLETED - LOC VERIFIED,0 NO,01 NOT AT INTERSECTION/RRX/BRIDGE,04 DARK-LIGHTED,03 RAIN,02 WET,01 LEVEL,1 STRAIGHT,ONE-WAY TRAFFICWAY,,NO CONTROLS,NOT CODED,10,NONE,NOT CODED,NOT CODED,NONE,NOT CODED,NOT CODED,10 PEDESTRIAN,77 OTHER (SEE NARRATIVE),01 STRAIGHT AHEAD,NO CONTRIBUTING ACTION,NOT CODED,00 NOT CODED,00 NOT CODED,00 NOT CODED,00 NOT CODED,01 NO,1,0,0,1,1,0,1,2,N,N,N,N,N,N,N,N,N,N,N,N,Y,N,Y,N,N,N,N,N,N,N,N,N,N,N,26.14017326,-80.16957044,583010.3663,2891472.334,L,,ARBM15Q1R2,26-Feb-22,121877,-8924436.058,3016452.978
2.01291E+12,2012,914172180,1283679,CITY POLICE DEPARTMENT,04 FOURTH,BROWARD,22-Jul-12,1207,MONDAY,8638 FT. LAUDERDALE,1038,Y,POWERLINE RD,11TH ST NW R,0,,0,0,26.1383604,-80.1539119,86065000,0.125,2623,SR 845,,R RIGHT,1 THRU LANE 1,U UNNWN,30 URBAN 6+LN 2WY DIVD RASD,03 STATE,03 INTERSECTION-RELATED,01 ON ROADWAY,03 T-INTERSECTION,03 CURB,41,9-Mar-12,14 URBAN PRIN ART OTHER,33,CURB&GUTTER,2,,0,,0,16,20100,RCI,4.8,,40,4 INCAPACITATING INJURY,31 Q/C COMPLETED - LOC VERIFIED,0 NO,02 AT INTERSECTION,01 DAYLIGHT,01 CLEAR,01 DRY,01 LEVEL,1 STRAIGHT,"TWO-WAY, DIVIDED, POSITIVE MED",,NO CONTROLS,NOT CODED,6,NONE,NOT CODED,NOT CODED,PHYSICAL OBSTRUCTION(S),NOT CODED,NOT CODED,11 PEDALCYCLE,03 ANGLE,03 TURNING LEFT,NO CONTRIBUTING ACTION,NOT CODED,00 NOT CODED,00 NOT CODED,00 NOT CODED,00 NOT CODED,01 NO,1,0,1,0,1,1,1,2,N,N,N,Y,N,N,N,N,N,N,N,N,N,Y,Y,N,N,N,N,N,N,N,N,N,N,N,26.1382845,-80.15388479,584579.7472,2891273.256,R,,ARBM15Q1R2,26-Feb-22,122021,-8922689.938,3016218.768
2.01284E+12,2012,836021010,12110808,CITY POLICE DEPARTMENT,04 FOURTH,BROWARD,27-Sep-12,2235,FRIDAY,8638 FT. LAUDERDALE,1038,Y,13TH ST NW,1ST AVE NW,0.019,W,0,0,26.2441212,-80.12256,86170000,7.834,1148,SR 811,,R RIGHT,1 THRU LANE 1,E EAST,21 URBAN 4-5LN 2WY DIVD PAVD,05 LOCAL,01 NON-JUNCTION,01 ON ROADWAY,01 NOT AT INTERSECTION,03 CURB,37,9-Mar-12,16 URBAN MINOR ART,24,PAVED,4,CURB&GUTTER,2,,0,12,23000,RCI,6.8,,35,2 POSSIBLE INJURY,31 Q/C COMPLETED - LOC VERIFIED,0 NO,03 INFLUENCED BY INTERSECTION,04 DARK-LIGHTED,01 CLEAR,01 DRY,01 LEVEL,1 STRAIGHT,"TWO-WAY, NOT DIV, W/CONT LTURN","TWO-WAY, NOT DIV, W/CONT LTURN",NO CONTROLS,NO CONTROLS,4,UNKNOWN,NOT CODED,NOT CODED,ALL OTHER (SEE NARRTIVE),NOT CODED,NOT CODED,14 MOTOR VEHICLE IN TRANSPORT,"04 SIDESWIPE, SAME DIRECTION",77 OTHER (SEE NARRATIVE),SWERVED OR AVOIDED:  DUE TO WI,OTHER CONTRIBUTING ACTION,00 NOT CODED,00 NOT CODED,00 NOT CODED,00 NOT CODED,01 NO,1,0,0,0,2,1,2,5,N,N,N,Y,N,N,N,N,N,N,N,N,N,Y,Y,N,Y,N,N,N,N,N,N,N,N,N,26.24406667,-80.12251744,587636.252,2903009.897,R,,ARBM15Q1R2,26-Feb-22,129273,-8919198.14,3029341.779
2.01284E+12,2012,836028280,12124787,CITY POLICE DEPARTMENT,04 FOURTH,BROWARD,1-Nov-12,1912,FRIDAY,8638 FT. LAUDERDALE,1038,Y,17TH ST SE,15TH AVE SE L,0,,0,0,26.1003762,-80.1274996,86180000,0.576,694,SR A1A,,L LEFT,2 THRU LANE 2,W WEST,30 URBAN 6+LN 2WY DIVD RASD,04 COUNTY,01 NON-JUNCTION,01 ON ROADWAY,01 NOT AT INTERSECTION,03 CURB,39,24-Jul-12,16 URBAN MINOR ART,35,CURB&GUTTER,2,,0,,0,18,41000,RCI,4.3,,35,3 NO-INCAPACITATING INJURY,31 Q/C COMPLETED - LOC VERIFIED,0 NO,02 AT INTERSECTION,04 DARK-LIGHTED,01 CLEAR,01 DRY,01 LEVEL,1 STRAIGHT,"TWO-WAY, DIVIDED, UNPROTECTED",,NO CONTROLS,NOT CODED,6,NONE,NOT CODED,NOT CODED,NONE,NOT CODED,NOT CODED,10 PEDESTRIAN,77 OTHER (SEE NARRATIVE),01 STRAIGHT AHEAD,NO CONTRIBUTING ACTION,NOT CODED,00 NOT CODED,00 NOT CODED,00 NOT CODED,00 NOT CODED,01 NO,1,0,0,1,1,0,1,3,N,N,N,Y,N,N,N,N,N,N,N,N,Y,N,Y,N,N,N,N,N,N,N,N,N,N,N,26.10050371,-80.12757373,587238.0396,2887106.282,L,,ARBM15Q1R2,26-Feb-22,130250,-8919761.004,3011534.683
2.01291E+12,2012,914174600,12022879,CITY POLICE DEPARTMENT,04 FOURTH,BROWARD,26-Feb-12,1310,MONDAY,8638 FT. LAUDERDALE,1038,Y,MIAMI RD,17TH ST SE,0,,0,0,26.1002628,-80.1342496,86180000,0.157,691,SR A1A,,T SIDE RD LEFT,1 THRU LANE 1,N NORTH,30 URBAN 6+LN 2WY DIVD RASD,05 LOCAL,02 INTERSECTION,01 ON ROADWAY,03 T-INTERSECTION,03 CURB,39,24-Jul-12,16 URBAN MINOR ART,36,CURB&GUTTER,2,,0,,0,17,56500,RCI,5.1,,35,3 NO-INCAPACITATING INJURY,31 Q/C COMPLETED - LOC VERIFIED,0 NO,02 AT INTERSECTION,01 DAYLIGHT,01 CLEAR,01 DRY,01 LEVEL,1 STRAIGHT,"TWO-WAY, DIVIDED, POSITIVE MED",,STOP SIGN,NOT CODED,6,NONE,NOT CODED,NOT CODED,NONE,NOT CODED,NOT CODED,11 PEDALCYCLE,03 ANGLE,05 TURNING RIGHT,FAILED TO YIELD RIGHT-OF-WAY,NOT CODED,01 BEFORE THE FIRST WARNING SIGN,77 OTHER (SEE NARRATIVE),88 UNKNOWN,01 NO,01 NO,1,0,0,0,1,1,1,2,N,Y,N,Y,N,N,N,N,N,N,N,N,N,Y,Y,N,N,N,N,N,N,N,N,N,N,N,26.10038377,-80.13432631,586562.8735,2887088.493,L,,ARBM15Q1R2,26-Feb-22,130253,-8920512.698,3011519.816
2.01291E+12,2012,913841980,12002853,CITY POLICE DEPARTMENT,04 FOURTH,BROWARD,7-Jan-12,1157,SUNDAY,8638 FT. LAUDERDALE,1038,Y,SR 816,CORAL SHORES DR,0,,0,0,26.1670123,-80.1217353,86090000,8.394,582,SR 816,,R RIGHT,3 THRU LANE 3,N NORTH,30 URBAN 6+LN 2WY DIVD RASD,03 STATE,02 INTERSECTION,01 ON ROADWAY,03 T-INTERSECTION,03 CURB,37,9-Jul-12,14 URBAN PRIN ART OTHER,32,CURB&GUTTER,2,,0,,0,19,35500,RCI,4.8,,35,2 POSSIBLE INJURY,31 Q/C COMPLETED - LOC VERIFIED,0 NO,02 AT INTERSECTION,01 DAYLIGHT,01 CLEAR,01 DRY,01 LEVEL,1 STRAIGHT,"TWO-WAY, NOT DIVIDED",,STOP SIGN,NOT CODED,6,NONE,NOT CODED,NOT CODED,NONE,NOT CODED,NOT CODED,18 OTHER NON-FIXED OBJECT,77 OTHER (SEE NARRATIVE),05 TURNING RIGHT,FAILED TO YIELD RIGHT-OF-WAY,NOT CODED,00 NOT CODED,00 NOT CODED,00 NOT CODED,00 NOT CODED,01 NO,1,0,0,0,1,1,1,3,N,N,N,Y,N,N,N,N,N,N,N,N,N,Y,Y,N,N,N,N,N,N,Y,Y,N,N,N,26.1669911,-80.12167782,587777.9025,2894473.974,R,,ARBM15Q1R2,26-Feb-22,130815,-8919104.674,3019778.843
2.01283E+12,2012,831702770,FHPL12OFF061442,FLORIDA HIGHWAY PATROL,04 FOURTH,BROWARD,4-Oct-12,1703,FRIDAY,8638 FT. LAUDERDALE,1038,Y,SR 862,I 95,0.095,E,26.0820499,-80.1666216,26.0817436,-80.1667611,86095000,10.58,4083,SR 862,I 595,L LEFT,1 THRU LANE 1,W WEST,01 INTERSTATE URBAN,01 INTERSTATE,18 THROUGH ROADWAY,01 ON ROADWAY,01 NOT AT INTERSECTION,01 PAVED,36,21-Oct-09,11 URBAN PRIN ART INT.,24,PAVED WARN,10,LAWN,12,,0,60,98500,RCI,22,0D12,65,4 INCAPACITATING INJURY,31 Q/C COMPLETED - LOC VERIFIED,0 NO,01 NOT AT INTERSECTION/RRX/BRIDGE,01 DAYLIGHT,01 CLEAR,01 DRY,01 LEVEL,1 STRAIGHT,"TWO-WAY, DIVIDED, POSITIVE MED",,NO CONTROLS,NOT CODED,5,NONE,NOT CODED,NOT CODED,NONE,NOT CODED,NOT CODED,11 PEDALCYCLE,77 OTHER (SEE NARRATIVE),01 STRAIGHT AHEAD,NO CONTRIBUTING ACTION,NOT CODED,00 NOT CODED,00 NOT CODED,00 NOT CODED,00 NOT CODED,01 NO,1,0,1,0,1,1,1,3,N,N,N,N,N,N,N,N,N,N,N,N,N,Y,Y,N,N,N,N,N,N,Y,N,Y,N,N,26.08198428,-80.16658747,583349.8196,2885029.661,L,,ARBM15Q1R2,26-Feb-22,132222,-8924103.994,3009239.187
2.01291E+12,2012,913813890,12008831,CITY POLICE DEPARTMENT,04 FOURTH,BROWARD,23-Jan-12,632,TUESDAY,8638 FT. LAUDERDALE,1038,Y,SUNRISE BLVD,ANDREWS AVE,0,,0,0,26.1367656,-80.1442667,86110000,7.65,414,SR 838,,L LEFT,1 THRU LANE 1,W WEST,30 URBAN 6+LN 2WY DIVD RASD,03 STATE,01 NON-JUNCTION,01 ON ROADWAY,02 FOUR-WAY INTERSECTION,03 CURB,35,9-Jul-12,14 URBAN PRIN ART OTHER,32,PAVED,3,CURB&GUTTER,2,,0,16,42500,RCI,5.5,,40,3 NO-INCAPACITATING INJURY,31 Q/C COMPLETED - LOC VERIFIED,0 NO,02 AT INTERSECTION,04 DARK-LIGHTED,01 CLEAR,01 DRY,01 LEVEL,1 STRAIGHT,"TWO-WAY, DIVIDED, UNPROTECTED",,TRAFFIC CONTROL SIGNAL,NOT CODED,6,NONE,NOT CODED,NOT CODED,NONE,NOT CODED,NOT CODED,11 PEDALCYCLE,03 ANGLE,03 TURNING LEFT,NO CONTRIBUTING ACTION,NOT CODED,00 NOT CODED,00 NOT CODED,00 NOT CODED,00 NOT CODED,01 NO,1,0,0,1,1,0,1,2,N,N,N,Y,N,N,N,N,N,N,N,N,Y,N,Y,N,N,N,N,N,N,N,N,N,N,N,26.13689009,-80.14396426,585572.4885,2891125.31,L,,ARBM15Q1R2,26-Feb-22,132899,-8921585.59,3016045.862
2.01284E+12,2012,836021990,12114834,CITY POLICE DEPARTMENT,04 FOURTH,BROWARD,8-Oct-12,1230,TUESDAY,8638 FT. LAUDERDALE,1038,Y,17TH ST NE,US 1,0.002,W,0,0,26.1497972,-80.1195592,86020000,2.85,1379,SR 5,US 1,T SIDE RD LEFT,C CROSSWALK,E EAST,30 URBAN 6+LN 2WY DIVD RASD,05 LOCAL,01 NON-JUNCTION,01 ON ROADWAY,01 NOT AT INTERSECTION,02 UNPAVED,34,31-Jan-11,14 URBAN PRIN ART OTHER,33,PAVED,3,CURB&GUTTER,2,,0,21,53000,RCI,4.2,1D0000,45,2 POSSIBLE INJURY,31 Q/C COMPLETED - LOC VERIFIED,0 NO,02 AT INTERSECTION,01 DAYLIGHT,01 CLEAR,01 DRY,01 LEVEL,1 STRAIGHT,"TWO-WAY, NOT DIVIDED",,NO CONTROLS,NOT CODED,6,NONE,NOT CODED,NOT CODED,ALL OTHER (SEE NARRTIVE),NOT CODED,NOT CODED,10 PEDESTRIAN,77 OTHER (SEE NARRATIVE),14 SLOWING,OTHER CONTRIBUTING ACTION,NOT CODED,00 NOT CODED,00 NOT CODED,00 NOT CODED,00 NOT CODED,01 NO,1,0,0,1,1,0,1,2,N,N,N,Y,N,N,N,N,N,N,N,N,Y,N,Y,N,N,N,N,N,N,N,N,N,N,N,26.14989664,-80.11968383,587990.0134,2892582.04,L,,ARBM15Q1R2,26-Feb-22,143148,-8918882.704,3017658.753
2.01291E+12,2012,914193820,12061333,CITY POLICE DEPARTMENT,04 FOURTH,BROWARD,28-May-12,1051,TUESDAY,8638 FT. LAUDERDALE,1038,Y,SR 838,16TH AVE NE,0,,0,0,26.1372196,-80.1277858,86020000,1.56,1366,SR 5,US 1,L LEFT,S SIDE OF ROAD,S SOUTH,30 URBAN 6+LN 2WY DIVD RASD,03 STATE,02 INTERSECTION,01 ON ROADWAY,03 T-INTERSECTION,03 CURB,36,31-Jan-11,14 URBAN PRIN ART OTHER,35,CURB&GUTTER,2,,0,,0,16,47500,RCI,4.4,,35,3 NO-INCAPACITATING INJURY,31 Q/C COMPLETED - LOC VERIFIED,0 NO,02 AT INTERSECTION,01 DAYLIGHT,02 CLOUDY,01 DRY,01 LEVEL,1 STRAIGHT,"TWO-WAY, DIVIDED, POSITIVE MED",,STOP SIGN,NOT CODED,6,NONE,NOT CODED,NOT CODED,NONE,NOT CODED,NOT CODED,11 PEDALCYCLE,03 ANGLE,05 TURNING RIGHT,OTHER CONTRIBUTING ACTION,NOT CODED,00 NOT CODED,00 NOT CODED,00 NOT CODED,00 NOT CODED,01 NO,1,0,0,0,1,1,1,2,N,N,N,Y,N,N,N,N,N,N,N,N,N,Y,Y,N,N,N,N,N,N,N,N,N,N,N,26.13734311,-80.1279875,587169.3238,2891186.095,L,,ARBM15Q1R2,26-Feb-22,143151,-8919807.064,3016102.036
2.01291E+12,2012,914191430,12045187,CITY POLICE DEPARTMENT,04 FOURTH,BROWARD,18-Apr-12,1323,THURSDAY,8638 FT. LAUDERDALE,1038,Y,US 1,COMMERCIAL BLVD,0,,0,0,26.1894848,-80.1148567,86020000,5.745,1399,SR 5,US 1,I INTERSECTION,M MIDDLE,S SOUTH,30 URBAN 6+LN 2WY DIVD RASD,02 U.S.,02 INTERSECTION,01 ON ROADWAY,02 FOUR-WAY INTERSECTION,03 CURB,36,31-Jan-11,14 URBAN PRIN ART OTHER,33,PAVED,3,CURB&GUTTER,2,,0,30,43500,RCI,3.4,0D2700,45,4 INCAPACITATING INJURY,31 Q/C COMPLETED - LOC VERIFIED,0 NO,02 AT INTERSECTION,01 DAYLIGHT,01 CLEAR,01 DRY,01 LEVEL,1 STRAIGHT,"TWO-WAY, DIVIDED, POSITIVE MED",,TRAFFIC CONTROL SIGNAL,NOT CODED,6,NONE,NOT CODED,NOT CODED,NONE,NOT CODED,NOT CODED,11 PEDALCYCLE,03 ANGLE,05 TURNING RIGHT,IMPROPER TURN,NOT CODED,00 NOT CODED,00 NOT CODED,00 NOT CODED,00 NOT CODED,01 NO,1,0,1,0,1,1,1,2,N,N,N,Y,N,N,N,N,N,N,Y,N,N,Y,Y,N,N,N,N,N,N,N,N,N,N,N,26.18943209,-80.1148632,588442.0363,2896964.039,R,,ARBM15Q1R2,26-Feb-22,143572,-8918346.073,3022562.494
2.01291E+12,2012,914180500,1228362,CITY POLICE DEPARTMENT,04 FOURTH,BROWARD,9-Mar-12,2109,SATURDAY,8638 FT. LAUDERDALE,1038,Y,4TH ST NE,FEDERAL HWY,0.004,W,0,0,26.1261721,-80.1373323,86020000,0.258,1351,SR 5,US 1,T SIDE RD LEFT,1 THRU LANE 1,W WEST,30 URBAN 6+LN 2WY DIVD RASD,02 U.S.,03 INTERSECTION-RELATED,01 ON ROADWAY,02 FOUR-WAY INTERSECTION,02 UNPAVED,36,31-Jan-11,14 URBAN PRIN ART OTHER,32,CURB&GUTTER,2,,0,,0,19,43000,RCI,5.4,,35,4 INCAPACITATING INJURY,31 Q/C COMPLETED - LOC VERIFIED,0 NO,02 AT INTERSECTION,04 DARK-LIGHTED,01 CLEAR,01 DRY,01 LEVEL,1 STRAIGHT,"TWO-WAY, DIVIDED, UNPROTECTED",,TRAFFIC CONTROL SIGNAL,NOT CODED,6,NONE,NOT CODED,NOT CODED,NONE,NOT CODED,NOT CODED,11 PEDALCYCLE,77 OTHER (SEE NARRATIVE),01 STRAIGHT AHEAD,NO CONTRIBUTING ACTION,NOT CODED,00 NOT CODED,00 NOT CODED,00 NOT CODED,00 NOT CODED,01 NO,1,0,1,0,1,1,1,2,N,N,N,Y,N,N,N,N,N,N,N,N,N,Y,Y,N,N,N,N,N,N,Y,N,N,N,Y,26.12616622,-80.13744642,586231.9421,2889941.91,L,,ARBM15Q1R2,26-Feb-22,143707,-8920860.027,3014716.172
2.01212E+12,2012,121095640,1249090,CITY POLICE DEPARTMENT,04 FOURTH,BROWARD,28-Apr-12,129,SUNDAY,8638 FT. LAUDERDALE,1038,Y,SEABREEZE BLVD,POINSETTIA ST,0.033,N,0,0,26.1212257,-80.1058738,86050100,0.348,4687,SR A1A,,R RIGHT,2 THRU LANE 2,S SOUTH,40 URBAN ONE WAY,05 LOCAL,01 NON-JUNCTION,01 ON ROADWAY,01 NOT AT INTERSECTION,01 PAVED,41,24-Jul-12,16 URBAN MINOR ART,20,CURB&GUTTER,2,CURB&GUTTER,2,,0,,14500,RCI,2.2,,30,5 FATAL(WITHIN 30 DAYS) INJURY,31 Q/C COMPLETED - LOC VERIFIED,0 NO,01 NOT AT INTERSECTION/RRX/BRIDGE,04 DARK-LIGHTED,02 CLOUDY,01 DRY,01 LEVEL,1 STRAIGHT,ONE-WAY TRAFFICWAY,,NO CONTROLS,NOT CODED,2,NONE,NOT CODED,NOT CODED,UNKNOWN,NOT CODED,NOT CODED,10 PEDESTRIAN,77 OTHER (SEE NARRATIVE),01 STRAIGHT AHEAD,OTHER CONTRIBUTING ACTION,NOT CODED,00 NOT CODED,00 NOT CODED,00 NOT CODED,00 NOT CODED,01 NO,0,1,0,1,1,0,1,2,N,N,N,N,N,N,N,N,N,N,N,N,Y,N,Y,N,N,N,N,N,N,N,N,N,N,N,26.12128237,-80.10586741,589392.858,2889422.319,O,,ARBM15Q1R2,26-Feb-22,144347,-8917344.666,3014110.647
2.01284E+12,2012,836398110,12144595,CITY POLICE DEPARTMENT,04 FOURTH,BROWARD,22-Dec-12,1859,SUNDAY,8638 FT. LAUDERDALE,1038,Y,SR 84,9TH AVE SW,0.019,W,0,0,26.0922943,-80.15336,86080000,18.675,105,SR 84,,R RIGHT,2 THRU LANE 2,E EAST,30 URBAN 6+LN 2WY DIVD RASD,03 STATE,01 NON-JUNCTION,01 ON ROADWAY,01 NOT AT INTERSECTION,03 CURB,33,11-Jan-12,16 URBAN MINOR ART,33,CURB&GUTTER,2,,0,,0,80,59500,RCI,6.1,1D0000,45,3 NO-INCAPACITATING INJURY,31 Q/C COMPLETED - LOC VERIFIED,1 ALC,01 NOT AT INTERSECTION/RRX/BRIDGE,04 DARK-LIGHTED,01 CLEAR,01 DRY,01 LEVEL,1 STRAIGHT,"TWO-WAY, DIVIDED, POSITIVE MED",,NO CONTROLS,NOT CODED,7,NONE,NOT CODED,NOT CODED,NONE,NOT CODED,NOT CODED,10 PEDESTRIAN,77 OTHER (SEE NARRATIVE),01 STRAIGHT AHEAD,NO CONTRIBUTING ACTION,NOT CODED,00 NOT CODED,00 NOT CODED,00 NOT CODED,00 NOT CODED,01 NO,1,0,0,1,1,0,1,2,N,N,N,N,N,N,N,N,N,N,N,N,Y,N,Y,N,N,N,N,N,N,N,N,N,N,N,26.09228234,-80.15334469,584666.8807,2886178.734,R,,ARBM15Q1R2,26-Feb-22,154000,-8922629.814,3010515.594